{
  "type": "FeatureCollection",
  "name": "angola_contorno_nacional_geo_angola",
  "crs": {
    "type": "name",
    "properties": {
      "name": "urn:ogc:def:crs:OGC:1.3:CRS84"
    }
  },
  "features": [
    {
      "type": "Feature",
      "properties": {
        "shapeGroup": "AGO",
        "shapeISO": "AGO",
        "shapeName": "Angola",
        "shapeType": "ADM0",
        "origem": "geo_angola",
        "proveniencia": "OFICIAL"
      },
      "geometry": {
        "type": "MultiPolygon",
        "coordinates": [
          [
            [
              [
                11.719306946000074,
                -16.51236152599995
              ],
              [
                11.718473435000021,
                -16.51736068699995
              ],
              [
                11.720973016000073,
                -16.520416259999934
              ],
              [
                11.719025612000053,
                -16.529029845999958
              ],
              [
                11.723472595000032,
                -16.539583205999975
              ],
              [
                11.71958255900006,
                -16.54430580099995
              ],
              [
                11.722083092000048,
                -16.548471450999955
              ],
              [
                11.720138550000058,
                -16.55624961899997
              ],
              [
                11.72569465600003,
                -16.56319236799993
              ],
              [
                11.72569465600003,
                -16.56541442899993
              ],
              [
                11.723472595000032,
                -16.571805953999956
              ],
              [
                11.717917442000044,
                -16.579025268999942
              ],
              [
                11.717082024000035,
                -16.58347129799995
              ],
              [
                11.71958255900006,
                -16.584861754999963
              ],
              [
                11.723472595000032,
                -16.591249465999965
              ],
              [
                11.722916604000034,
                -16.594861983999976
              ],
              [
                11.724026680000065,
                -16.595138549999945
              ],
              [
                11.725138665000031,
                -16.602081298999963
              ],
              [
                11.727916718000074,
                -16.605693816999974
              ],
              [
                11.727639198000077,
                -16.607639312999936
              ],
              [
                11.729305268000076,
                -16.608194350999952
              ],
              [
                11.729026795000038,
                -16.61013984699997
              ],
              [
                11.727083207000021,
                -16.61069488499993
              ],
              [
                11.729582788000073,
                -16.618473052999946
              ],
              [
                11.727360726000029,
                -16.63097190899998
              ],
              [
                11.728193283000053,
                -16.64486122099993
              ],
              [
                11.73041534400005,
                -16.647636413999976
              ],
              [
                11.728472711000052,
                -16.66513824499998
              ],
              [
                11.73291778600003,
                -16.672082900999953
              ],
              [
                11.736805917000027,
                -16.674028396999972
              ],
              [
                11.738471985000047,
                -16.680416106999928
              ],
              [
                11.736249924000049,
                -16.69069480899998
              ],
              [
                11.739582063000057,
                -16.69263839699994
              ],
              [
                11.73986244300005,
                -16.695138930999974
              ],
              [
                11.739027978000024,
                -16.698749541999973
              ],
              [
                11.736528398000075,
                -16.70152854899993
              ],
              [
                11.73569393200006,
                -16.70736122099993
              ],
              [
                11.736805917000027,
                -16.709304809999935
              ],
              [
                11.73986244300005,
                -16.709028243999967
              ],
              [
                11.741250038000032,
                -16.710693358999947
              ],
              [
                11.740138054000056,
                -16.71180343599997
              ],
              [
                11.733471870000074,
                -16.709861754999963
              ],
              [
                11.72569465600003,
                -16.703193664999958
              ],
              [
                11.713193894000028,
                -16.68652534499995
              ],
              [
                11.703471184000023,
                -16.666250228999957
              ],
              [
                11.695694924000065,
                -16.642917632999968
              ],
              [
                11.692916870000033,
                -16.639305114999956
              ],
              [
                11.695417405000057,
                -16.639860152999972
              ],
              [
                11.693472863000068,
                -16.638195037999935
              ],
              [
                11.693472863000068,
                -16.63486099199997
              ],
              [
                11.689304352000022,
                -16.627639770999963
              ],
              [
                11.68763828300007,
                -16.61930465699993
              ],
              [
                11.685416222000072,
                -16.617082595999932
              ],
              [
                11.686249734000057,
                -16.615692138999975
              ],
              [
                11.683194160000028,
                -16.604585647999954
              ],
              [
                11.676248551000072,
                -16.585971831999927
              ],
              [
                11.673194885000044,
                -16.58124732999994
              ],
              [
                11.673194885000044,
                -16.57652854899993
              ],
              [
                11.671251298000072,
                -16.575416564999955
              ],
              [
                11.671805383000049,
                -16.57097244299996
              ],
              [
                11.669860841000059,
                -16.56736183199996
              ],
              [
                11.66847324400004,
                -16.552917479999962
              ],
              [
                11.671526909000022,
                -16.535692214999926
              ],
              [
                11.674027444000046,
                -16.53347015399993
              ],
              [
                11.67680454400005,
                -16.526525496999966
              ],
              [
                11.681805612000062,
                -16.52291679399997
              ],
              [
                11.68597221500005,
                -16.516527175999954
              ],
              [
                11.69652652800005,
                -16.50875091599994
              ],
              [
                11.702361107000058,
                -16.507638930999974
              ],
              [
                11.708193779000055,
                -16.510139464999952
              ],
              [
                11.709584236000069,
                -16.50847244299996
              ],
              [
                11.712081910000052,
                -16.50847244299996
              ],
              [
                11.718194962000041,
                -16.51069641099997
              ],
              [
                11.719306946000074,
                -16.51236152599995
              ]
            ]
          ],
          [
            [
              [
                13.33036,
                -16.982671
              ],
              [
                13.301685001000067,
                -16.988362000999928
              ],
              [
                13.284003,
                -16.993469
              ],
              [
                13.272178001000043,
                -16.998771
              ],
              [
                13.267709001000071,
                -16.997939000999963
              ],
              [
                13.257452001000047,
                -16.992637
              ],
              [
                13.250521,
                -16.998498
              ],
              [
                13.245948001000045,
                -16.999982
              ],
              [
                13.239625001000036,
                -16.997015
              ],
              [
                13.238766001000045,
                -16.995537000999946
              ],
              [
                13.240764,
                -16.992428
              ],
              [
                13.236545001000025,
                -16.988061
              ],
              [
                13.232622,
                -16.986285
              ],
              [
                13.222999,
                -16.984915
              ],
              [
                13.20416,
                -16.989320000999953
              ],
              [
                13.201199,
                -16.988801
              ],
              [
                13.197498,
                -16.982768000999954
              ],
              [
                13.199978001000034,
                -16.977883
              ],
              [
                13.199053,
                -16.974219
              ],
              [
                13.187727,
                -16.969777000999954
              ],
              [
                13.18373,
                -16.970148000999927
              ],
              [
                13.17977,
                -16.97322
              ],
              [
                13.176994,
                -16.97296
              ],
              [
                13.169406,
                -16.963522
              ],
              [
                13.164854,
                -16.965336
              ],
              [
                13.153824001000032,
                -16.965003
              ],
              [
                13.151233,
                -16.966706
              ],
              [
                13.143017001000032,
                -16.965225
              ],
              [
                13.128027,
                -16.967409
              ],
              [
                13.106672,
                -16.973145
              ],
              [
                13.100898,
                -16.97558800099995
              ],
              [
                13.097863,
                -16.979215000999943
              ],
              [
                13.09394,
                -16.979956000999948
              ],
              [
                13.090239,
                -16.979882
              ],
              [
                13.083502,
                -16.97581
              ],
              [
                13.064288001000023,
                -16.973056000999975
              ],
              [
                13.049187,
                -16.98071700099996
              ],
              [
                13.037825001000044,
                -16.98105100099997
              ],
              [
                13.032199,
                -16.976979
              ],
              [
                13.027795,
                -16.977201
              ],
              [
                13.018431,
                -16.981865
              ],
              [
                12.984047,
                -16.98205
              ],
              [
                12.97620100100005,
                -16.98945200099996
              ],
              [
                12.968835,
                -16.990081000999965
              ],
              [
                12.966430001000049,
                -16.992524
              ],
              [
                12.966652,
                -16.998335
              ],
              [
                12.962285,
                -17.01003100099996
              ],
              [
                12.946962,
                -17.010142
              ],
              [
                12.94426,
                -17.01295400099997
              ],
              [
                12.94748,
                -17.018321
              ],
              [
                12.944038001000024,
                -17.01983900099998
              ],
              [
                12.937709,
                -17.01858
              ],
              [
                12.914725,
                -17.021948
              ],
              [
                12.907804001000045,
                -17.027722
              ],
              [
                12.902326001000063,
                -17.036827
              ],
              [
                12.890556,
                -17.04534
              ],
              [
                12.877565,
                -17.047597
              ],
              [
                12.872939001000077,
                -17.047042000999966
              ],
              [
                12.872754,
                -17.052594
              ],
              [
                12.871273,
                -17.054741
              ],
              [
                12.872865,
                -17.063031
              ],
              [
                12.871421001000044,
                -17.066695
              ],
              [
                12.862205,
                -17.07239500099996
              ],
              [
                12.84506900100007,
                -17.07713200099994
              ],
              [
                12.843589001000055,
                -17.08076000099993
              ],
              [
                12.836371001000032,
                -17.086829
              ],
              [
                12.825860001000024,
                -17.084609
              ],
              [
                12.823713001000044,
                -17.085386
              ],
              [
                12.81201800100007,
                -17.09885800099994
              ],
              [
                12.805393,
                -17.115661
              ],
              [
                12.796917,
                -17.115736
              ],
              [
                12.790958,
                -17.12014
              ],
              [
                12.779151,
                -17.122657
              ],
              [
                12.770158,
                -17.131502000999944
              ],
              [
                12.757944,
                -17.140274
              ],
              [
                12.744212,
                -17.144567
              ],
              [
                12.739253001000066,
                -17.144827
              ],
              [
                12.73496,
                -17.147343
              ],
              [
                12.733405001000051,
                -17.153635
              ],
              [
                12.715307001000042,
                -17.159631
              ],
              [
                12.714196001000062,
                -17.162111
              ],
              [
                12.71493600100007,
                -17.168662
              ],
              [
                12.713012,
                -17.171882
              ],
              [
                12.706498,
                -17.172807000999967
              ],
              [
                12.699614,
                -17.168995
              ],
              [
                12.696357,
                -17.169217
              ],
              [
                12.688769,
                -17.172511
              ],
              [
                12.684476001000064,
                -17.172770000999947
              ],
              [
                12.680072,
                -17.17639700099994
              ],
              [
                12.677222001000075,
                -17.173548000999972
              ],
              [
                12.673113,
                -17.172548
              ],
              [
                12.66771,
                -17.176471
              ],
              [
                12.665045,
                -17.18169
              ],
              [
                12.647613,
                -17.190355
              ],
              [
                12.644559,
                -17.197267
              ],
              [
                12.632539001000055,
                -17.199405
              ],
              [
                12.631512001000033,
                -17.202847
              ],
              [
                12.626460001000055,
                -17.206178000999955
              ],
              [
                12.61755,
                -17.206566000999942
              ],
              [
                12.611415,
                -17.20945300099993
              ],
              [
                12.606363,
                -17.215893
              ],
              [
                12.606085,
                -17.219558
              ],
              [
                12.608473,
                -17.22597000099995
              ],
              [
                12.605613001000052,
                -17.231577
              ],
              [
                12.60231,
                -17.22894
              ],
              [
                12.598091,
                -17.234381
              ],
              [
                12.595482,
                -17.234964
              ],
              [
                12.590957,
                -17.23174400099998
              ],
              [
                12.582213,
                -17.230689000999973
              ],
              [
                12.578827,
                -17.22827400099993
              ],
              [
                12.571415,
                -17.235769
              ],
              [
                12.565475001000038,
                -17.238517
              ],
              [
                12.563809,
                -17.243236
              ],
              [
                12.545211001000041,
                -17.239211000999944
              ],
              [
                12.541963,
                -17.242764
              ],
              [
                12.542435,
                -17.246733
              ],
              [
                12.541325,
                -17.247705
              ],
              [
                12.536939,
                -17.247039
              ],
              [
                12.533524,
                -17.24268
              ],
              [
                12.526113,
                -17.246178
              ],
              [
                12.524447001000055,
                -17.248565
              ],
              [
                12.505960001000062,
                -17.245429
              ],
              [
                12.494135,
                -17.248093
              ],
              [
                12.489333,
                -17.245206
              ],
              [
                12.478201,
                -17.24195900099994
              ],
              [
                12.478868001000023,
                -17.246872
              ],
              [
                12.473482,
                -17.25395
              ],
              [
                12.46904100100005,
                -17.25586600099996
              ],
              [
                12.458687001000044,
                -17.256782000999976
              ],
              [
                12.450609001000032,
                -17.2547
              ],
              [
                12.448666,
                -17.257087
              ],
              [
                12.448472,
                -17.26225
              ],
              [
                12.446612001000062,
                -17.264193000999967
              ],
              [
                12.436286,
                -17.259308
              ],
              [
                12.436008001000062,
                -17.255144000999962
              ],
              [
                12.439339001000064,
                -17.24839900099994
              ],
              [
                12.437812,
                -17.244429
              ],
              [
                12.434148,
                -17.24281900099993
              ],
              [
                12.432622,
                -17.239516
              ],
              [
                12.436397001000046,
                -17.223388
              ],
              [
                12.423212001000024,
                -17.20762100099995
              ],
              [
                12.421768001000032,
                -17.207871000999944
              ],
              [
                12.420991001000061,
                -17.211258
              ],
              [
                12.41729900100006,
                -17.212729000999957
              ],
              [
                12.415772,
                -17.209065000999942
              ],
              [
                12.409887,
                -17.207122
              ],
              [
                12.397180001000038,
                -17.207317
              ],
              [
                12.392739,
                -17.215953
              ],
              [
                12.392788001000042,
                -17.221382
              ],
              [
                12.388149001000045,
                -17.219062
              ],
              [
                12.385254,
                -17.219433
              ],
              [
                12.377644,
                -17.226331
              ],
              [
                12.373147,
                -17.226831
              ],
              [
                12.371842001000061,
                -17.231578
              ],
              [
                12.369511,
                -17.233799
              ],
              [
                12.36246,
                -17.230578
              ],
              [
                12.351356,
                -17.218725
              ],
              [
                12.343029,
                -17.224555
              ],
              [
                12.332675,
                -17.22586
              ],
              [
                12.328511001000038,
                -17.229302
              ],
              [
                12.317824001000076,
                -17.228163
              ],
              [
                12.311717,
                -17.23341
              ],
              [
                12.307081001000029,
                -17.235186
              ],
              [
                12.294812001000025,
                -17.23371500099995
              ],
              [
                12.293091,
                -17.236519000999976
              ],
              [
                12.283625,
                -17.241848
              ],
              [
                12.273438001000045,
                -17.234742
              ],
              [
                12.2635,
                -17.231855
              ],
              [
                12.25706000100007,
                -17.238517
              ],
              [
                12.249843001000045,
                -17.24007200099993
              ],
              [
                12.247178,
                -17.23810100099996
              ],
              [
                12.235436,
                -17.236269000999982
              ],
              [
                12.233327001000077,
                -17.234215
              ],
              [
                12.229607,
                -17.224222
              ],
              [
                12.219003,
                -17.21842
              ],
              [
                12.20959300100003,
                -17.217254000999958
              ],
              [
                12.200072001000024,
                -17.209371
              ],
              [
                12.194409,
                -17.197518000999935
              ],
              [
                12.183139,
                -17.195714
              ],
              [
                12.179169001000048,
                -17.188052
              ],
              [
                12.178698001000043,
                -17.181085
              ],
              [
                12.176477001000023,
                -17.17667100099993
              ],
              [
                12.172702,
                -17.175172
              ],
              [
                12.161348,
                -17.161959
              ],
              [
                12.147192,
                -17.16073800099997
              ],
              [
                12.142972001000032,
                -17.162264
              ],
              [
                12.140196,
                -17.16504
              ],
              [
                12.133590001000073,
                -17.1664
              ],
              [
                12.128399,
                -17.165818
              ],
              [
                12.12279200100005,
                -17.160932000999935
              ],
              [
                12.11946,
                -17.161904
              ],
              [
                12.117851,
                -17.159100000999956
              ],
              [
                12.114492,
                -17.158073
              ],
              [
                12.111716,
                -17.157767
              ],
              [
                12.108801,
                -17.160238
              ],
              [
                12.102472001000024,
                -17.161265000999947
              ],
              [
                12.101196,
                -17.158101
              ],
              [
                12.095706,
                -17.155035
              ],
              [
                12.092735001000051,
                -17.150038
              ],
              [
                12.085157,
                -17.147124000999952
              ],
              [
                12.079883001000042,
                -17.141877000999955
              ],
              [
                12.074248001000058,
                -17.145874
              ],
              [
                12.069446,
                -17.152065
              ],
              [
                12.06209,
                -17.154868000999954
              ],
              [
                12.055983,
                -17.15636700099998
              ],
              [
                12.044852,
                -17.155479
              ],
              [
                12.034747,
                -17.151093
              ],
              [
                12.026503,
                -17.155701
              ],
              [
                12.022811,
                -17.16083600099995
              ],
              [
                12.014955,
                -17.161641
              ],
              [
                12.007063001000063,
                -17.166078
              ],
              [
                11.99932700100004,
                -17.167929
              ],
              [
                11.995959,
                -17.170927
              ],
              [
                11.982931,
                -17.17259200099994
              ],
              [
                11.974049001000026,
                -17.176774
              ],
              [
                11.962871,
                -17.174998
              ],
              [
                11.957504,
                -17.181142
              ],
              [
                11.954543,
                -17.18203
              ],
              [
                11.947474,
                -17.180291
              ],
              [
                11.942774,
                -17.180957
              ],
              [
                11.932633,
                -17.19021
              ],
              [
                11.921896,
                -17.196170000999928
              ],
              [
                11.913597001000028,
                -17.198197
              ],
              [
                11.908767,
                -17.202361
              ],
              [
                11.901883,
                -17.20416500099998
              ],
              [
                11.900245,
                -17.206746
              ],
              [
                11.893555,
                -17.209106
              ],
              [
                11.88356200100003,
                -17.22567800099995
              ],
              [
                11.874124001000041,
                -17.229842
              ],
              [
                11.869787,
                -17.23355400099996
              ],
              [
                11.867054,
                -17.232695
              ],
              [
                11.866071001000023,
                -17.23431900099996
              ],
              [
                11.860028,
                -17.234381
              ],
              [
                11.857405,
                -17.24122000099993
              ],
              [
                11.854813,
                -17.23994
              ],
              [
                11.849957,
                -17.241876
              ],
              [
                11.845787001000076,
                -17.235599
              ],
              [
                11.837606,
                -17.235786
              ],
              [
                11.830907001000071,
                -17.242313000999957
              ],
              [
                11.819042,
                -17.263098
              ],
              [
                11.811686,
                -17.265236
              ],
              [
                11.808116,
                -17.268457
              ],
              [
                11.798394,
                -17.267948
              ],
              [
                11.794818,
                -17.27376900099995
              ],
              [
                11.78823600100003,
                -17.270954
              ],
              [
                11.775136001000021,
                -17.259046000999945
              ],
              [
                11.76649,
                -17.257700000999932
              ],
              [
                11.760902,
                -17.254397
              ],
              [
                11.751166001000058,
                -17.25192285299994
              ],
              [
                11.752917290000028,
                -17.248193740999966
              ],
              [
                11.75069522900003,
                -17.23930549599993
              ],
              [
                11.753194809000036,
                -17.210136413999976
              ],
              [
                11.75152683300007,
                -17.19735908499996
              ],
              [
                11.753473282000073,
                -17.18180465699993
              ],
              [
                11.750416757000039,
                -17.175973891999945
              ],
              [
                11.75069522900003,
                -17.161249160999944
              ],
              [
                11.749304771000027,
                -17.156526565999968
              ],
              [
                11.751805305000062,
                -17.152082442999927
              ],
              [
                11.751251221000075,
                -17.146528243999967
              ],
              [
                11.753194809000036,
                -17.142915725999956
              ],
              [
                11.75152683300007,
                -17.137916564999955
              ],
              [
                11.752361299000029,
                -17.128749846999938
              ],
              [
                11.749029160000077,
                -17.112916945999928
              ],
              [
                11.748473167000043,
                -17.099861144999977
              ],
              [
                11.750416757000039,
                -17.089582442999927
              ],
              [
                11.749860764000061,
                -17.07597160299997
              ],
              [
                11.752917290000028,
                -17.04986190799997
              ],
              [
                11.752082825000059,
                -17.030416488999947
              ],
              [
                11.755139351000025,
                -17.012916564999955
              ],
              [
                11.759028435000062,
                -17.00152778599994
              ],
              [
                11.758195877000048,
                -16.978471755999976
              ],
              [
                11.75958442800004,
                -16.97652816799996
              ],
              [
                11.762361527000053,
                -16.95152854899993
              ],
              [
                11.764306069000042,
                -16.949028014999953
              ],
              [
                11.762915612000029,
                -16.939861297999983
              ],
              [
                11.765416145000074,
                -16.932083129999967
              ],
              [
                11.770973206000065,
                -16.926525115999937
              ],
              [
                11.77347278700006,
                -16.916805266999972
              ],
              [
                11.772916794000025,
                -16.91013908399998
              ],
              [
                11.775973320000048,
                -16.90347289999994
              ],
              [
                11.78208255900006,
                -16.87791633599994
              ],
              [
                11.781526566000025,
                -16.859304427999973
              ],
              [
                11.774584770000047,
                -16.838472365999962
              ],
              [
                11.773195267000062,
                -16.82847213699995
              ],
              [
                11.775973320000048,
                -16.814861297999983
              ],
              [
                11.775138855000023,
                -16.802360534999934
              ],
              [
                11.77347278700006,
                -16.79819488499993
              ],
              [
                11.774582864000024,
                -16.792915343999937
              ],
              [
                11.770973206000065,
                -16.77819442699996
              ],
              [
                11.774028778000059,
                -16.773471831999927
              ],
              [
                11.774305345000073,
                -16.770416259999934
              ],
              [
                11.780417442000044,
                -16.76930618299997
              ],
              [
                11.78208255900006,
                -16.766525268999942
              ],
              [
                11.785417558000063,
                -16.764862060999974
              ],
              [
                11.787637711000059,
                -16.76597213699995
              ],
              [
                11.783196450000048,
                -16.77486038199993
              ],
              [
                11.788193704000037,
                -16.775693892999982
              ],
              [
                11.79125023000006,
                -16.77458381699995
              ],
              [
                11.791806222000048,
                -16.775693892999982
              ],
              [
                11.788193704000037,
                -16.776250838999943
              ],
              [
                11.787362100000053,
                -16.77986144999994
              ],
              [
                11.784584045000031,
                -16.782636641999943
              ],
              [
                11.785417558000063,
                -16.789304732999938
              ],
              [
                11.783471107000025,
                -16.793472289999954
              ],
              [
                11.783471107000025,
                -16.804027556999927
              ],
              [
                11.779861451000045,
                -16.809858321999968
              ],
              [
                11.778195381000046,
                -16.82236099199997
              ],
              [
                11.789859772000057,
                -16.82125091599994
              ],
              [
                11.794584274000044,
                -16.81847190899998
              ],
              [
                11.799025537000034,
                -16.81208419799998
              ],
              [
                11.799306871000056,
                -16.809305190999964
              ],
              [
                11.80180454400005,
                -16.80847167999997
              ],
              [
                11.804582596000046,
                -16.80486106899997
              ],
              [
                11.806527138000035,
                -16.790971755999976
              ],
              [
                11.811527253000065,
                -16.78124809299993
              ],
              [
                11.809582711000076,
                -16.778749465999965
              ],
              [
                11.811527253000065,
                -16.771528243999967
              ],
              [
                11.810415269000032,
                -16.769582747999948
              ],
              [
                11.813194276000047,
                -16.76708412199997
              ],
              [
                11.811805725000056,
                -16.76736068699995
              ],
              [
                11.811805725000056,
                -16.76597213699995
              ],
              [
                11.814306259000034,
                -16.76375007599995
              ],
              [
                11.813750267000046,
                -16.75875091599994
              ],
              [
                11.817084312000077,
                -16.750415801999964
              ],
              [
                11.816528321000021,
                -16.72402763399998
              ],
              [
                11.822637558000054,
                -16.70819473299997
              ],
              [
                11.822637558000054,
                -16.70125007599995
              ],
              [
                11.818194389000041,
                -16.69208335899998
              ],
              [
                11.815416337000045,
                -16.68124961899997
              ],
              [
                11.819027902000073,
                -16.670974730999944
              ],
              [
                11.818750382000076,
                -16.661247252999942
              ],
              [
                11.82124996300007,
                -16.65791511499998
              ],
              [
                11.822360039000046,
                -16.664861678999955
              ],
              [
                11.820137978000048,
                -16.672914504999937
              ],
              [
                11.821528435000062,
                -16.66902732799997
              ],
              [
                11.82208442700005,
                -16.67041587799997
              ],
              [
                11.818471909000039,
                -16.677640914999927
              ],
              [
                11.823193551000031,
                -16.675971984999933
              ],
              [
                11.82180595400007,
                -16.67680549599993
              ],
              [
                11.824307443000066,
                -16.68347167999997
              ],
              [
                11.822916031000034,
                -16.689306258999977
              ],
              [
                11.824859619000051,
                -16.68902969399994
              ],
              [
                11.825695038000049,
                -16.69402694699994
              ],
              [
                11.827361108000048,
                -16.69069480899998
              ],
              [
                11.825695038000049,
                -16.685693740999966
              ],
              [
                11.827082635000068,
                -16.68652534499995
              ],
              [
                11.82680511500007,
                -16.68486022899998
              ],
              [
                11.825138093000021,
                -16.68319320699993
              ],
              [
                11.825972557000057,
                -16.669582366999975
              ],
              [
                11.82180595400007,
                -16.654306411999983
              ],
              [
                11.82208442700005,
                -16.650972365999962
              ],
              [
                11.823472024000068,
                -16.64986038199993
              ],
              [
                11.822637558000054,
                -16.652082442999927
              ],
              [
                11.82402896900004,
                -16.651250838999943
              ],
              [
                11.823472024000068,
                -16.63902854899993
              ],
              [
                11.82180595400007,
                -16.634307860999968
              ],
              [
                11.814583779000031,
                -16.625415801999964
              ],
              [
                11.81791591600006,
                -16.62263870199996
              ],
              [
                11.81791591600006,
                -16.617914199999973
              ],
              [
                11.820972444000063,
                -16.615417479999962
              ],
              [
                11.82208442700005,
                -16.615972518999968
              ],
              [
                11.82180595400007,
                -16.61736106899997
              ],
              [
                11.819862366000052,
                -16.61763954199995
              ],
              [
                11.819027902000073,
                -16.62263870199996
              ],
              [
                11.816249847000051,
                -16.62597274799998
              ],
              [
                11.817084312000077,
                -16.628471374999947
              ],
              [
                11.819862366000052,
                -16.630416869999976
              ],
              [
                11.820137978000048,
                -16.629028319999975
              ],
              [
                11.817359925000062,
                -16.62624931299996
              ],
              [
                11.82208442700005,
                -16.621805190999964
              ],
              [
                11.823193551000031,
                -16.61736106899997
              ],
              [
                11.82208442700005,
                -16.606807708999952
              ],
              [
                11.814862252000069,
                -16.59458351099994
              ],
              [
                11.816249847000051,
                -16.592636107999965
              ],
              [
                11.819862366000052,
                -16.59319686899994
              ],
              [
                11.817359925000062,
                -16.595418929999937
              ],
              [
                11.819027902000073,
                -16.596250533999978
              ],
              [
                11.818471909000039,
                -16.59930610699996
              ],
              [
                11.820137978000048,
                -16.60319328299994
              ],
              [
                11.822637558000054,
                -16.59819412199994
              ],
              [
                11.820972444000063,
                -16.587638854999966
              ],
              [
                11.822360039000046,
                -16.579025268999942
              ],
              [
                11.820416451000028,
                -16.573749541999973
              ],
              [
                11.82374954200003,
                -16.570140838999976
              ],
              [
                11.821528435000062,
                -16.563474654999936
              ],
              [
                11.823472024000068,
                -16.55986022899998
              ],
              [
                11.822360039000046,
                -16.55652809099996
              ],
              [
                11.822637558000054,
                -16.534027099999946
              ],
              [
                11.826528550000035,
                -16.45513915999993
              ],
              [
                11.82208442700005,
                -16.42486190799997
              ],
              [
                11.820693970000036,
                -16.393749236999952
              ],
              [
                11.817359925000062,
                -16.37291717499994
              ],
              [
                11.818194389000041,
                -16.370138167999983
              ],
              [
                11.816249847000051,
                -16.361249923999935
              ],
              [
                11.815416337000045,
                -16.332916259999934
              ],
              [
                11.810138702000074,
                -16.29430580099995
              ],
              [
                11.810415269000032,
                -16.28680610699996
              ],
              [
                11.799860955000042,
                -16.227363585999967
              ],
              [
                11.800139427000033,
                -16.220418929999937
              ],
              [
                11.797081947000038,
                -16.20513915999993
              ],
              [
                11.797916413000053,
                -16.202917098999933
              ],
              [
                11.79319381700003,
                -16.171249389999957
              ],
              [
                11.789859772000057,
                -16.131805419999978
              ],
              [
                11.78958416100005,
                -16.091806411999983
              ],
              [
                11.797081947000038,
                -16.05513954199995
              ],
              [
                11.805138588000034,
                -16.027082442999927
              ],
              [
                11.80541706200006,
                -16.021528243999967
              ],
              [
                11.803195001000063,
                -16.012081145999957
              ],
              [
                11.798750878000021,
                -16.00458335899998
              ],
              [
                11.799583436000034,
                -16.003471374999947
              ],
              [
                11.780973435000021,
                -15.971527099999946
              ],
              [
                11.778195381000046,
                -15.969582557999956
              ],
              [
                11.77347278700006,
                -15.960972785999957
              ],
              [
                11.769584657000053,
                -15.958193778999942
              ],
              [
                11.765972138000052,
                -15.94986152599995
              ],
              [
                11.763194084000077,
                -15.948192595999956
              ],
              [
                11.752361299000029,
                -15.934304236999935
              ],
              [
                11.746805192000068,
                -15.923472403999938
              ],
              [
                11.736249924000049,
                -15.90847301499997
              ],
              [
                11.730695724000043,
                -15.892917632999968
              ],
              [
                11.731805801000064,
                -15.875971793999952
              ],
              [
                11.75069522900003,
                -15.821805953999956
              ],
              [
                11.760693551000031,
                -15.805973052999946
              ],
              [
                11.763194084000077,
                -15.79791641199995
              ],
              [
                11.769584657000053,
                -15.790694236999968
              ],
              [
                11.777916909000055,
                -15.783471106999968
              ],
              [
                11.783748627000023,
                -15.78124904599997
              ],
              [
                11.785971643000039,
                -15.78124904599997
              ],
              [
                11.787637711000059,
                -15.784027099999946
              ],
              [
                11.786806107000075,
                -15.78708362599997
              ],
              [
                11.785140039000055,
                -15.787918090999938
              ],
              [
                11.78569316900007,
                -15.789584159999947
              ],
              [
                11.792916298000023,
                -15.794028281999942
              ],
              [
                11.80208301500005,
                -15.793749808999962
              ],
              [
                11.803473473000054,
                -15.792083739999953
              ],
              [
                11.822916031000034,
                -15.786250113999927
              ],
              [
                11.830695153000022,
                -15.780693053999983
              ],
              [
                11.850972177000074,
                -15.779305457999953
              ],
              [
                11.855417252000052,
                -15.78124904599997
              ],
              [
                11.854861259000074,
                -15.78541755699996
              ],
              [
                11.852916719000063,
                -15.78736209899995
              ],
              [
                11.844861984000033,
                -15.784583091999934
              ],
              [
                11.830416679000052,
                -15.782917022999982
              ],
              [
                11.825416566000058,
                -15.786806106999961
              ],
              [
                11.810138702000074,
                -15.792083739999953
              ],
              [
                11.809305192000068,
                -15.79597186999996
              ],
              [
                11.811248779000039,
                -15.798473357999967
              ],
              [
                11.814027786000054,
                -15.800416945999928
              ],
              [
                11.818471909000039,
                -15.800416945999928
              ],
              [
                11.81958198600006,
                -15.802083014999937
              ],
              [
                11.824859619000051,
                -15.80152893099995
              ],
              [
                11.825972557000057,
                -15.803195
              ],
              [
                11.849860191000062,
                -15.800972938999962
              ],
              [
                11.85569477100006,
                -15.797081946999981
              ],
              [
                11.867918016000033,
                -15.794028281999942
              ],
              [
                11.879582405000065,
                -15.78708362599997
              ],
              [
                11.883473397000046,
                -15.783194541999933
              ],
              [
                11.891527176000068,
                -15.769860267999945
              ],
              [
                11.893750192000027,
                -15.76430606799994
              ],
              [
                11.894027711000035,
                -15.756805419999978
              ],
              [
                11.895972253000025,
                -15.753473281999959
              ],
              [
                11.901249886000073,
                -15.750139235999939
              ],
              [
                11.90347194800006,
                -15.752082824999945
              ],
              [
                11.905138016000024,
                -15.751805304999948
              ],
              [
                11.907638551000048,
                -15.750139235999939
              ],
              [
                11.909860612000045,
                -15.745416640999963
              ],
              [
                11.911251069000059,
                -15.738471984999933
              ],
              [
                11.910416603000044,
                -15.727360724999926
              ],
              [
                11.912361145000034,
                -15.717915534999975
              ],
              [
                11.92152786400004,
                -15.695417403999954
              ],
              [
                11.926527977000035,
                -15.676527022999949
              ],
              [
                11.932082176000051,
                -15.677083014999937
              ],
              [
                11.937639236000052,
                -15.675363540999967
              ],
              [
                11.955138207000061,
                -15.666251182999929
              ],
              [
                11.964027405000024,
                -15.659305572999926
              ],
              [
                11.966526986000076,
                -15.659028052999929
              ],
              [
                11.968473434000032,
                -15.655971526999963
              ],
              [
                11.970971108000072,
                -15.655694007999955
              ],
              [
                11.980972290000068,
                -15.64652919799994
              ],
              [
                11.986806870000066,
                -15.63513755799994
              ],
              [
                11.995139122000069,
                -15.631250380999973
              ],
              [
                11.998748779000039,
                -15.620972632999951
              ],
              [
                11.998195648000035,
                -15.611250876999975
              ],
              [
                12.000970840000036,
                -15.604027747999965
              ],
              [
                12.002639771000077,
                -15.602915763999931
              ],
              [
                12.004305840000029,
                -15.59263896899995
              ],
              [
                12.011528016000057,
                -15.58513927499996
              ],
              [
                12.012082101000033,
                -15.580415725999956
              ],
              [
                12.02013874100004,
                -15.566248893999955
              ],
              [
                12.019861221000042,
                -15.556250571999954
              ],
              [
                12.021529198000053,
                -15.54791641199995
              ],
              [
                12.020973207000054,
                -15.528471946999957
              ],
              [
                12.022639275000074,
                -15.525693892999982
              ],
              [
                12.024861337000061,
                -15.512639045999947
              ],
              [
                12.026804924000032,
                -15.509860991999972
              ],
              [
                12.026804924000032,
                -15.49291801499993
              ],
              [
                12.030139924000025,
                -15.489304542999946
              ],
              [
                12.030694008000069,
                -15.486527442999943
              ],
              [
                12.02930641200004,
                -15.477082252999935
              ],
              [
                12.031528473000037,
                -15.461526870999933
              ],
              [
                12.028193474000034,
                -15.44763755799994
              ],
              [
                12.029027940000049,
                -15.424306869999953
              ],
              [
                12.031528473000037,
                -15.419028281999942
              ],
              [
                12.029027940000049,
                -15.405973433999975
              ],
              [
                12.029862404000028,
                -15.39569473299997
              ],
              [
                12.035694122000052,
                -15.386249541999973
              ],
              [
                12.038472176000028,
                -15.364862441999946
              ],
              [
                12.04152870200005,
                -15.359583854999926
              ],
              [
                12.042917253000041,
                -15.351804732999938
              ],
              [
                12.045970917000034,
                -15.349305152999932
              ],
              [
                12.04847335900007,
                -15.349305152999932
              ],
              [
                12.053193093000061,
                -15.341528892999975
              ],
              [
                12.051252366000028,
                -15.321526526999946
              ],
              [
                12.053470613000059,
                -15.313750266999932
              ],
              [
                12.053470613000059,
                -15.304583548999972
              ],
              [
                12.050139428000023,
                -15.284028052999929
              ],
              [
                12.055139542000063,
                -15.27624988599996
              ],
              [
                12.05597209900003,
                -15.247082709999972
              ],
              [
                12.05374908400006,
                -15.238472938999962
              ],
              [
                12.054862022000066,
                -15.233472823999932
              ],
              [
                12.05736160300006,
                -15.228471755999976
              ],
              [
                12.062640190000025,
                -15.22458362599997
              ],
              [
                12.064583778000042,
                -15.225137710999945
              ],
              [
                12.067359924000073,
                -15.223194121999938
              ],
              [
                12.069582939000043,
                -15.21763896899995
              ],
              [
                12.081806184000072,
                -15.212082862999978
              ],
              [
                12.084305763000032,
                -15.20902919799994
              ],
              [
                12.089028358000064,
                -15.20708465599995
              ],
              [
                12.088472366000076,
                -15.205971717999944
              ],
              [
                12.090138436000075,
                -15.205415725999956
              ],
              [
                12.091806413000029,
                -15.201527595999949
              ],
              [
                12.095973015000027,
                -15.19986152599995
              ],
              [
                12.101529121000056,
                -15.203193664999958
              ],
              [
                12.105971337000028,
                -15.201250075999951
              ],
              [
                12.109583856000029,
                -15.193470954999952
              ],
              [
                12.115415573000064,
                -15.195933341999933
              ],
              [
                12.122638702000074,
                -15.19041728999997
              ],
              [
                12.12569522900003,
                -15.18597316699993
              ],
              [
                12.131526948000044,
                -15.190138816999934
              ],
              [
                12.134861947000047,
                -15.196249961999968
              ],
              [
                12.140972138000052,
                -15.196805953999956
              ],
              [
                12.149582863000035,
                -15.190138816999934
              ],
              [
                12.153472900000054,
                -15.183195113999943
              ],
              [
                12.15402698500003,
                -15.16569328299994
              ],
              [
                12.154305459000057,
                -15.164304732999938
              ],
              [
                12.155973435000021,
                -15.164304732999938
              ],
              [
                12.156526566000025,
                -15.160972594999976
              ],
              [
                12.149028778000059,
                -15.145972251999979
              ],
              [
                12.143194200000039,
                -15.129027366999935
              ],
              [
                12.13958358800005,
                -15.125972747999981
              ],
              [
                12.136528016000057,
                -15.125415801999964
              ],
              [
                12.134861947000047,
                -15.129860877999931
              ],
              [
                12.128194809000036,
                -15.136248588999933
              ],
              [
                12.11819362600005,
                -15.138193129999934
              ],
              [
                12.111805916000037,
                -15.13569545699994
              ],
              [
                12.116250038000032,
                -15.12041568799998
              ],
              [
                12.117637635000051,
                -15.110138892999942
              ],
              [
                12.123473167000043,
                -15.097915648999958
              ],
              [
                12.123473167000043,
                -15.09375
              ],
              [
                12.126805306000051,
                -15.083748816999957
              ],
              [
                12.132917405000057,
                -15.079029082999966
              ],
              [
                12.134861947000047,
                -15.079029082999966
              ],
              [
                12.137639999000044,
                -15.075695037999935
              ],
              [
                12.139027597000052,
                -15.068750380999973
              ],
              [
                12.138194084000077,
                -15.05847358699998
              ],
              [
                12.14152813000004,
                -15.052083014999937
              ],
              [
                12.147359849000054,
                -15.046804427999973
              ],
              [
                12.148195268000052,
                -15.040415763999931
              ],
              [
                12.151806832000034,
                -15.038193702999934
              ],
              [
                12.157917023000039,
                -15.03013896899995
              ],
              [
                12.162083627000072,
                -15.028751372999977
              ],
              [
                12.169305801000064,
                -15.021250724999959
              ],
              [
                12.170971870000074,
                -15.010693549999928
              ],
              [
                12.165694237000025,
                -14.997917174999941
              ],
              [
                12.163749695000035,
                -14.984862327999963
              ],
              [
                12.167362213000047,
                -14.977360724999926
              ],
              [
                12.171250343000054,
                -14.959859847999951
              ],
              [
                12.175695420000068,
                -14.953193664999958
              ],
              [
                12.178473473000054,
                -14.952918052999962
              ],
              [
                12.184582711000076,
                -14.955415725999956
              ],
              [
                12.188749313000073,
                -14.953749656999946
              ],
              [
                12.19291591600006,
                -14.949027060999981
              ],
              [
                12.195693971000026,
                -14.939861297999926
              ],
              [
                12.19874954200003,
                -14.936806678999972
              ],
              [
                12.200138093000021,
                -14.93291568799998
              ],
              [
                12.201251031000027,
                -14.924027442999943
              ],
              [
                12.199582100000043,
                -14.922638892999942
              ],
              [
                12.201804161000041,
                -14.91902732799997
              ],
              [
                12.204304696000065,
                -14.900416373999974
              ],
              [
                12.209583283000029,
                -14.900139808999938
              ],
              [
                12.215136528000073,
                -14.896527289999938
              ],
              [
                12.21402740600007,
                -14.884372710999969
              ],
              [
                12.210139275000074,
                -14.878749846999938
              ],
              [
                12.209860803000026,
                -14.86680507699998
              ],
              [
                12.211526871000046,
                -14.864304542999946
              ],
              [
                12.212361336000072,
                -14.857359885999927
              ],
              [
                12.211805345000073,
                -14.848750113999927
              ],
              [
                12.22180557400003,
                -14.835695266999949
              ],
              [
                12.225972176000028,
                -14.833473205999951
              ],
              [
                12.232916833000047,
                -14.835695266999949
              ],
              [
                12.240693092000072,
                -14.833750724999959
              ],
              [
                12.24347209900003,
                -14.834304809999935
              ],
              [
                12.245415689000026,
                -14.830695151999976
              ],
              [
                12.24847221500005,
                -14.828749656999946
              ],
              [
                12.251250267000046,
                -14.819583892999958
              ],
              [
                12.255138398000042,
                -14.814305304999948
              ],
              [
                12.255138398000042,
                -14.81097316699993
              ],
              [
                12.261248590000037,
                -14.80347347299994
              ],
              [
                12.263749123000025,
                -14.797362327999963
              ],
              [
                12.263195038000049,
                -14.789861678999955
              ],
              [
                12.265417099000047,
                -14.786805152999932
              ],
              [
                12.264861108000048,
                -14.783748626999966
              ],
              [
                12.269583702000034,
                -14.779861449999942
              ],
              [
                12.273471832000041,
                -14.773194312999976
              ],
              [
                12.276528358000064,
                -14.772640227999943
              ],
              [
                12.277640344000076,
                -14.767915725999956
              ],
              [
                12.284029007000072,
                -14.761804580999978
              ],
              [
                12.287361145000034,
                -14.754860877999931
              ],
              [
                12.288473129000067,
                -14.747916221999958
              ],
              [
                12.285416603000044,
                -14.738471984999933
              ],
              [
                12.286526681000055,
                -14.736527442999943
              ],
              [
                12.285416603000044,
                -14.735138892999942
              ],
              [
                12.280971527000077,
                -14.735695838999959
              ],
              [
                12.280415536000021,
                -14.734305381999945
              ],
              [
                12.280971527000077,
                -14.732360839999956
              ],
              [
                12.284304620000057,
                -14.732083320999948
              ],
              [
                12.284860611000056,
                -14.726529120999942
              ],
              [
                12.27930641200004,
                -14.719584464999969
              ],
              [
                12.276805878000062,
                -14.711527823999972
              ],
              [
                12.274027825000076,
                -14.70847129799995
              ],
              [
                12.274581910000052,
                -14.70513915999993
              ],
              [
                12.272361755000077,
                -14.704027175999954
              ],
              [
                12.272915841000042,
                -14.702082633999964
              ],
              [
                12.270972252000035,
                -14.699028968999926
              ],
              [
                12.27513790100005,
                -14.695973395999943
              ],
              [
                12.276528358000064,
                -14.691805839999972
              ],
              [
                12.276249887000063,
                -14.685693740999966
              ],
              [
                12.282637597000075,
                -14.684306144999937
              ],
              [
                12.282917023000039,
                -14.679582595999932
              ],
              [
                12.287361145000034,
                -14.675695418999965
              ],
              [
                12.287638664000042,
                -14.67319488499993
              ],
              [
                12.295693398000026,
                -14.668750762999935
              ],
              [
                12.294027329000073,
                -14.659584044999974
              ],
              [
                12.29486084000007,
                -14.654861449999942
              ],
              [
                12.293748856000036,
                -14.654026984999973
              ],
              [
                12.294027329000073,
                -14.64930534399997
              ],
              [
                12.295693398000026,
                -14.64736080199998
              ],
              [
                12.295417787000076,
                -14.64041614499996
              ],
              [
                12.292082788000073,
                -14.636528014999953
              ],
              [
                12.292917252000052,
                -14.632916450999971
              ],
              [
                12.291526794000049,
                -14.62986183199996
              ],
              [
                12.29319477100006,
                -14.625695228999973
              ],
              [
                12.297639848000074,
                -14.624860763999948
              ],
              [
                12.296527863000051,
                -14.622917174999941
              ],
              [
                12.30041790000007,
                -14.616250991999948
              ],
              [
                12.298472404000051,
                -14.608707427999946
              ],
              [
                12.300694466000039,
                -14.604306220999945
              ],
              [
                12.29902839700003,
                -14.59263896899995
              ],
              [
                12.301806450000072,
                -14.587916373999974
              ],
              [
                12.304860115000054,
                -14.587081908999949
              ],
              [
                12.305194855000025,
                -14.579292296999938
              ],
              [
                12.30041790000007,
                -14.577918052999962
              ],
              [
                12.30735969500006,
                -14.573471068999936
              ],
              [
                12.306805611000073,
                -14.558750152999949
              ],
              [
                12.308194160000028,
                -14.556528090999961
              ],
              [
                12.311806679000028,
                -14.555952071999968
              ],
              [
                12.311806679000028,
                -14.55125045799997
              ],
              [
                12.31486129800004,
                -14.546805381999945
              ],
              [
                12.31486129800004,
                -14.544860839999956
              ],
              [
                12.312639236000052,
                -14.542917251999938
              ],
              [
                12.31402683400006,
                -14.540970801999947
              ],
              [
                12.312360764000061,
                -14.539583205999975
              ],
              [
                12.313195230000076,
                -14.535972594999976
              ],
              [
                12.312083244000064,
                -14.532916068999953
              ],
              [
                12.314582825000059,
                -14.531194686999982
              ],
              [
                12.31486129800004,
                -14.524306296999953
              ],
              [
                12.318751336000048,
                -14.522361754999963
              ],
              [
                12.319861412000023,
                -14.51902675599996
              ],
              [
                12.320417404000068,
                -14.512083053999959
              ],
              [
                12.318751336000048,
                -14.509583472999964
              ],
              [
                12.322083473000077,
                -14.50513839699994
              ],
              [
                12.32180500100003,
                -14.502362250999965
              ],
              [
                12.32347107000004,
                -14.500971793999952
              ],
              [
                12.325131417000023,
                -14.494305610999959
              ],
              [
                12.32874965700006,
                -14.49291801499993
              ],
              [
                12.330140114000073,
                -14.489583014999937
              ],
              [
                12.329305650000038,
                -14.486527442999943
              ],
              [
                12.333472253000025,
                -14.480416297999966
              ],
              [
                12.334028244000024,
                -14.475693702999934
              ],
              [
                12.335694313000033,
                -14.475137710999945
              ],
              [
                12.334305763000032,
                -14.46875
              ],
              [
                12.336528779000048,
                -14.462082862999978
              ],
              [
                12.336804390000054,
                -14.447916030999977
              ],
              [
                12.339860916000077,
                -14.445139884999946
              ],
              [
                12.339860916000077,
                -14.448749541999973
              ],
              [
                12.342082977000075,
                -14.449305533999961
              ],
              [
                12.346248627000023,
                -14.44569396999998
              ],
              [
                12.34486103200004,
                -14.432916640999963
              ],
              [
                12.349305154000035,
                -14.427639007999971
              ],
              [
                12.350972177000074,
                -14.423749923999935
              ],
              [
                12.351249696000025,
                -14.417083739999953
              ],
              [
                12.354306222000048,
                -14.411249160999944
              ],
              [
                12.352361680000058,
                -14.402639388999944
              ],
              [
                12.356249809000076,
                -14.387914657999943
              ],
              [
                12.355972290000068,
                -14.369861602999947
              ],
              [
                12.358750344000043,
                -14.364862441999946
              ],
              [
                12.35569381700003,
                -14.360415458999967
              ],
              [
                12.357915878000028,
                -14.357360839999956
              ],
              [
                12.356528283000046,
                -14.355973243999927
              ],
              [
                12.357303620000039,
                -14.347360610999942
              ],
              [
                12.356311799000025,
                -14.34372329699994
              ],
              [
                12.353471756000033,
                -14.341527938999945
              ],
              [
                12.35208416100005,
                -14.338193892999982
              ],
              [
                12.352915765000034,
                -14.336250304999965
              ],
              [
                12.35569381700003,
                -14.336250304999965
              ],
              [
                12.356249809000076,
                -14.32819461799994
              ],
              [
                12.358471871000063,
                -14.321526526999946
              ],
              [
                12.363195419000022,
                -14.320694922999962
              ],
              [
                12.369029045000048,
                -14.312915801999964
              ],
              [
                12.369029045000048,
                -14.30708408399994
              ],
              [
                12.367082597000035,
                -14.30513954199995
              ],
              [
                12.367361069000026,
                -14.302360534999934
              ],
              [
                12.365139008000028,
                -14.301527022999949
              ],
              [
                12.363751412000056,
                -14.294860839999956
              ],
              [
                12.369304657000043,
                -14.293473243999927
              ],
              [
                12.369860649000032,
                -14.29013824499998
              ],
              [
                12.367361069000026,
                -14.282637595999972
              ],
              [
                12.36263847500004,
                -14.279583930999934
              ],
              [
                12.354027748000021,
                -14.268751143999964
              ],
              [
                12.355972290000068,
                -14.253749846999938
              ],
              [
                12.35375022900007,
                -14.241526603999944
              ],
              [
                12.334582329000057,
                -14.21597289999994
              ],
              [
                12.334305763000032,
                -14.21430683099993
              ],
              [
                12.337638855000023,
                -14.209305762999975
              ],
              [
                12.331806183000026,
                -14.194305419999978
              ],
              [
                12.331527711000035,
                -14.185694694999938
              ],
              [
                12.332083702000034,
                -14.183471679999968
              ],
              [
                12.333472253000025,
                -14.183194159999971
              ],
              [
                12.340695382000035,
                -14.188472747999981
              ],
              [
                12.343749047000074,
                -14.188751220999961
              ],
              [
                12.347360612000045,
                -14.185417174999941
              ],
              [
                12.36152839700003,
                -14.18066692399998
              ],
              [
                12.366250993000051,
                -14.170693397999969
              ],
              [
                12.367638588000034,
                -14.158750533999978
              ],
              [
                12.369583130000024,
                -14.158194541999933
              ],
              [
                12.370972633000065,
                -14.155415534999975
              ],
              [
                12.365973474000043,
                -14.132638930999974
              ],
              [
                12.360972404000051,
                -14.121527671999957
              ],
              [
                12.354306222000048,
                -14.111248969999963
              ],
              [
                12.352915765000034,
                -14.101805686999967
              ],
              [
                12.355416298000023,
                -14.085970878999944
              ],
              [
                12.359306335000042,
                -14.078750609999929
              ],
              [
                12.358750344000043,
                -14.072084426999936
              ],
              [
                12.360972404000051,
                -14.067084311999963
              ],
              [
                12.360972404000051,
                -14.059305190999964
              ],
              [
                12.36263847500004,
                -14.055417060999957
              ],
              [
                12.365695,
                -14.054582595999932
              ],
              [
                12.369583130000024,
                -14.058195113999943
              ],
              [
                12.377083778000042,
                -14.052360534999934
              ],
              [
                12.381527901000027,
                -14.04430580099995
              ],
              [
                12.386528015000067,
                -14.041250228999957
              ],
              [
                12.387638092000032,
                -14.03736209899995
              ],
              [
                12.392083169000045,
                -14.032917022999982
              ],
              [
                12.392083169000045,
                -14.025138854999966
              ],
              [
                12.394026757000063,
                -14.019583701999977
              ],
              [
                12.397639276000064,
                -14.015693664999958
              ],
              [
                12.39875125900005,
                -13.985972403999938
              ],
              [
                12.400973321000038,
                -13.978470801999947
              ],
              [
                12.395694734000074,
                -13.975694655999973
              ],
              [
                12.399026871000046,
                -13.96569442699996
              ],
              [
                12.39708328200004,
                -13.96402835799995
              ],
              [
                12.397360802000037,
                -13.957362174999957
              ],
              [
                12.407084466000072,
                -13.950139045999947
              ],
              [
                12.410694122000052,
                -13.95652675599996
              ],
              [
                12.418750764000038,
                -13.94819545699994
              ],
              [
                12.421251297000026,
                -13.948472976999938
              ],
              [
                12.423473358000024,
                -13.946806907999928
              ],
              [
                12.425695419000022,
                -13.941528319999975
              ],
              [
                12.425695419000022,
                -13.935693740999966
              ],
              [
                12.417360306000035,
                -13.898195266999949
              ],
              [
                12.417917252000052,
                -13.89236068699995
              ],
              [
                12.42013931300005,
                -13.88875102999998
              ],
              [
                12.419306755000036,
                -13.882081984999957
              ],
              [
                12.421251297000026,
                -13.877916335999942
              ],
              [
                12.425971032000064,
                -13.875693320999972
              ],
              [
                12.431739808000032,
                -13.87597083999998
              ],
              [
                12.431805611000073,
                -13.87847232799993
              ],
              [
                12.437084199000026,
                -13.87597083999998
              ],
              [
                12.442638397000053,
                -13.877083777999928
              ],
              [
                12.459584236000069,
                -13.871526717999927
              ],
              [
                12.461806298000056,
                -13.871805190999964
              ],
              [
                12.464028359000054,
                -13.875417708999976
              ],
              [
                12.466527940000049,
                -13.875663756999927
              ],
              [
                12.467638016000024,
                -13.875140189999968
              ],
              [
                12.467082025000025,
                -13.872915267999929
              ],
              [
                12.470973015000027,
                -13.871805190999964
              ],
              [
                12.47680473400004,
                -13.86736106899997
              ],
              [
                12.48069477100006,
                -13.870139121999955
              ],
              [
                12.485139847000028,
                -13.867917060999957
              ],
              [
                12.490415574000053,
                -13.869583129999967
              ],
              [
                12.493749619000027,
                -13.86736106899997
              ],
              [
                12.49347209900003,
                -13.871526717999927
              ],
              [
                12.490139961000068,
                -13.874027251999962
              ],
              [
                12.488194467000028,
                -13.879305839999972
              ],
              [
                12.48652839700003,
                -13.88014030499994
              ],
              [
                12.490415574000053,
                -13.880971908999982
              ],
              [
                12.495694161000074,
                -13.879305839999972
              ],
              [
                12.500139236000052,
                -13.88152790099997
              ],
              [
                12.507917404000068,
                -13.87624931299996
              ],
              [
                12.50902652700006,
                -13.876806258999977
              ],
              [
                12.508473396000056,
                -13.88014030499994
              ],
              [
                12.51097106900005,
                -13.882081984999957
              ],
              [
                12.51458358800005,
                -13.879028319999975
              ],
              [
                12.517915727000059,
                -13.873194694999938
              ],
              [
                12.518471718000058,
                -13.868194579999965
              ],
              [
                12.52375125900005,
                -13.861529349999955
              ],
              [
                12.52152824500007,
                -13.854306220999945
              ],
              [
                12.523194314000023,
                -13.850693702999934
              ],
              [
                12.527639389000058,
                -13.84986209899995
              ],
              [
                12.528472901000043,
                -13.846248626999966
              ],
              [
                12.527083398000059,
                -13.844026565999968
              ],
              [
                12.524304391000044,
                -13.845694541999933
              ],
              [
                12.519306184000072,
                -13.845138549999945
              ],
              [
                12.520693779000055,
                -13.83374977099993
              ],
              [
                12.52375125900005,
                -13.83180618299997
              ],
              [
                12.522638321000045,
                -13.829028129999926
              ],
              [
                12.524028778000059,
                -13.82680606799994
              ],
              [
                12.520972252000035,
                -13.823472022999965
              ],
              [
                12.520416260000047,
                -13.819861411999966
              ],
              [
                12.522359849000054,
                -13.816804885999943
              ],
              [
                12.525694847000068,
                -13.817916869999976
              ],
              [
                12.527639389000058,
                -13.817360877999931
              ],
              [
                12.528195381000046,
                -13.81541728999997
              ],
              [
                12.525694847000068,
                -13.810694694999938
              ],
              [
                12.520972252000035,
                -13.809861182999953
              ],
              [
                12.522082330000046,
                -13.805972098999973
              ],
              [
                12.521249772000033,
                -13.801527976999978
              ],
              [
                12.524581909000062,
                -13.79930591599998
              ],
              [
                12.524581909000062,
                -13.797083854999926
              ],
              [
                12.520972252000035,
                -13.789304732999938
              ],
              [
                12.526250839000056,
                -13.78513908399998
              ],
              [
                12.525973320000048,
                -13.78180694599996
              ],
              [
                12.52375125900005,
                -13.778750419999938
              ],
              [
                12.52152824500007,
                -13.765417098999933
              ],
              [
                12.52347183300003,
                -13.763193129999934
              ],
              [
                12.526250839000056,
                -13.762916564999955
              ],
              [
                12.522915840000053,
                -13.757638930999974
              ],
              [
                12.526527405000024,
                -13.749859809999975
              ],
              [
                12.531805039000062,
                -13.746806144999937
              ],
              [
                12.530973435000021,
                -13.744305610999959
              ],
              [
                12.525973320000048,
                -13.74263954199995
              ],
              [
                12.527916908000066,
                -13.736527442999943
              ],
              [
                12.526527405000024,
                -13.732916831999944
              ],
              [
                12.527360917000067,
                -13.728751182999929
              ],
              [
                12.528472901000043,
                -13.725693702999934
              ],
              [
                12.531805039000062,
                -13.723750113999927
              ],
              [
                12.528751374000024,
                -13.717915534999975
              ],
              [
                12.53208255900006,
                -13.710416793999968
              ],
              [
                12.53208255900006,
                -13.704304694999962
              ],
              [
                12.533748628000069,
                -13.703715323999972
              ],
              [
                12.531249047000074,
                -13.698472022999965
              ],
              [
                12.532638550000058,
                -13.69430637399995
              ],
              [
                12.534583092000048,
                -13.693471908999982
              ],
              [
                12.534583092000048,
                -13.69097232799993
              ],
              [
                12.530138969000063,
                -13.685695647999978
              ],
              [
                12.530417443000033,
                -13.681527137999979
              ],
              [
                12.53208255900006,
                -13.67986106899997
              ],
              [
                12.530417443000033,
                -13.67486095399994
              ],
              [
                12.53236103100005,
                -13.670694350999952
              ],
              [
                12.53236103100005,
                -13.664584159999947
              ],
              [
                12.536249161000057,
                -13.662639617999957
              ],
              [
                12.533194543000036,
                -13.656526565999968
              ],
              [
                12.533471108000072,
                -13.653195380999932
              ],
              [
                12.539028169000062,
                -13.650417327999946
              ],
              [
                12.536526680000065,
                -13.641805648999934
              ],
              [
                12.536526680000065,
                -13.638750075999951
              ],
              [
                12.53930568800007,
                -13.636249541999973
              ],
              [
                12.537639618000071,
                -13.632082938999929
              ],
              [
                12.527639389000058,
                -13.62958335899998
              ],
              [
                12.529028894000021,
                -13.623194694999938
              ],
              [
                12.535973549000062,
                -13.620416640999963
              ],
              [
                12.534860611000056,
                -13.617916106999928
              ],
              [
                12.53236103100005,
                -13.61736011499994
              ],
              [
                12.528751374000024,
                -13.61041641199995
              ],
              [
                12.536805153000046,
                -13.609583854999926
              ],
              [
                12.535973549000062,
                -13.60624885599998
              ],
              [
                12.537362099000063,
                -13.60569572399993
              ],
              [
                12.537362099000063,
                -13.603749274999927
              ],
              [
                12.536249161000057,
                -13.602083205999975
              ],
              [
                12.533471108000072,
                -13.602360724999926
              ],
              [
                12.533471108000072,
                -13.598472594999976
              ],
              [
                12.547362328000077,
                -13.593473433999975
              ],
              [
                12.548472405000041,
                -13.589584350999928
              ],
              [
                12.550694467000028,
                -13.588193892999982
              ],
              [
                12.547362328000077,
                -13.585140227999943
              ],
              [
                12.549028398000075,
                -13.583193778999942
              ],
              [
                12.548749925000038,
                -13.57819557199997
              ],
              [
                12.550694467000028,
                -13.576526641999976
              ],
              [
                12.550415993000058,
                -13.570417403999954
              ],
              [
                12.545694351000066,
                -13.569861411999966
              ],
              [
                12.542362214000036,
                -13.567360877999931
              ],
              [
                12.545694351000066,
                -13.563471793999952
              ],
              [
                12.548472405000041,
                -13.563194274999944
              ],
              [
                12.549028398000075,
                -13.564860343999953
              ],
              [
                12.552360535000048,
                -13.564304351999965
              ],
              [
                12.554582596000046,
                -13.559583663999945
              ],
              [
                12.55430698500004,
                -13.555972098999973
              ],
              [
                12.553750992000062,
                -13.554862021999952
              ],
              [
                12.550694467000028,
                -13.556528090999961
              ],
              [
                12.548749925000038,
                -13.55541801499993
              ],
              [
                12.548472405000041,
                -13.550695418999965
              ],
              [
                12.545694351000066,
                -13.552639960999954
              ],
              [
                12.542916299000069,
                -13.552083014999937
              ],
              [
                12.542362214000036,
                -13.545139312999936
              ],
              [
                12.541527748000021,
                -13.54374885599998
              ],
              [
                12.53958416000006,
                -13.54402732799997
              ],
              [
                12.540140153000038,
                -13.541805266999972
              ],
              [
                12.539028169000062,
                -13.541528701999937
              ],
              [
                12.53930568800007,
                -13.536527633999981
              ],
              [
                12.542083740000066,
                -13.534305572999926
              ],
              [
                12.543193818000077,
                -13.530415534999975
              ],
              [
                12.546806336000031,
                -13.528206824999927
              ],
              [
                12.542916299000069,
                -13.524026870999933
              ],
              [
                12.541527748000021,
                -13.519861220999928
              ],
              [
                12.547916412000063,
                -13.514861106999945
              ],
              [
                12.548472405000041,
                -13.503749846999938
              ],
              [
                12.545415879000075,
                -13.50347232799993
              ],
              [
                12.544028282000056,
                -13.499305724999942
              ],
              [
                12.541527748000021,
                -13.499305724999942
              ],
              [
                12.540140153000038,
                -13.497361182999953
              ],
              [
                12.53208255900006,
                -13.498748778999982
              ],
              [
                12.53930568800007,
                -13.482638358999964
              ],
              [
                12.539028169000062,
                -13.481249808999962
              ],
              [
                12.535139085000026,
                -13.481249808999962
              ],
              [
                12.533748628000069,
                -13.478471755999976
              ],
              [
                12.534304619000068,
                -13.472361564999972
              ],
              [
                12.537082673000043,
                -13.469582557999956
              ],
              [
                12.539028169000062,
                -13.456804275999957
              ],
              [
                12.537639618000071,
                -13.455415725999956
              ],
              [
                12.533748628000069,
                -13.456804275999957
              ],
              [
                12.531526566000025,
                -13.452362060999974
              ],
              [
                12.524860382000043,
                -13.45097160299997
              ],
              [
                12.52513885600007,
                -13.449305533999961
              ],
              [
                12.530417443000033,
                -13.44569301599995
              ],
              [
                12.53069496300003,
                -13.441248893999955
              ],
              [
                12.533471108000072,
                -13.437360763999948
              ],
              [
                12.53069496300003,
                -13.427082061999954
              ],
              [
                12.53069496300003,
                -13.418471335999982
              ],
              [
                12.53208255900006,
                -13.416526793999935
              ],
              [
                12.534583092000048,
                -13.41736125899996
              ],
              [
                12.53930568800007,
                -13.423749923999935
              ],
              [
                12.541806221000058,
                -13.423749923999935
              ],
              [
                12.545694351000066,
                -13.42125034299994
              ],
              [
                12.549028398000075,
                -13.41708278699997
              ],
              [
                12.548472405000041,
                -13.407638549999945
              ],
              [
                12.550972940000065,
                -13.40124988599996
              ],
              [
                12.553750992000062,
                -13.401805877999948
              ],
              [
                12.55958271000003,
                -13.399862288999941
              ],
              [
                12.558751106000045,
                -13.402915954999969
              ],
              [
                12.560417176000044,
                -13.409583091999934
              ],
              [
                12.564862251000022,
                -13.411526679999952
              ],
              [
                12.566528321000021,
                -13.410695075999968
              ],
              [
                12.566805841000075,
                -13.407082557999956
              ],
              [
                12.57208442800004,
                -13.402638434999972
              ],
              [
                12.575694084000077,
                -13.401805877999948
              ],
              [
                12.577916145000074,
                -13.403471946999957
              ],
              [
                12.581251145000067,
                -13.399027823999972
              ],
              [
                12.58097267200003,
                -13.395693778999942
              ],
              [
                12.584860802000037,
                -13.398194312999976
              ],
              [
                12.58791732900005,
                -13.397640227999943
              ],
              [
                12.596528053000043,
                -13.387639045999947
              ],
              [
                12.599306107000075,
                -13.386527060999981
              ],
              [
                12.60041618400004,
                -13.380416869999976
              ],
              [
                12.60375023000006,
                -13.378473281999959
              ],
              [
                12.606250763000048,
                -13.371250152999949
              ],
              [
                12.608472824000046,
                -13.369305610999959
              ],
              [
                12.613471031000074,
                -13.359026908999965
              ],
              [
                12.623193741000023,
                -13.352639197999963
              ],
              [
                12.628472328000043,
                -13.354305266999972
              ],
              [
                12.629584312000077,
                -13.352360724999926
              ],
              [
                12.635695457000054,
                -13.352360724999926
              ],
              [
                12.645139694000022,
                -13.344860076999964
              ],
              [
                12.646248817000071,
                -13.340417861999981
              ],
              [
                12.651528358000064,
                -13.340417861999981
              ],
              [
                12.652084352000031,
                -13.332361220999928
              ],
              [
                12.647917748000054,
                -13.324028968999926
              ],
              [
                12.65347194800006,
                -13.320416450999971
              ],
              [
                12.652084352000031,
                -13.317084311999963
              ],
              [
                12.652638436000075,
                -13.31402778599994
              ],
              [
                12.646248817000071,
                -13.300139426999976
              ],
              [
                12.640971184000023,
                -13.29625034299994
              ],
              [
                12.638472557000057,
                -13.29625034299994
              ],
              [
                12.638472557000057,
                -13.289859771999943
              ],
              [
                12.642360687000064,
                -13.288749694999979
              ],
              [
                12.647917748000054,
                -13.293472289999954
              ],
              [
                12.655415536000021,
                -13.295138358999964
              ],
              [
                12.659306526000023,
                -13.289028167999959
              ],
              [
                12.659029007000072,
                -13.285694121999938
              ],
              [
                12.644582748000062,
                -13.283748626999966
              ],
              [
                12.654862404000028,
                -13.244860648999975
              ],
              [
                12.664304733000051,
                -13.25652694699994
              ],
              [
                12.671526909000022,
                -13.25791454299997
              ],
              [
                12.67736244300005,
                -13.254860877999931
              ],
              [
                12.682082176000051,
                -13.249029159999964
              ],
              [
                12.681762696000021,
                -13.247305869999934
              ],
              [
                12.691527367000049,
                -13.243750571999954
              ],
              [
                12.695973396000056,
                -13.239027976999978
              ],
              [
                12.700971603000028,
                -13.24041557299995
              ],
              [
                12.706527710000046,
                -13.237360000999956
              ],
              [
                12.707637787000067,
                -13.229305266999972
              ],
              [
                12.709859848000065,
                -13.227639197999963
              ],
              [
                12.710971832000041,
                -13.222360610999942
              ],
              [
                12.709859848000065,
                -13.215971946999957
              ],
              [
                12.705694200000039,
                -13.210971831999927
              ],
              [
                12.709305764000021,
                -13.211806296999953
              ],
              [
                12.710694313000033,
                -13.210694312999976
              ],
              [
                12.716805458000067,
                -13.214859961999935
              ],
              [
                12.717361451000045,
                -13.219582557999956
              ],
              [
                12.719305038000073,
                -13.221529006999958
              ],
              [
                12.720417023000039,
                -13.23180580099995
              ],
              [
                12.722639084000036,
                -13.232917785999973
              ],
              [
                12.729306222000048,
                -13.232361793999928
              ],
              [
                12.73736000100007,
                -13.227360724999926
              ],
              [
                12.740973474000043,
                -13.226804732999938
              ],
              [
                12.748473168000032,
                -13.21763896899995
              ],
              [
                12.74291706200006,
                -13.212081908999949
              ],
              [
                12.74291706200006,
                -13.210140227999943
              ],
              [
                12.743748666000045,
                -13.207083701999977
              ],
              [
                12.75041675600005,
                -13.199027060999981
              ],
              [
                12.755971909000039,
                -13.198471068999936
              ],
              [
                12.757083893000072,
                -13.203471183999966
              ],
              [
                12.75958442700005,
                -13.202362060999974
              ],
              [
                12.760972024000068,
                -13.199583053999959
              ],
              [
                12.762638092000032,
                -13.199860572999967
              ],
              [
                12.763471603000028,
                -13.202362060999974
              ],
              [
                12.765693665000072,
                -13.202639579999982
              ],
              [
                12.770417214000076,
                -13.200416564999955
              ],
              [
                12.772360803000026,
                -13.194861411999966
              ],
              [
                12.775694847000068,
                -13.196249007999938
              ],
              [
                12.782084466000072,
                -13.196249007999938
              ],
              [
                12.783472061000055,
                -13.195138930999974
              ],
              [
                12.792637826000032,
                -13.17819404599993
              ],
              [
                12.79486084000007,
                -13.162084578999952
              ],
              [
                12.78125,
                -13.159028052999929
              ],
              [
                12.779582977000075,
                -13.154583930999934
              ],
              [
                12.819307327000047,
                -13.13014030499994
              ],
              [
                12.822083473000077,
                -13.137360572999967
              ],
              [
                12.821806908000042,
                -13.140657424999972
              ],
              [
                12.829027176000068,
                -13.139026641999976
              ],
              [
                12.834861756000066,
                -13.13319396999998
              ],
              [
                12.835417747000065,
                -13.124028205999934
              ],
              [
                12.840971947000071,
                -13.11541652699998
              ],
              [
                12.851529121000056,
                -13.110138892999942
              ],
              [
                12.859026910000068,
                -13.109861373999934
              ],
              [
                12.865415574000053,
                -13.104583739999953
              ],
              [
                12.875972749000027,
                -13.104862212999933
              ],
              [
                12.881805420000035,
                -13.095417975999965
              ],
              [
                12.883194923000076,
                -13.082917212999973
              ],
              [
                12.887918472000024,
                -13.074305533999961
              ],
              [
                12.890418053000076,
                -13.073193549999928
              ],
              [
                12.892640114000073,
                -13.064305304999948
              ],
              [
                12.898750305000021,
                -13.059582709999972
              ],
              [
                12.899860382000043,
                -13.055137633999948
              ],
              [
                12.90708255800007,
                -13.054306983999936
              ],
              [
                12.909304619000068,
                -13.050138473999937
              ],
              [
                12.909304619000068,
                -13.044861793999928
              ],
              [
                12.915693283000053,
                -13.04430580099995
              ],
              [
                12.917639732000055,
                -13.041249274999927
              ],
              [
                12.916806221000058,
                -13.033194541999933
              ],
              [
                12.917916299000069,
                -13.030694961999927
              ],
              [
                12.921250344000043,
                -13.029582976999961
              ],
              [
                12.92402839700003,
                -13.024862288999941
              ],
              [
                12.928195,
                -13.023471831999927
              ],
              [
                12.931248665000055,
                -13.019027709999932
              ],
              [
                12.942084312000077,
                -13.018194198999936
              ],
              [
                12.94375038100003,
                -13.014026641999976
              ],
              [
                12.944027901000027,
                -13.00652694699994
              ],
              [
                12.95236015300003,
                -13.000694274999944
              ],
              [
                12.953472137000063,
                -12.99736022899998
              ],
              [
                12.961526872000036,
                -12.993472098999973
              ],
              [
                12.965139389000058,
                -12.987640380999949
              ],
              [
                12.965695381000046,
                -12.982360839999956
              ],
              [
                12.968749047000074,
                -12.982639312999936
              ],
              [
                12.970417976000022,
                -12.984582900999953
              ],
              [
                12.97680568800007,
                -12.984305381999945
              ],
              [
                12.97875023000006,
                -12.982639312999936
              ],
              [
                12.980137825000043,
                -12.97097206099994
              ],
              [
                12.97708416000006,
                -12.957917212999973
              ],
              [
                12.971528053000043,
                -12.947081565999952
              ],
              [
                12.965139389000058,
                -12.938750266999932
              ],
              [
                12.966252327000063,
                -12.935972213999946
              ],
              [
                12.965139389000058,
                -12.930971145999933
              ],
              [
                12.96652698500003,
                -12.92791652699998
              ],
              [
                12.96291732900005,
                -12.932083129999967
              ],
              [
                12.961526872000036,
                -12.930138587999977
              ],
              [
                12.960139275000074,
                -12.923473357999967
              ],
              [
                12.956805230000043,
                -12.918472289999954
              ],
              [
                12.950971604000074,
                -12.901245116999974
              ],
              [
                12.95374965700006,
                -12.89763927499996
              ],
              [
                12.950971604000074,
                -12.897083281999926
              ],
              [
                12.949861526000063,
                -12.89041614499996
              ],
              [
                12.948193550000042,
                -12.888194083999963
              ],
              [
                12.946528436000051,
                -12.88847160299997
              ],
              [
                12.93986129800004,
                -12.868750571999954
              ],
              [
                12.93736076500005,
                -12.858194350999952
              ],
              [
                12.937083245000053,
                -12.848749160999944
              ],
              [
                12.940138817000047,
                -12.834028243999967
              ],
              [
                12.944862367000042,
                -12.829859733999967
              ],
              [
                12.951250077000054,
                -12.829584121999972
              ],
              [
                12.956251145000067,
                -12.825693129999934
              ],
              [
                12.970417976000022,
                -12.819861411999966
              ],
              [
                12.974862099000063,
                -12.81541728999997
              ],
              [
                12.983195305000038,
                -12.800136565999935
              ],
              [
                12.99847221500005,
                -12.788473128999954
              ],
              [
                13.001527786000054,
                -12.78513812999995
              ],
              [
                13.002916336000055,
                -12.780694007999955
              ],
              [
                13.011804581000035,
                -12.771527289999938
              ],
              [
                13.021248817000071,
                -12.764305114999956
              ],
              [
                13.029582024000035,
                -12.76041698499995
              ],
              [
                13.032916069000066,
                -12.753749846999938
              ],
              [
                13.041251183000043,
                -12.746806144999937
              ],
              [
                13.056805612000062,
                -12.741249083999946
              ],
              [
                13.065973283000062,
                -12.73180675499998
              ],
              [
                13.07486057400007,
                -12.716251372999977
              ],
              [
                13.077639580000039,
                -12.714027404999968
              ],
              [
                13.086250306000068,
                -12.709583281999926
              ],
              [
                13.09652710100005,
                -12.707917212999973
              ],
              [
                13.117361069000026,
                -12.680417060999957
              ],
              [
                13.130971909000039,
                -12.676806449999958
              ],
              [
                13.13458442800004,
                -12.672081946999981
              ],
              [
                13.139860154000075,
                -12.66958427399993
              ],
              [
                13.14430427700006,
                -12.657361030999937
              ],
              [
                13.145973206000065,
                -12.645137786999953
              ],
              [
                13.15041732800006,
                -12.635971068999936
              ],
              [
                13.15402698500003,
                -12.634305
              ],
              [
                13.159861565000028,
                -12.627084731999958
              ],
              [
                13.163749695000035,
                -12.625972747999981
              ],
              [
                13.16819381700003,
                -12.62041568799998
              ],
              [
                13.186805725000056,
                -12.610695838999959
              ],
              [
                13.191805840000029,
                -12.602083205999975
              ],
              [
                13.199304581000035,
                -12.597915648999958
              ],
              [
                13.201251031000027,
                -12.599028586999964
              ],
              [
                13.204304696000065,
                -12.598195075999968
              ],
              [
                13.204860687000064,
                -12.602639197999963
              ],
              [
                13.202361108000048,
                -12.605694770999946
              ],
              [
                13.202361108000048,
                -12.61180591599998
              ],
              [
                13.214305878000062,
                -12.61874961899997
              ],
              [
                13.218194009000058,
                -12.619305610999959
              ],
              [
                13.226250648000075,
                -12.614306449999958
              ],
              [
                13.227639199000066,
                -12.61541557299995
              ],
              [
                13.227083206000032,
                -12.619859694999946
              ],
              [
                13.234861374000047,
                -12.622637748999978
              ],
              [
                13.24514007700003,
                -12.619305610999959
              ],
              [
                13.26652813100003,
                -12.600417136999965
              ],
              [
                13.267361641000036,
                -12.592915534999975
              ],
              [
                13.265139580000039,
                -12.59236240399997
              ],
              [
                13.264026642000033,
                -12.590138434999972
              ],
              [
                13.262360573000024,
                -12.590971946999957
              ],
              [
                13.261527062000027,
                -12.589305877999948
              ],
              [
                13.264862062000077,
                -12.58347129799995
              ],
              [
                13.266805650000038,
                -12.583195685999954
              ],
              [
                13.269583702000034,
                -12.586527823999972
              ],
              [
                13.27513790200004,
                -12.586250304999965
              ],
              [
                13.280417443000033,
                -12.589584350999928
              ],
              [
                13.285139084000036,
                -12.589584350999928
              ],
              [
                13.288748742000053,
                -12.587362288999941
              ],
              [
                13.294584274000044,
                -12.586527823999972
              ],
              [
                13.301806451000061,
                -12.58013915999993
              ],
              [
                13.302082062000068,
                -12.589305877999948
              ],
              [
                13.306250572000067,
                -12.590971946999957
              ],
              [
                13.305694581000068,
                -12.593194007999955
              ],
              [
                13.308195114000057,
                -12.598195075999968
              ],
              [
                13.318193437000048,
                -12.603472709999949
              ],
              [
                13.318193437000048,
                -12.607083320999948
              ],
              [
                13.320416452000075,
                -12.609305381999945
              ],
              [
                13.327637672000037,
                -12.610418319999951
              ],
              [
                13.329582214000027,
                -12.613471984999933
              ],
              [
                13.342638969000063,
                -12.613194465999982
              ],
              [
                13.380140306000044,
                -12.592638015999967
              ],
              [
                13.389026643000022,
                -12.584027289999938
              ],
              [
                13.391804695000076,
                -12.582915305999961
              ],
              [
                13.40236187000005,
                -12.568750380999973
              ],
              [
                13.406528473000037,
                -12.559306144999937
              ],
              [
                13.410138131000053,
                -12.55680465699993
              ],
              [
                13.411804199000073,
                -12.557083129999967
              ],
              [
                13.421526909000022,
                -12.546528815999977
              ],
              [
                13.44986057400007,
                -12.530970572999934
              ],
              [
                13.456806184000072,
                -12.524861335999958
              ],
              [
                13.459584236000069,
                -12.52430534399997
              ],
              [
                13.474305153000046,
                -12.509861945999944
              ],
              [
                13.482084275000034,
                -12.496805190999964
              ],
              [
                13.485137940000072,
                -12.476805686999967
              ],
              [
                13.484583856000029,
                -12.468473433999975
              ],
              [
                13.480139733000044,
                -12.462360381999929
              ],
              [
                13.47736072500004,
                -12.454584121999972
              ],
              [
                13.479583740000066,
                -12.454028129999926
              ],
              [
                13.481805801000064,
                -12.455971717999944
              ],
              [
                13.485137940000072,
                -12.45514011399996
              ],
              [
                13.480695724000043,
                -12.453193664999958
              ],
              [
                13.479862214000036,
                -12.447360991999972
              ],
              [
                13.482640266000033,
                -12.44791698499995
              ],
              [
                13.483194351000066,
                -12.441250800999967
              ],
              [
                13.48736000200006,
                -12.43597316699993
              ],
              [
                13.49152755700004,
                -12.422082900999953
              ],
              [
                13.510137558000054,
                -12.39069461799994
              ],
              [
                13.515972138000052,
                -12.372083663999945
              ],
              [
                13.519584657000053,
                -12.369305610999959
              ],
              [
                13.525973320000048,
                -12.369027137999979
              ],
              [
                13.526527405000024,
                -12.365139007999971
              ],
              [
                13.524582863000035,
                -12.368195533999938
              ],
              [
                13.521250726000062,
                -12.36736106899997
              ],
              [
                13.53625011400004,
                -12.34986209899995
              ],
              [
                13.540140152000049,
                -12.348194121999938
              ],
              [
                13.540971756000033,
                -12.34597206099994
              ],
              [
                13.545415879000075,
                -12.343193053999926
              ],
              [
                13.550416946000041,
                -12.341249465999965
              ],
              [
                13.550695420000068,
                -12.339304923999975
              ],
              [
                13.555138589000023,
                -12.335416793999968
              ],
              [
                13.562640191000071,
                -12.331528663999961
              ],
              [
                13.563471795000055,
                -12.32958221399997
              ],
              [
                13.57124996300007,
                -12.32486152599995
              ],
              [
                13.581251144000078,
                -12.315695762999951
              ],
              [
                13.584027290000051,
                -12.314862250999965
              ],
              [
                13.583748817000071,
                -12.31736183199996
              ],
              [
                13.57680511600006,
                -12.321528434999948
              ],
              [
                13.561528206000048,
                -12.33486080199998
              ],
              [
                13.556527138000035,
                -12.336526870999933
              ],
              [
                13.54847335900007,
                -12.34569358799996
              ],
              [
                13.550695420000068,
                -12.350693702999934
              ],
              [
                13.556527138000035,
                -12.353194236999968
              ],
              [
                13.560415268000042,
                -12.351528167999959
              ],
              [
                13.564583779000031,
                -12.35263824499998
              ],
              [
                13.564862251000022,
                -12.348750113999927
              ],
              [
                13.568194389000041,
                -12.351249694999979
              ],
              [
                13.57513904700005,
                -12.347640037999952
              ],
              [
                13.585139275000074,
                -12.335695266999949
              ],
              [
                13.588472367000065,
                -12.327360152999972
              ],
              [
                13.599584580000055,
                -12.310694694999938
              ],
              [
                13.604861259000074,
                -12.305138587999977
              ],
              [
                13.610694885000044,
                -12.292916297999966
              ],
              [
                13.622637750000024,
                -12.279861449999942
              ],
              [
                13.630139351000025,
                -12.275973319999935
              ],
              [
                13.633749009000041,
                -12.26263999899993
              ],
              [
                13.637083054000072,
                -12.258749007999938
              ],
              [
                13.639861108000048,
                -12.257917403999954
              ],
              [
                13.64319419900005,
                -12.253194808999979
              ],
              [
                13.647640228000057,
                -12.250972747999981
              ],
              [
                13.652084351000042,
                -12.244305610999959
              ],
              [
                13.655138970000053,
                -12.23708438899996
              ],
              [
                13.655694962000041,
                -12.227639197999963
              ],
              [
                13.65708255800007,
                -12.225973128999954
              ],
              [
                13.654028893000032,
                -12.211250304999965
              ],
              [
                13.660139084000036,
                -12.200416564999955
              ],
              [
                13.66125106800007,
                -12.193194388999927
              ],
              [
                13.663748742000053,
                -12.189583777999928
              ],
              [
                13.664583206000032,
                -12.181528090999961
              ],
              [
                13.668749810000065,
                -12.17125129699997
              ],
              [
                13.669584274000044,
                -12.160694121999938
              ],
              [
                13.672916413000053,
                -12.159584044999974
              ],
              [
                13.673472404000051,
                -12.14569473299997
              ],
              [
                13.67486000100007,
                -12.143472671999973
              ],
              [
                13.677638055000045,
                -12.143472671999973
              ],
              [
                13.68069362700004,
                -12.14069461799994
              ],
              [
                13.682360649000032,
                -12.136528014999953
              ],
              [
                13.686248779000039,
                -12.136805533999961
              ],
              [
                13.690973282000073,
                -12.12986183199996
              ],
              [
                13.695972443000073,
                -12.127639770999963
              ],
              [
                13.708473206000065,
                -12.104583739999953
              ],
              [
                13.711528779000048,
                -12.08680438999994
              ],
              [
                13.710416795000071,
                -12.07513999899993
              ],
              [
                13.712082864000024,
                -12.070973395999943
              ],
              [
                13.710695267000062,
                -12.061806678999972
              ],
              [
                13.714860916000077,
                -12.054306029999964
              ],
              [
                13.715970993000042,
                -12.04930591599998
              ],
              [
                13.717361450000055,
                -12.049028396999972
              ],
              [
                13.717082977000075,
                -12.046526908999965
              ],
              [
                13.720971107000025,
                -12.04208278699997
              ],
              [
                13.720417976000022,
                -12.039029120999942
              ],
              [
                13.722084045000031,
                -12.036628722999978
              ],
              [
                13.722640038000065,
                -12.030971526999963
              ],
              [
                13.720971107000025,
                -12.021528243999967
              ],
              [
                13.722917557000073,
                -12.019862174999957
              ],
              [
                13.726249696000025,
                -12.00875091599994
              ],
              [
                13.724583626000026,
                -12.001806258999977
              ],
              [
                13.725972177000074,
                -11.989583014999937
              ],
              [
                13.728194238000071,
                -11.98736095399994
              ],
              [
                13.732084274000044,
                -11.987639426999976
              ],
              [
                13.738702775000036,
                -11.979825973999937
              ],
              [
                13.745139123000058,
                -11.976528167999959
              ],
              [
                13.749861717000044,
                -11.969305991999931
              ],
              [
                13.75541591700005,
                -11.964027404999968
              ],
              [
                13.758193970000036,
                -11.963473319999935
              ],
              [
                13.763195039000038,
                -11.95652675599996
              ],
              [
                13.76430511500007,
                -11.948193549999928
              ],
              [
                13.763195039000038,
                -11.942917823999949
              ],
              [
                13.767916679000052,
                -11.933751105999931
              ],
              [
                13.767360688000053,
                -11.921527862999937
              ],
              [
                13.769861221000042,
                -11.907361030999937
              ],
              [
                13.773749353000028,
                -11.896528243999967
              ],
              [
                13.775415422000037,
                -11.895416259999934
              ],
              [
                13.775415422000037,
                -11.89264011399996
              ],
              [
                13.77875042100004,
                -11.890418052999962
              ],
              [
                13.778471947000071,
                -11.868472098999973
              ],
              [
                13.777084351000042,
                -11.864027976999978
              ],
              [
                13.778194427000074,
                -11.862917899999957
              ],
              [
                13.77736187000005,
                -11.859027862999937
              ],
              [
                13.779027940000049,
                -11.857917785999973
              ],
              [
                13.779583931000047,
                -11.85486125899996
              ],
              [
                13.77930641200004,
                -11.84763908399998
              ],
              [
                13.783193589000064,
                -11.834584235999955
              ],
              [
                13.79180526700003,
                -11.823748588999933
              ],
              [
                13.793748856000036,
                -11.812359809999975
              ],
              [
                13.794027328000027,
                -11.791528701999937
              ],
              [
                13.792638780000061,
                -11.787637710999945
              ],
              [
                13.794860841000059,
                -11.785415648999958
              ],
              [
                13.797917367000025,
                -11.777361869999936
              ],
              [
                13.797917367000025,
                -11.770468711999968
              ],
              [
                13.797917367000025,
                -11.75680637399995
              ],
              [
                13.793748856000036,
                -11.743194579999965
              ],
              [
                13.794027328000027,
                -11.726805686999967
              ],
              [
                13.787637712000048,
                -11.70874977099993
              ],
              [
                13.788473130000057,
                -11.699028014999953
              ],
              [
                13.790972710000062,
                -11.694582938999929
              ],
              [
                13.790695190000065,
                -11.68847083999998
              ],
              [
                13.784582138000076,
                -11.671527862999937
              ],
              [
                13.78625011500003,
                -11.665695189999951
              ],
              [
                13.781805992000045,
                -11.648471831999927
              ],
              [
                13.781528473000037,
                -11.638193129999934
              ],
              [
                13.784028053000043,
                -11.636804580999978
              ],
              [
                13.784028053000043,
                -11.632082938999929
              ],
              [
                13.780694009000058,
                -11.625971793999952
              ],
              [
                13.786804199000073,
                -11.619028090999961
              ],
              [
                13.787360192000051,
                -11.613195418999965
              ],
              [
                13.778471947000071,
                -11.59569358799996
              ],
              [
                13.77569580100004,
                -11.59375
              ],
              [
                13.77208328200004,
                -11.587082862999978
              ],
              [
                13.76847267200003,
                -11.57819461799994
              ],
              [
                13.769582749000051,
                -11.575695037999935
              ],
              [
                13.774582863000035,
                -11.575415610999926
              ],
              [
                13.78125,
                -11.56930637399995
              ],
              [
                13.783193589000064,
                -11.557639121999955
              ],
              [
                13.78597164200005,
                -11.552639007999971
              ],
              [
                13.78597164200005,
                -11.544657706999942
              ],
              [
                13.77930641200004,
                -11.528195380999932
              ],
              [
                13.779862405000074,
                -11.52263927499996
              ],
              [
                13.783472061000055,
                -11.520137786999953
              ],
              [
                13.783472061000055,
                -11.505970954999952
              ],
              [
                13.782084466000072,
                -11.500416755999936
              ],
              [
                13.783193589000064,
                -11.499029159999964
              ],
              [
                13.786804199000073,
                -11.49958324399995
              ],
              [
                13.787637712000048,
                -11.497917174999941
              ],
              [
                13.787628175000066,
                -11.49236011499994
              ],
              [
                13.785415650000061,
                -11.48708438899996
              ],
              [
                13.788473130000057,
                -11.484862327999963
              ],
              [
                13.791251183000043,
                -11.478749274999927
              ],
              [
                13.790972710000062,
                -11.47458267199994
              ],
              [
                13.794027328000027,
                -11.469861030999937
              ],
              [
                13.79347324400004,
                -11.463193892999982
              ],
              [
                13.797082902000056,
                -11.457916259999934
              ],
              [
                13.796251298000072,
                -11.450972556999943
              ],
              [
                13.797638893000055,
                -11.44819545699994
              ],
              [
                13.792638780000061,
                -11.430972098999973
              ],
              [
                13.795416832000058,
                -11.430693625999936
              ],
              [
                13.798194886000033,
                -11.428193091999958
              ],
              [
                13.797361374000047,
                -11.41874885599998
              ],
              [
                13.799860954000053,
                -11.41013812999995
              ],
              [
                13.80236244200006,
                -11.408749579999949
              ],
              [
                13.804306031000067,
                -11.398195266999949
              ],
              [
                13.80569362600005,
                -11.396804809999935
              ],
              [
                13.804583549000029,
                -11.386807441999963
              ],
              [
                13.803193093000061,
                -11.38513755799994
              ],
              [
                13.802639961000068,
                -11.371526717999927
              ],
              [
                13.800139428000023,
                -11.36402893099995
              ],
              [
                13.796251298000072,
                -11.35847186999996
              ],
              [
                13.796251298000072,
                -11.34374904599997
              ],
              [
                13.797638893000055,
                -11.340970992999928
              ],
              [
                13.799860954000053,
                -11.340970992999928
              ],
              [
                13.801527023000062,
                -11.338473319999935
              ],
              [
                13.800139428000023,
                -11.329028129999926
              ],
              [
                13.80236244200006,
                -11.326527595999949
              ],
              [
                13.80402755800003,
                -11.327083587999937
              ],
              [
                13.808471681000071,
                -11.324028014999953
              ],
              [
                13.808194161000074,
                -11.320695876999935
              ],
              [
                13.809583664000058,
                -11.318470954999952
              ],
              [
                13.812915803000067,
                -11.316804885999943
              ],
              [
                13.817083359000037,
                -11.318195342999957
              ],
              [
                13.820973397000046,
                -11.315973281999959
              ],
              [
                13.82680511500007,
                -11.31541728999997
              ],
              [
                13.825972558000046,
                -11.31097316699993
              ],
              [
                13.829584123000075,
                -11.308472632999951
              ],
              [
                13.829861642000026,
                -11.289860724999926
              ],
              [
                13.824583055000062,
                -11.246806144999937
              ],
              [
                13.825693130000047,
                -11.239304542999946
              ],
              [
                13.831250191000038,
                -11.235973357999967
              ],
              [
                13.833472253000025,
                -11.230973243999927
              ],
              [
                13.833749772000033,
                -11.21569442699996
              ],
              [
                13.832362175000071,
                -11.209304809999935
              ],
              [
                13.834305763000032,
                -11.203473090999978
              ],
              [
                13.834584236000069,
                -11.18736171699993
              ],
              [
                13.836250305000021,
                -11.186248778999982
              ],
              [
                13.83763790100005,
                -11.181248664999941
              ],
              [
                13.839305879000051,
                -11.145973205999951
              ],
              [
                13.84125042100004,
                -11.140972136999949
              ],
              [
                13.847083092000048,
                -11.099305152999932
              ],
              [
                13.85180473400004,
                -11.08902835799995
              ],
              [
                13.857361795000031,
                -11.070138930999974
              ],
              [
                13.858471870000074,
                -11.05791568799998
              ],
              [
                13.85541534400005,
                -11.042917251999938
              ],
              [
                13.855695724000043,
                -11.036528586999964
              ],
              [
                13.857640266000033,
                -11.02986240399997
              ],
              [
                13.861249925000038,
                -11.029583930999934
              ],
              [
                13.862915993000058,
                -11.027638434999972
              ],
              [
                13.865138054000056,
                -11.020417212999973
              ],
              [
                13.86486244300005,
                -11.009860038999932
              ],
              [
                13.863471986000036,
                -11.008749961999968
              ],
              [
                13.86236000100007,
                -11.00152778599994
              ],
              [
                13.86069393200006,
                -11.000694274999944
              ],
              [
                13.85430526700003,
                -10.95986080199998
              ],
              [
                13.845417024000028,
                -10.93708324399995
              ],
              [
                13.834859848000065,
                -10.915417670999943
              ],
              [
                13.827638627000056,
                -10.904582976999961
              ],
              [
                13.828195572000027,
                -10.902082442999927
              ],
              [
                13.815416336000055,
                -10.883749007999938
              ],
              [
                13.802914620000024,
                -10.87041568799998
              ],
              [
                13.801248551000072,
                -10.867083548999972
              ],
              [
                13.80236244200006,
                -10.864306449999958
              ],
              [
                13.80041694700003,
                -10.86375045799997
              ],
              [
                13.794860841000059,
                -10.857360839999956
              ],
              [
                13.789029121000056,
                -10.84569358799996
              ],
              [
                13.783472061000055,
                -10.839584350999928
              ],
              [
                13.776805879000051,
                -10.827638625999953
              ],
              [
                13.762359619000051,
                -10.809862136999982
              ],
              [
                13.736525537000034,
                -10.782917975999965
              ],
              [
                13.736806871000056,
                -10.78041744199993
              ],
              [
                13.73235988700003,
                -10.771804809999935
              ],
              [
                13.72347164200005,
                -10.761528014999953
              ],
              [
                13.720696450000048,
                -10.760417937999932
              ],
              [
                13.718749047000074,
                -10.755970954999952
              ],
              [
                13.72152710000006,
                -10.752638816999934
              ],
              [
                13.726805687000024,
                -10.751805304999948
              ],
              [
                13.729583741000056,
                -10.74958324399995
              ],
              [
                13.741250993000051,
                -10.749029159999964
              ],
              [
                13.744583130000024,
                -10.746805190999964
              ],
              [
                13.746526718000041,
                -10.743473052999946
              ],
              [
                13.746526718000041,
                -10.736528396999972
              ],
              [
                13.748195648000035,
                -10.731249808999962
              ],
              [
                13.751527787000043,
                -10.729862212999933
              ],
              [
                13.75708198500007,
                -10.719861030999937
              ],
              [
                13.765417099000047,
                -10.71791744199993
              ],
              [
                13.77319336000005,
                -10.71374988599996
              ],
              [
                13.777638435000028,
                -10.705971717999944
              ],
              [
                13.77875042100004,
                -10.700139045999947
              ],
              [
                13.780694009000058,
                -10.699583053999959
              ],
              [
                13.782916070000056,
                -10.696249007999938
              ],
              [
                13.781805992000045,
                -10.683750152999949
              ],
              [
                13.780139924000025,
                -10.682638167999926
              ],
              [
                13.76652908400007,
                -10.655138015999967
              ],
              [
                13.762916566000058,
                -10.652638434999972
              ],
              [
                13.761807442000077,
                -10.64958381699995
              ],
              [
                13.750417710000022,
                -10.636804580999978
              ],
              [
                13.748748779000039,
                -10.636528968999926
              ],
              [
                13.748541833000047,
                -10.633969306999973
              ],
              [
                13.745139123000058,
                -10.629584311999963
              ],
              [
                13.741526604000057,
                -10.626806258999977
              ],
              [
                13.734304429000076,
                -10.617082595999932
              ],
              [
                13.730137826000032,
                -10.614304542999946
              ],
              [
                13.729027748000021,
                -10.610973357999967
              ],
              [
                13.723194122000052,
                -10.606249808999962
              ],
              [
                13.72180557400003,
                -10.602359771999943
              ],
              [
                13.71458339700007,
                -10.596249579999949
              ],
              [
                13.712638855000023,
                -10.590970992999928
              ],
              [
                13.707637787000067,
                -10.587638854999966
              ],
              [
                13.707084656000063,
                -10.58486080199998
              ],
              [
                13.698472024000068,
                -10.577360152999972
              ],
              [
                13.696528436000051,
                -10.573472022999965
              ],
              [
                13.687360764000061,
                -10.56541538199997
              ],
              [
                13.680416107000042,
                -10.556248664999941
              ],
              [
                13.677638055000045,
                -10.55486106899997
              ],
              [
                13.668749810000065,
                -10.539304732999938
              ],
              [
                13.664583206000032,
                -10.534860610999942
              ],
              [
                13.663471223000045,
                -10.53513908399998
              ],
              [
                13.659029007000072,
                -10.526250838999943
              ],
              [
                13.648471832000041,
                -10.515139579999982
              ],
              [
                13.646528244000024,
                -10.511248588999933
              ],
              [
                13.644583702000034,
                -10.51069545699994
              ],
              [
                13.644027710000046,
                -10.507082938999929
              ],
              [
                13.635139466000055,
                -10.498749732999954
              ],
              [
                13.62152767200007,
                -10.480694770999946
              ],
              [
                13.590694428000063,
                -10.450139045999947
              ],
              [
                13.565137864000064,
                -10.428193091999958
              ],
              [
                13.558193208000034,
                -10.41930675499998
              ],
              [
                13.544305801000064,
                -10.40652847299998
              ],
              [
                13.529861451000045,
                -10.389027595999949
              ],
              [
                13.529582978000064,
                -10.387638091999975
              ],
              [
                13.531526566000025,
                -10.386249541999973
              ],
              [
                13.531249046000028,
                -10.382639884999946
              ],
              [
                13.533748627000023,
                -10.37986183199996
              ],
              [
                13.533748627000023,
                -10.375416755999936
              ],
              [
                13.535971643000039,
                -10.374860763999948
              ],
              [
                13.53625011400004,
                -10.371805190999964
              ],
              [
                13.546251297000026,
                -10.365138053999942
              ],
              [
                13.547917366000036,
                -10.361528396999972
              ],
              [
                13.542637825000043,
                -10.33680438999994
              ],
              [
                13.54319381700003,
                -10.331527709999932
              ],
              [
                13.53208255900006,
                -10.307638167999926
              ],
              [
                13.534584045000031,
                -10.30319404599993
              ],
              [
                13.534028053000043,
                -10.294860839999956
              ],
              [
                13.529305458000067,
                -10.285695075999968
              ],
              [
                13.528751374000024,
                -10.277359961999935
              ],
              [
                13.526527405000024,
                -10.272361754999963
              ],
              [
                13.522360803000026,
                -10.26930522899994
              ],
              [
                13.522360803000026,
                -10.26736068699995
              ],
              [
                13.51624965800005,
                -10.259025573999963
              ],
              [
                13.513194084000077,
                -10.257360457999937
              ],
              [
                13.499304771000027,
                -10.24251174899996
              ],
              [
                13.497917176000044,
                -10.24041652699998
              ],
              [
                13.49652671900003,
                -10.240693091999958
              ],
              [
                13.496251106000045,
                -10.238195418999965
              ],
              [
                13.494860650000021,
                -10.239027022999949
              ],
              [
                13.49347305300006,
                -10.236804961999951
              ],
              [
                13.49708271000003,
                -10.235973357999967
              ],
              [
                13.49708271000003,
                -10.232639312999936
              ],
              [
                13.495139122000069,
                -10.236250876999975
              ],
              [
                13.486249924000049,
                -10.232083320999948
              ],
              [
                13.486805917000027,
                -10.230973243999927
              ],
              [
                13.474026680000065,
                -10.218471526999963
              ],
              [
                13.471529007000072,
                -10.212917327999946
              ],
              [
                13.467361450000055,
                -10.20819473299997
              ],
              [
                13.467638969000063,
                -10.20291614499996
              ],
              [
                13.464859962000048,
                -10.197360038999932
              ],
              [
                13.457362175000071,
                -10.188193320999972
              ],
              [
                13.456806184000072,
                -10.182916640999963
              ],
              [
                13.454584123000075,
                -10.17930507699998
              ],
              [
                13.455415727000059,
                -10.174860000999956
              ],
              [
                13.459305764000021,
                -10.17263793899997
              ],
              [
                13.457083703000023,
                -10.167611121999926
              ],
              [
                13.457083703000023,
                -10.162639617999957
              ],
              [
                13.441527368000038,
                -10.141805648999934
              ],
              [
                13.442639351000025,
                -10.137084006999942
              ],
              [
                13.440138817000047,
                -10.122916221999958
              ],
              [
                13.407360077000021,
                -10.08902835799995
              ],
              [
                13.407916069000066,
                -10.083195685999954
              ],
              [
                13.406528473000037,
                -10.083195685999954
              ],
              [
                13.405415535000031,
                -10.086527823999972
              ],
              [
                13.402917862000038,
                -10.085140227999943
              ],
              [
                13.390694619000044,
                -10.073472976999938
              ],
              [
                13.389861107000058,
                -10.07125091599994
              ],
              [
                13.36291694700003,
                -10.048473357999967
              ],
              [
                13.359581948000027,
                -10.04402637499993
              ],
              [
                13.362639428000023,
                -10.036806106999961
              ],
              [
                13.360973358000024,
                -10.03319358799996
              ],
              [
                13.31319522900003,
                -9.98347186999996
              ],
              [
                13.310417175000055,
                -9.977915763999931
              ],
              [
                13.310973167000043,
                -9.975139617999957
              ],
              [
                13.315138817000047,
                -9.973749160999944
              ],
              [
                13.323749543000076,
                -9.977084159999947
              ],
              [
                13.32874965700006,
                -9.976528167999959
              ],
              [
                13.329582214000027,
                -9.97458267199994
              ],
              [
                13.335416795000071,
                -9.970971106999968
              ],
              [
                13.340695382000035,
                -9.960694312999976
              ],
              [
                13.342361450000055,
                -9.953749656999946
              ],
              [
                13.340970993000042,
                -9.94402694699994
              ],
              [
                13.333750725000073,
                -9.927083968999966
              ],
              [
                13.312639236000052,
                -9.894583701999977
              ],
              [
                13.310973167000043,
                -9.886528968999926
              ],
              [
                13.311529161000067,
                -9.877916335999942
              ],
              [
                13.314582826000048,
                -9.874028205999934
              ],
              [
                13.31402683300007,
                -9.86958408399994
              ],
              [
                13.305417061000071,
                -9.850416182999936
              ],
              [
                13.290693284000042,
                -9.824863433999951
              ],
              [
                13.288194657000076,
                -9.818194388999927
              ],
              [
                13.28208255800007,
                -9.810971259999974
              ],
              [
                13.25902652700006,
                -9.775973319999935
              ],
              [
                13.24652767200007,
                -9.762084006999942
              ],
              [
                13.243472100000076,
                -9.755695342999957
              ],
              [
                13.23069477100006,
                -9.73708438899996
              ],
              [
                13.226804733000051,
                -9.733470916999977
              ],
              [
                13.222082139000065,
                -9.725138663999928
              ],
              [
                13.210140228000057,
                -9.709584235999955
              ],
              [
                13.203194618000055,
                -9.703748702999974
              ],
              [
                13.195693970000036,
                -9.687640189999968
              ],
              [
                13.196529388000044,
                -9.682359694999946
              ],
              [
                13.194863320000024,
                -9.68013954199995
              ],
              [
                13.194863320000024,
                -9.675695418999965
              ],
              [
                13.198195457000054,
                -9.676251410999953
              ],
              [
                13.19902896900004,
                -9.678193091999958
              ],
              [
                13.204304696000065,
                -9.678193091999958
              ],
              [
                13.209583283000029,
                -9.67319488499993
              ],
              [
                13.215138435000028,
                -9.672638892999942
              ],
              [
                13.217915535000031,
                -9.670416831999944
              ],
              [
                13.224028587000078,
                -9.660971641999936
              ],
              [
                13.229305268000076,
                -9.65819358799996
              ],
              [
                13.229861259000074,
                -9.652361869999936
              ],
              [
                13.23263931300005,
                -9.65097141299998
              ],
              [
                13.237084390000064,
                -9.64430522899994
              ],
              [
                13.237084390000064,
                -9.63708209999993
              ],
              [
                13.226250648000075,
                -9.605416297999966
              ],
              [
                13.212083818000053,
                -9.585416793999968
              ],
              [
                13.204583169000045,
                -9.571526526999946
              ],
              [
                13.201251031000027,
                -9.569305419999978
              ],
              [
                13.192640305000054,
                -9.558472632999951
              ],
              [
                13.194027902000073,
                -9.555416106999928
              ],
              [
                13.202082635000068,
                -9.552362441999946
              ],
              [
                13.202361108000048,
                -9.546806334999928
              ],
              [
                13.197916986000052,
                -9.53708267199994
              ],
              [
                13.200695038000049,
                -9.535695075999968
              ],
              [
                13.202638627000056,
                -9.53180694599996
              ],
              [
                13.205139160000044,
                -9.53180694599996
              ],
              [
                13.206249238000055,
                -9.52624988599996
              ],
              [
                13.193750382000076,
                -9.501250266999932
              ],
              [
                13.170416833000047,
                -9.465971946999957
              ],
              [
                13.170972824000046,
                -9.463195800999927
              ],
              [
                13.168472291000057,
                -9.45819473299997
              ],
              [
                13.179026605000047,
                -9.44236183199996
              ],
              [
                13.176527024000052,
                -9.434305190999964
              ],
              [
                13.177916527000036,
                -9.412639617999957
              ],
              [
                13.174027443000057,
                -9.405693053999926
              ],
              [
                13.170695306000027,
                -9.395137786999953
              ],
              [
                13.158193588000074,
                -9.370972632999951
              ],
              [
                13.153195381000046,
                -9.364306449999958
              ],
              [
                13.152639390000047,
                -9.352639197999963
              ],
              [
                13.149582864000024,
                -9.349305152999932
              ],
              [
                13.152916909000055,
                -9.34958267199994
              ],
              [
                13.155970574000037,
                -9.34791660299993
              ],
              [
                13.16125011400004,
                -9.341250419999938
              ],
              [
                13.163193704000037,
                -9.326526641999976
              ],
              [
                13.165694237000025,
                -9.322639464999952
              ],
              [
                13.16985988600004,
                -9.321805
              ],
              [
                13.170416833000047,
                -9.327638625999953
              ],
              [
                13.175972939000076,
                -9.330973624999956
              ],
              [
                13.183193208000034,
                -9.33014011399996
              ],
              [
                13.187084198000036,
                -9.327082633999964
              ],
              [
                13.190693856000053,
                -9.317360877999931
              ],
              [
                13.189027786000054,
                -9.310137748999978
              ],
              [
                13.195693970000036,
                -9.30708408399994
              ],
              [
                13.198747635000075,
                -9.301804542999946
              ],
              [
                13.197639466000055,
                -9.298473357999967
              ],
              [
                13.192640305000054,
                -9.295416831999944
              ],
              [
                13.192640305000054,
                -9.292638778999958
              ],
              [
                13.196806908000042,
                -9.290972709999949
              ],
              [
                13.203473092000024,
                -9.290972709999949
              ],
              [
                13.205972673000076,
                -9.28930664099994
              ],
              [
                13.209027290000051,
                -9.27597141299998
              ],
              [
                13.21319580200003,
                -9.270973205999951
              ],
              [
                13.220416070000056,
                -9.266750335999973
              ],
              [
                13.218194009000058,
                -9.260972022999965
              ],
              [
                13.219333649000077,
                -9.256532668999967
              ],
              [
                13.217915535000031,
                -9.255971908999982
              ],
              [
                13.217083931000047,
                -9.257916450999971
              ],
              [
                13.217638016000024,
                -9.262638091999975
              ],
              [
                13.219860077000021,
                -9.266248702999974
              ],
              [
                13.212639809000052,
                -9.270417212999973
              ],
              [
                13.208471299000053,
                -9.275415420999934
              ],
              [
                13.205139160000044,
                -9.289029120999942
              ],
              [
                13.20180511500007,
                -9.29041671799996
              ],
              [
                13.196529388000044,
                -9.290139197999963
              ],
              [
                13.191805840000029,
                -9.29236125899996
              ],
              [
                13.191805840000029,
                -9.295416831999944
              ],
              [
                13.196779251000066,
                -9.298473357999967
              ],
              [
                13.197916986000052,
                -9.301527022999949
              ],
              [
                13.19458198600006,
                -9.306805610999959
              ],
              [
                13.189583778000042,
                -9.308194159999971
              ],
              [
                13.188194276000047,
                -9.310137748999978
              ],
              [
                13.189862252000069,
                -9.315973281999959
              ],
              [
                13.186249734000057,
                -9.326805114999956
              ],
              [
                13.179582596000046,
                -9.33014011399996
              ],
              [
                13.174583436000034,
                -9.329584121999972
              ],
              [
                13.171251297000026,
                -9.327361106999945
              ],
              [
                13.170413972000063,
                -9.321526526999946
              ],
              [
                13.174306871000056,
                -9.317360877999931
              ],
              [
                13.174860955000042,
                -9.315137862999961
              ],
              [
                13.170416833000047,
                -9.310416221999958
              ],
              [
                13.16985988600004,
                -9.302083014999937
              ],
              [
                13.168472291000057,
                -9.302083014999937
              ],
              [
                13.16985988600004,
                -9.310137748999978
              ],
              [
                13.173750878000021,
                -9.31402778599994
              ],
              [
                13.174306871000056,
                -9.316250800999967
              ],
              [
                13.170972824000046,
                -9.319582938999929
              ],
              [
                13.165140152000049,
                -9.320694922999962
              ],
              [
                13.162637711000059,
                -9.32291698499995
              ],
              [
                13.15930557400003,
                -9.332639693999965
              ],
              [
                13.159584045000031,
                -9.337916373999974
              ],
              [
                13.154861451000045,
                -9.34069442699996
              ],
              [
                13.153195381000046,
                -9.345417022999982
              ],
              [
                13.140693665000072,
                -9.327638625999953
              ],
              [
                13.137084008000045,
                -9.318472861999965
              ],
              [
                13.133195877000048,
                -9.313750266999932
              ],
              [
                13.13263988600005,
                -9.310137748999978
              ],
              [
                13.127361299000029,
                -9.302083014999937
              ],
              [
                13.124583244000064,
                -9.301527022999949
              ],
              [
                13.124304772000073,
                -9.297917365999979
              ],
              [
                13.114306450000072,
                -9.286527633999981
              ],
              [
                13.105416298000023,
                -9.271804809999935
              ],
              [
                13.092917442000044,
                -9.255694388999927
              ],
              [
                13.092917442000044,
                -9.249305724999942
              ],
              [
                13.082637788000056,
                -9.231249808999962
              ],
              [
                13.080140115000063,
                -9.229583739999953
              ],
              [
                13.077918054000065,
                -9.222084044999974
              ],
              [
                13.051527977000035,
                -9.187360763999948
              ],
              [
                13.04180526700003,
                -9.16736125899996
              ],
              [
                13.037917137000022,
                -9.15485954299993
              ],
              [
                13.031528474000027,
                -9.145416259999934
              ],
              [
                13.032084465000025,
                -9.143750190999981
              ],
              [
                13.029862404000028,
                -9.139305114999956
              ],
              [
                13.00541591600006,
                -9.111804961999951
              ],
              [
                13.002362251000022,
                -9.105138778999958
              ],
              [
                12.999305725000056,
                -9.104028701999937
              ],
              [
                12.995140076000041,
                -9.096528052999929
              ],
              [
                12.992638589000023,
                -9.08486080199998
              ],
              [
                12.992361070000072,
                -9.070137977999934
              ],
              [
                12.99458313100007,
                -9.041527747999965
              ],
              [
                12.99652767300006,
                -9.032082557999956
              ],
              [
                12.999305725000056,
                -9.029026984999973
              ],
              [
                13.000971794000066,
                -9.027916907999952
              ],
              [
                13.009025575000067,
                -9.027916907999952
              ],
              [
                13.013195039000038,
                -9.025973319999935
              ],
              [
                13.010695457000054,
                -9.029861449999942
              ],
              [
                13.01236057400007,
                -9.029026984999973
              ],
              [
                13.019026756000073,
                -9.033196448999945
              ],
              [
                13.017916680000042,
                -9.035140037999952
              ],
              [
                13.015138626000066,
                -9.035140037999952
              ],
              [
                13.00736045800005,
                -9.034305572999926
              ],
              [
                13.006527901000027,
                -9.032082557999956
              ],
              [
                13.004305841000075,
                -9.032082557999956
              ],
              [
                13.00569439000003,
                -9.034584044999974
              ],
              [
                13.002637864000064,
                -9.036527633999981
              ],
              [
                13.005140306000044,
                -9.041527747999965
              ],
              [
                13.008193971000026,
                -9.040971755999976
              ],
              [
                13.010695457000054,
                -9.043193816999974
              ],
              [
                13.010695457000054,
                -9.047081946999981
              ],
              [
                13.00708198500007,
                -9.056527137999979
              ],
              [
                13.007637978000048,
                -9.060695647999978
              ],
              [
                13.004859925000062,
                -9.064862250999965
              ],
              [
                13.002916336000055,
                -9.064306258999977
              ],
              [
                13.003193855000063,
                -9.066249846999938
              ],
              [
                13.00625038100003,
                -9.071249961999968
              ],
              [
                13.008750916000054,
                -9.070416450999971
              ],
              [
                13.014026643000022,
                -9.072916030999977
              ],
              [
                13.013472558000046,
                -9.074307441999963
              ],
              [
                13.00736045800005,
                -9.074028968999926
              ],
              [
                13.006806374000064,
                -9.07819461799994
              ],
              [
                13.010416985000063,
                -9.082361220999928
              ],
              [
                13.011528970000029,
                -9.08513927499996
              ],
              [
                13.010416985000063,
                -9.087639808999938
              ],
              [
                13.012916565000069,
                -9.090138434999972
              ],
              [
                13.007916452000075,
                -9.092915534999975
              ],
              [
                13.00625038100003,
                -9.101250647999962
              ],
              [
                13.009860993000075,
                -9.102639197999963
              ],
              [
                13.010416985000063,
                -9.10458278699997
              ],
              [
                13.015694619000044,
                -9.105138778999958
              ],
              [
                13.019861222000031,
                -9.098750113999927
              ],
              [
                13.019861222000031,
                -9.09375
              ],
              [
                13.016804695000076,
                -9.09236240399997
              ],
              [
                13.019582749000051,
                -9.080695151999976
              ],
              [
                13.021804811000038,
                -9.080695151999976
              ],
              [
                13.024306297000066,
                -9.078473090999978
              ],
              [
                13.02736187100004,
                -9.06902790099997
              ],
              [
                13.033749581000052,
                -9.067915915999947
              ],
              [
                13.042361259000074,
                -9.057916640999963
              ],
              [
                13.046251298000072,
                -9.057360648999975
              ],
              [
                13.052915573000064,
                -9.052360534999934
              ],
              [
                13.057915689000026,
                -9.043749808999962
              ],
              [
                13.064305305000062,
                -9.025973319999935
              ],
              [
                13.070693016000064,
                -9.02069473299997
              ],
              [
                13.069026948000044,
                -9.017638205999958
              ],
              [
                13.071805,
                -9.017359733999967
              ],
              [
                13.072916986000052,
                -9.01430606799994
              ],
              [
                13.070417405000057,
                -9.015693664999958
              ],
              [
                13.074027061000038,
                -9.00819301599995
              ],
              [
                13.07375240400006,
                -9.002638816999934
              ],
              [
                13.077918054000065,
                -8.99958324399995
              ],
              [
                13.084859849000054,
                -8.997917174999941
              ],
              [
                13.091251374000024,
                -8.992637633999948
              ],
              [
                13.097083092000048,
                -8.975694655999973
              ],
              [
                13.101527214000043,
                -8.969026565999968
              ],
              [
                13.101527214000043,
                -8.964305877999948
              ],
              [
                13.104306221000058,
                -8.959028243999967
              ],
              [
                13.107915879000075,
                -8.95874977099993
              ],
              [
                13.112084389000074,
                -8.954305648999934
              ],
              [
                13.115415573000064,
                -8.955694198999936
              ],
              [
                13.126805305000062,
                -8.95486164099998
              ],
              [
                13.127361299000029,
                -8.95680618299997
              ],
              [
                13.129584312000077,
                -8.957362174999957
              ],
              [
                13.132362366000052,
                -8.960694312999976
              ],
              [
                13.145138742000029,
                -8.960140227999943
              ],
              [
                13.148195267000062,
                -8.957362174999957
              ],
              [
                13.155138970000053,
                -8.944305419999978
              ],
              [
                13.156249046000028,
                -8.933750152999949
              ],
              [
                13.15930557400003,
                -8.929306029999964
              ],
              [
                13.15764045700007,
                -8.928471564999938
              ],
              [
                13.159584045000031,
                -8.927083968999966
              ],
              [
                13.158193588000074,
                -8.908749579999949
              ],
              [
                13.160415649000072,
                -8.907637595999972
              ],
              [
                13.160971643000039,
                -8.903750419999938
              ],
              [
                13.169582368000022,
                -8.900415420999934
              ],
              [
                13.172917366000036,
                -8.89736080199998
              ],
              [
                13.177360536000037,
                -8.88347244299996
              ],
              [
                13.179861069000026,
                -8.880694388999927
              ],
              [
                13.193471909000039,
                -8.872915267999929
              ],
              [
                13.201251031000027,
                -8.86236095399994
              ],
              [
                13.205139160000044,
                -8.853471755999976
              ],
              [
                13.203194618000055,
                -8.837638854999966
              ],
              [
                13.20763874100004,
                -8.83680534399997
              ],
              [
                13.209304810000049,
                -8.837917327999946
              ],
              [
                13.210970880000048,
                -8.831505774999926
              ],
              [
                13.214305878000062,
                -8.831528663999961
              ],
              [
                13.215140344000076,
                -8.822084426999936
              ],
              [
                13.218471528000066,
                -8.814305304999948
              ],
              [
                13.217362405000074,
                -8.812360763999948
              ],
              [
                13.214305878000062,
                -8.813751220999961
              ],
              [
                13.214584351000042,
                -8.812360763999948
              ],
              [
                13.222638130000064,
                -8.800415992999945
              ],
              [
                13.225138664000042,
                -8.794028281999942
              ],
              [
                13.225973129000067,
                -8.794861793999928
              ],
              [
                13.22375106800007,
                -8.803471564999938
              ],
              [
                13.218194009000058,
                -8.807360648999975
              ],
              [
                13.217915535000031,
                -8.809582709999972
              ],
              [
                13.220972061000055,
                -8.808472632999951
              ],
              [
                13.223472596000022,
                -8.80486011499994
              ],
              [
                13.228195190000065,
                -8.81097316699993
              ],
              [
                13.23430538200006,
                -8.810694694999938
              ],
              [
                13.240139961000068,
                -8.805973052999946
              ],
              [
                13.24514007700003,
                -8.795140265999976
              ],
              [
                13.247360230000027,
                -8.79597186999996
              ],
              [
                13.247360230000027,
                -8.79958438899996
              ],
              [
                13.252917291000074,
                -8.799028396999972
              ],
              [
                13.255416870000033,
                -8.796806334999928
              ],
              [
                13.264862062000077,
                -8.79930591599998
              ],
              [
                13.269306183000026,
                -8.79763793899997
              ],
              [
                13.270693779000055,
                -8.795694350999952
              ],
              [
                13.273236275000045,
                -8.795742988999962
              ],
              [
                13.27708244400003,
                -8.790417670999943
              ],
              [
                13.277638435000028,
                -8.784860610999942
              ],
              [
                13.279028893000032,
                -8.785695075999968
              ],
              [
                13.280417443000033,
                -8.784029006999958
              ],
              [
                13.282917023000039,
                -8.78513908399998
              ],
              [
                13.284304619000068,
                -8.783748626999966
              ],
              [
                13.284583093000037,
                -8.775416373999974
              ],
              [
                13.289583206000032,
                -8.764026641999976
              ],
              [
                13.301250458000027,
                -8.755972861999965
              ],
              [
                13.306804658000033,
                -8.755972861999965
              ],
              [
                13.31319522900003,
                -8.760139464999952
              ],
              [
                13.317917824000062,
                -8.758749007999938
              ],
              [
                13.321528436000051,
                -8.762639045999947
              ],
              [
                13.323749543000076,
                -8.762639045999947
              ],
              [
                13.33402729100004,
                -8.768194198999936
              ],
              [
                13.337361337000061,
                -8.771528243999967
              ],
              [
                13.34319305400004,
                -8.772084235999955
              ],
              [
                13.350137712000048,
                -8.768471717999944
              ],
              [
                13.353194238000071,
                -8.770137786999953
              ],
              [
                13.357082367000032,
                -8.775416373999974
              ],
              [
                13.363472939000076,
                -8.773471831999927
              ],
              [
                13.363472939000076,
                -8.775137900999937
              ],
              [
                13.365973473000054,
                -8.775972365999962
              ],
              [
                13.375971794000066,
                -8.769583701999977
              ],
              [
                13.394026756000073,
                -8.750798224999926
              ],
              [
                13.394861221000042,
                -8.749028205999934
              ],
              [
                13.397536279000064,
                -8.748472213999946
              ],
              [
                13.397639275000074,
                -8.748240470999974
              ],
              [
                13.39780330700006,
                -8.747916221999958
              ],
              [
                13.397917748000054,
                -8.747714995999956
              ],
              [
                13.398191453000038,
                -8.74736022899998
              ],
              [
                13.399026872000036,
                -8.74442481999995
              ],
              [
                13.39819335900006,
                -8.74069404599993
              ],
              [
                13.399583817000064,
                -8.732916831999944
              ],
              [
                13.409028053000043,
                -8.705972671999973
              ],
              [
                13.416251183000043,
                -8.674583434999931
              ],
              [
                13.416251183000043,
                -8.658192634999978
              ],
              [
                13.414306641000053,
                -8.648195266999949
              ],
              [
                13.41097164200005,
                -8.633749961999968
              ],
              [
                13.407916069000066,
                -8.632916450999971
              ],
              [
                13.39819335900006,
                -8.622917174999941
              ],
              [
                13.392639161000034,
                -8.620139121999955
              ],
              [
                13.387916565000069,
                -8.61208438899996
              ],
              [
                13.386583329000075,
                -8.60568237299998
              ],
              [
                13.372083664000058,
                -8.584305762999975
              ],
              [
                13.372639657000036,
                -8.575693129999934
              ],
              [
                13.370973587000037,
                -8.572639464999952
              ],
              [
                13.370693207000045,
                -8.56402873999997
              ],
              [
                13.372362138000028,
                -8.562082290999967
              ],
              [
                13.373195648000035,
                -8.555693625999936
              ],
              [
                13.371249200000022,
                -8.553471564999938
              ],
              [
                13.369304658000033,
                -8.535972594999976
              ],
              [
                13.36624908400006,
                -8.528750419999938
              ],
              [
                13.365695,
                -8.522917746999951
              ],
              [
                13.357915878000028,
                -8.503749846999938
              ],
              [
                13.357915878000028,
                -8.499028205999934
              ],
              [
                13.345692635000034,
                -8.471528052999929
              ],
              [
                13.346528053000043,
                -8.467361449999942
              ],
              [
                13.349306108000064,
                -8.467918395999959
              ],
              [
                13.355137825000043,
                -8.464860915999964
              ],
              [
                13.358194351000066,
                -8.465695380999932
              ],
              [
                13.359581948000027,
                -8.46874904599997
              ],
              [
                13.362639428000023,
                -8.467361449999942
              ],
              [
                13.370417596000038,
                -8.468193053999926
              ],
              [
                13.372639657000036,
                -8.472915648999958
              ],
              [
                13.376527787000043,
                -8.473750113999927
              ],
              [
                13.372915268000042,
                -8.470417975999965
              ],
              [
                13.378472329000033,
                -8.47069358799996
              ],
              [
                13.385137559000043,
                -8.464860915999964
              ],
              [
                13.38930511500007,
                -8.456804275999957
              ],
              [
                13.392639161000034,
                -8.444862365999938
              ],
              [
                13.392083169000045,
                -8.436248778999925
              ],
              [
                13.386803627000063,
                -8.424028396999972
              ],
              [
                13.38597297800004,
                -8.413471221999941
              ],
              [
                13.389861107000058,
                -8.413195609999946
              ],
              [
                13.392916679000052,
                -8.415417670999943
              ],
              [
                13.396804811000038,
                -8.411249160999944
              ],
              [
                13.39708328200004,
                -8.405973433999975
              ],
              [
                13.394305230000043,
                -8.39264011399996
              ],
              [
                13.381806374000064,
                -8.359582900999953
              ],
              [
                13.372083664000058,
                -8.33874988599996
              ],
              [
                13.359861374000047,
                -8.317084311999963
              ],
              [
                13.328193666000061,
                -8.267359733999967
              ],
              [
                13.29652786400004,
                -8.226805686999967
              ],
              [
                13.295140267000022,
                -8.223193168999956
              ],
              [
                13.296250344000043,
                -8.219582557999956
              ],
              [
                13.295415878000028,
                -8.215139388999944
              ],
              [
                13.292083741000056,
                -8.208472251999979
              ],
              [
                13.288748742000053,
                -8.20514011399996
              ],
              [
                13.28986072500004,
                -8.202362060999974
              ],
              [
                13.287638664000042,
                -8.199304580999978
              ],
              [
                13.284860612000045,
                -8.198471068999936
              ],
              [
                13.270972253000025,
                -8.180416106999928
              ],
              [
                13.264306069000042,
                -8.174028396999972
              ],
              [
                13.26624965700006,
                -8.17263984699997
              ],
              [
                13.262083054000072,
                -8.166526793999935
              ],
              [
                13.264306069000042,
                -8.162361144999977
              ],
              [
                13.262083054000072,
                -8.15486240399997
              ],
              [
                13.265139580000039,
                -8.152359961999935
              ],
              [
                13.26624965700006,
                -8.146528243999967
              ],
              [
                13.262918472000024,
                -8.136528968999926
              ],
              [
                13.266805650000038,
                -8.13569545699994
              ],
              [
                13.262360573000024,
                -8.13569545699994
              ],
              [
                13.260139465000066,
                -8.131528853999953
              ],
              [
                13.248193741000023,
                -8.120971679999968
              ],
              [
                13.24152755800003,
                -8.109305381999945
              ],
              [
                13.231248856000036,
                -8.098194121999938
              ],
              [
                13.225973129000067,
                -8.086526870999933
              ],
              [
                13.21319580200003,
                -8.073749541999973
              ],
              [
                13.211250305000021,
                -8.065695762999951
              ],
              [
                13.20874881800006,
                -8.062360763999948
              ],
              [
                13.20874881800006,
                -8.055138587999977
              ],
              [
                13.203473092000024,
                -8.04458427399993
              ],
              [
                13.20374870300003,
                -8.042083739999953
              ],
              [
                13.199860573000024,
                -8.035972594999976
              ],
              [
                13.200416566000058,
                -8.032638549999945
              ],
              [
                13.198472977000051,
                -8.033194541999933
              ],
              [
                13.196806908000042,
                -8.031805037999959
              ],
              [
                13.196250917000043,
                -8.029028892999975
              ],
              [
                13.188194276000047,
                -8.018194198999936
              ],
              [
                13.185693741000023,
                -8.007082938999929
              ],
              [
                13.17874908500005,
                -7.99736022899998
              ],
              [
                13.179026605000047,
                -7.995972156999926
              ],
              [
                13.182360650000021,
                -7.997082232999958
              ],
              [
                13.185139656000047,
                -7.995694159999971
              ],
              [
                13.189027786000054,
                -7.995972156999926
              ],
              [
                13.187640191000071,
                -7.99486017199996
              ],
              [
                13.188194276000047,
                -7.99236011499994
              ],
              [
                13.183749199000033,
                -7.99486017199996
              ],
              [
                13.183473588000027,
                -7.988193988999967
              ],
              [
                13.181248666000045,
                -7.983748912999943
              ],
              [
                13.174306871000056,
                -7.974027156999966
              ],
              [
                13.165415765000034,
                -7.967083930999934
              ],
              [
                13.163749695000035,
                -7.961527823999972
              ],
              [
                13.15208339700007,
                -7.948472976999938
              ],
              [
                13.149861336000072,
                -7.944581984999957
              ],
              [
                13.149026871000046,
                -7.931806086999927
              ],
              [
                13.145694733000028,
                -7.924582957999974
              ],
              [
                13.14541721300003,
                -7.920138835999978
              ],
              [
                13.148195267000062,
                -7.919304847999967
              ],
              [
                13.146250725000073,
                -7.911528110999939
              ],
              [
                13.125695230000076,
                -7.890416144999961
              ],
              [
                13.125695230000076,
                -7.885416030999977
              ],
              [
                13.11236000200006,
                -7.867083072999947
              ],
              [
                13.11263847400005,
                -7.865417003999937
              ],
              [
                13.110137940000072,
                -7.863193988999967
              ],
              [
                13.104862213000047,
                -7.85069608699996
              ],
              [
                13.096248627000023,
                -7.838194846999954
              ],
              [
                13.100417137000022,
                -7.834305762999975
              ],
              [
                13.104027749000068,
                -7.834305762999975
              ],
              [
                13.108194352000055,
                -7.837081908999949
              ],
              [
                13.108194352000055,
                -7.840416907999952
              ],
              [
                13.111249924000049,
                -7.844583034999971
              ],
              [
                13.115415573000064,
                -7.841528892999975
              ],
              [
                13.113750459000073,
                -7.838750838999943
              ],
              [
                13.116529465000042,
                -7.839028834999965
              ],
              [
                13.11791706200006,
                -7.845971106999968
              ],
              [
                13.119860650000021,
                -7.846527099999946
              ],
              [
                13.122361183000066,
                -7.845139026999959
              ],
              [
                13.124304772000073,
                -7.847639083999979
              ],
              [
                13.127638818000037,
                -7.847361087999957
              ],
              [
                13.131806374000064,
                -7.85236215599997
              ],
              [
                13.133193970000036,
                -7.849583148999955
              ],
              [
                13.129304886000057,
                -7.841804980999939
              ],
              [
                13.132362366000052,
                -7.840138911999929
              ],
              [
                13.140137673000027,
                -7.844583034999971
              ],
              [
                13.146529199000042,
                -7.844861030999937
              ],
              [
                13.147360803000026,
                -7.842082976999961
              ],
              [
                13.143751144000078,
                -7.841250895999963
              ],
              [
                13.13958358900004,
                -7.835415839999939
              ],
              [
                13.14430427700006,
                -7.831250190999981
              ],
              [
                13.149026871000046,
                -7.832637786999953
              ],
              [
                13.15152740600007,
                -7.829306125999949
              ],
              [
                13.150973321000038,
                -7.824584006999942
              ],
              [
                13.152916909000055,
                -7.824028014999953
              ],
              [
                13.153195381000046,
                -7.822360991999972
              ],
              [
                13.149305345000073,
                -7.821805
              ],
              [
                13.147360803000026,
                -7.819582938999929
              ],
              [
                13.13958358900004,
                -7.82041692699994
              ],
              [
                13.139027596000062,
                -7.816804885999943
              ],
              [
                13.136805534000075,
                -7.815694808999979
              ],
              [
                13.136528015000067,
                -7.813473224999939
              ],
              [
                13.132362366000052,
                -7.812360763999948
              ],
              [
                13.130693436000058,
                -7.810138225999935
              ],
              [
                13.121805192000068,
                -7.811529159999964
              ],
              [
                13.116529465000042,
                -7.815416812999956
              ],
              [
                13.111528398000075,
                -7.815694808999979
              ],
              [
                13.104306221000058,
                -7.818472861999965
              ],
              [
                13.104306221000058,
                -7.822360991999972
              ],
              [
                13.107361795000031,
                -7.822082995999949
              ],
              [
                13.105139733000044,
                -7.828750133999961
              ],
              [
                13.108194352000055,
                -7.830972194999958
              ],
              [
                13.110137940000072,
                -7.835415839999939
              ],
              [
                13.108471871000063,
                -7.836250781999979
              ],
              [
                13.10375023000006,
                -7.832637786999953
              ],
              [
                13.104027749000068,
                -7.82764005699994
              ],
              [
                13.101248741000063,
                -7.817082881999966
              ],
              [
                13.098472595000032,
                -7.81430482899998
              ],
              [
                13.102361679000069,
                -7.816804885999943
              ],
              [
                13.10347080200006,
                -7.815694808999979
              ],
              [
                13.097360611000056,
                -7.810973166999929
              ],
              [
                13.09458255900006,
                -7.810417174999941
              ],
              [
                13.092917442000044,
                -7.805694102999951
              ],
              [
                13.08791637400003,
                -7.801146029999927
              ],
              [
                13.076527597000052,
                -7.788473128999954
              ],
              [
                13.066804887000046,
                -7.770418166999946
              ],
              [
                13.062359810000032,
                -7.755137919999981
              ],
              [
                13.060137749000035,
                -7.752915858999927
              ],
              [
                13.057638169000029,
                -7.737916945999928
              ],
              [
                13.05902767300006,
                -7.735416888999964
              ],
              [
                13.058750154000052,
                -7.730416774999981
              ],
              [
                13.054583550000075,
                -7.725416182999936
              ],
              [
                13.056249619000027,
                -7.723194121999938
              ],
              [
                13.059583664000058,
                -7.727637767999965
              ],
              [
                13.058471680000025,
                -7.725972175999971
              ],
              [
                13.059304238000038,
                -7.723750113999927
              ],
              [
                13.057915689000026,
                -7.723194121999938
              ],
              [
                13.058471680000025,
                -7.719027995999966
              ],
              [
                13.053194047000034,
                -7.707917212999973
              ],
              [
                13.046526909000022,
                -7.701807021999969
              ],
              [
                13.044029236000029,
                -7.697360038999932
              ],
              [
                13.044583321000061,
                -7.693749904999947
              ],
              [
                13.041251183000043,
                -7.685692786999937
              ],
              [
                13.032360078000067,
                -7.670415877999972
              ],
              [
                13.026805878000062,
                -7.657639026999959
              ],
              [
                13.024583817000064,
                -7.647915839999939
              ],
              [
                13.02569580100004,
                -7.642084121999972
              ],
              [
                13.02152729100004,
                -7.63763999899993
              ],
              [
                13.021248817000071,
                -7.635139941999967
              ],
              [
                13.02319335900006,
                -7.631804942999963
              ],
              [
                13.019861222000031,
                -7.623751162999952
              ],
              [
                13.011251451000021,
                -7.614027976999978
              ],
              [
                13.00625038100003,
                -7.605970859999957
              ],
              [
                13.000694275000058,
                -7.601251124999976
              ],
              [
                12.999028206000048,
                -7.601251124999976
              ],
              [
                12.997639657000036,
                -7.598751067999956
              ],
              [
                12.99652767300006,
                -7.590693950999935
              ],
              [
                13.002916336000055,
                -7.590137958999946
              ],
              [
                13.004584312000077,
                -7.585693835999962
              ],
              [
                13.004028321000021,
                -7.577083110999979
              ],
              [
                13.007637978000048,
                -7.574861049999981
              ],
              [
                13.005140306000044,
                -7.574583053999959
              ],
              [
                13.004859925000062,
                -7.571528911999962
              ],
              [
                13.002916336000055,
                -7.575695037999935
              ],
              [
                13.001837731000023,
                -7.571504115999971
              ],
              [
                12.986804963000054,
                -7.554027080999958
              ],
              [
                12.984582902000056,
                -7.544860839999956
              ],
              [
                12.977359773000046,
                -7.534584044999974
              ],
              [
                12.974306108000064,
                -7.522916793999968
              ],
              [
                12.970136642000057,
                -7.515973090999978
              ],
              [
                12.967918397000062,
                -7.502917766999929
              ],
              [
                12.964860917000067,
                -7.494870185999957
              ],
              [
                12.965139389000058,
                -7.489305018999971
              ],
              [
                12.95958328200004,
                -7.483193873999937
              ],
              [
                12.953472137000063,
                -7.462360858999944
              ],
              [
                12.950971604000074,
                -7.459581851999928
              ],
              [
                12.955138207000061,
                -7.456250190999981
              ],
              [
                12.950694084000077,
                -7.458193778999942
              ],
              [
                12.945416452000075,
                -7.452916144999961
              ],
              [
                12.94375038100003,
                -7.445971011999973
              ],
              [
                12.93819522900003,
                -7.439860820999968
              ],
              [
                12.937639236000052,
                -7.435973166999929
              ],
              [
                12.935417176000044,
                -7.432916163999948
              ],
              [
                12.935390472000051,
                -7.422639846999971
              ],
              [
                12.928195,
                -7.408195018999947
              ],
              [
                12.92513847400005,
                -7.390695094999955
              ],
              [
                12.922081948000027,
                -7.384305
              ],
              [
                12.922362328000077,
                -7.375415801999964
              ],
              [
                12.919028283000046,
                -7.368194102999951
              ],
              [
                12.920694351000066,
                -7.362916945999928
              ],
              [
                12.919028283000046,
                -7.361526965999929
              ],
              [
                12.919028283000046,
                -7.355972766999969
              ],
              [
                12.913471222000055,
                -7.334582805999958
              ],
              [
                12.90625095400003,
                -7.323194026999943
              ],
              [
                12.887361526000063,
                -7.305417060999957
              ],
              [
                12.89152813000004,
                -7.302917003999937
              ],
              [
                12.891805650000038,
                -7.300972938999962
              ],
              [
                12.886527062000027,
                -7.304583072999947
              ],
              [
                12.883749008000052,
                -7.30069494199995
              ],
              [
                12.88069534300007,
                -7.299304007999979
              ],
              [
                12.867362022000066,
                -7.286528110999939
              ],
              [
                12.853195190000065,
                -7.269306182999969
              ],
              [
                12.851529121000056,
                -7.260972022999965
              ],
              [
                12.851529121000056,
                -7.248195170999963
              ],
              [
                12.850138664000042,
                -7.245695113999943
              ],
              [
                12.851529121000056,
                -7.238749980999955
              ],
              [
                12.853751183000043,
                -7.236527919999958
              ],
              [
                12.853472710000062,
                -7.227639197999963
              ],
              [
                12.856527328000027,
                -7.227083205999975
              ],
              [
                12.856804848000024,
                -7.222639083999979
              ],
              [
                12.850417138000068,
                -7.205418109999925
              ],
              [
                12.85597324400004,
                -7.200971126999946
              ],
              [
                12.851804733000051,
                -7.202361106999945
              ],
              [
                12.849582673000043,
                -7.20041704199997
              ],
              [
                12.850694657000076,
                -7.179862021999952
              ],
              [
                12.846529008000061,
                -7.169582843999933
              ],
              [
                12.845972061000055,
                -7.163194179999948
              ],
              [
                12.84375,
                -7.160694121999938
              ],
              [
                12.842915535000031,
                -7.151805877999948
              ],
              [
                12.844028473000037,
                -7.130137919999981
              ],
              [
                12.847359658000073,
                -7.123470782999959
              ],
              [
                12.850138664000042,
                -7.11069488499993
              ],
              [
                12.846529008000061,
                -7.094305037999959
              ],
              [
                12.837639809000052,
                -7.079306125999949
              ],
              [
                12.834305763000032,
                -7.058751105999931
              ],
              [
                12.834861756000066,
                -7.055138110999962
              ],
              [
                12.832361221000042,
                -7.050415992999945
              ],
              [
                12.831033708000064,
                -7.035964011999965
              ],
              [
                12.827917099000047,
                -7.027915954999969
              ],
              [
                12.82874870300003,
                -7.020971774999964
              ],
              [
                12.833195686000067,
                -7.009027003999961
              ],
              [
                12.831526757000063,
                -6.997638225999935
              ],
              [
                12.829583169000045,
                -6.993194102999951
              ],
              [
                12.816249847000051,
                -6.97013807299993
              ],
              [
                12.797082901000067,
                -6.947916030999977
              ],
              [
                12.80180454300006,
                -6.950695037999935
              ],
              [
                12.802639008000028,
                -6.954027175999954
              ],
              [
                12.80569553500004,
                -6.955973147999941
              ],
              [
                12.803193092000072,
                -6.952361106999945
              ],
              [
                12.804582597000035,
                -6.950973033999958
              ],
              [
                12.804026604000057,
                -6.948194026999943
              ],
              [
                12.802360536000037,
                -6.947360038999932
              ],
              [
                12.801251412000056,
                -6.949028968999926
              ],
              [
                12.793750764000038,
                -6.942915915999947
              ],
              [
                12.782361984000033,
                -6.928750991999948
              ],
              [
                12.78125,
                -6.921250819999955
              ],
              [
                12.758472444000063,
                -6.895695209999928
              ],
              [
                12.755694389000041,
                -6.890694140999926
              ],
              [
                12.755971909000039,
                -6.886528014999953
              ],
              [
                12.754305840000029,
                -6.884027957999933
              ],
              [
                12.755694389000041,
                -6.879860877999931
              ],
              [
                12.746526718000041,
                -6.86569404599993
              ],
              [
                12.73652839700003,
                -6.856249808999962
              ],
              [
                12.728471756000033,
                -6.844583034999971
              ],
              [
                12.720138551000048,
                -6.837359904999971
              ],
              [
                12.710694313000033,
                -6.823471068999936
              ],
              [
                12.699027061000038,
                -6.813471793999952
              ],
              [
                12.67902755700004,
                -6.790973185999974
              ],
              [
                12.660972595000032,
                -6.775139808999938
              ],
              [
                12.647084236000069,
                -6.760694980999972
              ],
              [
                12.633750916000054,
                -6.741527080999958
              ],
              [
                12.621250154000052,
                -6.727915763999931
              ],
              [
                12.609582902000056,
                -6.71597289999994
              ],
              [
                12.603194237000025,
                -6.711526870999933
              ],
              [
                12.594305992000045,
                -6.70041608799994
              ],
              [
                12.580416680000042,
                -6.688473224999939
              ],
              [
                12.573472023000022,
                -6.67902898799997
              ],
              [
                12.573472023000022,
                -6.674027919999958
              ],
              [
                12.562360764000061,
                -6.663471221999941
              ],
              [
                12.562083244000064,
                -6.654860972999927
              ],
              [
                12.558195115000046,
                -6.649027823999972
              ],
              [
                12.559305192000068,
                -6.642362117999937
              ],
              [
                12.55708313100007,
                -6.639287948999936
              ],
              [
                12.555694580000022,
                -6.633194922999962
              ],
              [
                12.537362099000063,
                -6.601529120999942
              ],
              [
                12.500972748000038,
                -6.550416945999928
              ],
              [
                12.490415574000053,
                -6.523472785999957
              ],
              [
                12.455973626000059,
                -6.454584121999972
              ],
              [
                12.453471185000069,
                -6.446527003999961
              ],
              [
                12.42874908400006,
                -6.397082805999958
              ],
              [
                12.429026604000057,
                -6.393749236999952
              ],
              [
                12.42708301600004,
                -6.393195151999976
              ],
              [
                12.409861566000075,
                -6.353194236999968
              ],
              [
                12.39513874100004,
                -6.323750018999931
              ],
              [
                12.36791706200006,
                -6.280694961999927
              ],
              [
                12.316248895000058,
                -6.210140227999943
              ],
              [
                12.295140267000022,
                -6.17597103099996
              ],
              [
                12.27847194800006,
                -6.153748988999951
              ],
              [
                12.272915841000042,
                -6.137638091999975
              ],
              [
                12.273471832000041,
                -6.116134166999927
              ],
              [
                12.275693893000039,
                -6.10930585899996
              ],
              [
                12.28569507700007,
                -6.104306220999945
              ],
              [
                12.296806335000042,
                -6.094028949999938
              ],
              [
                12.30569362700004,
                -6.091528892999975
              ],
              [
                12.316527367000049,
                -6.085971831999927
              ],
              [
                12.322361946000058,
                -6.084859847999951
              ],
              [
                12.325694085000066,
                -6.080694198999936
              ],
              [
                12.32874965700006,
                -6.079862117999937
              ],
              [
                12.362911001000043,
                -6.052933
              ],
              [
                12.399744,
                -6.070075
              ],
              [
                12.436673,
                -6.078463
              ],
              [
                12.462096001000077,
                -6.07555
              ],
              [
                12.526656,
                -6.056455000999961
              ],
              [
                12.587213,
                -6.035305
              ],
              [
                12.61101300100006,
                -6.02411
              ],
              [
                12.659452001000034,
                -6.015317
              ],
              [
                12.669576001000053,
                -6.009581
              ],
              [
                12.70373900100003,
                -6.002055
              ],
              [
                12.716858,
                -5.996287
              ],
              [
                12.735253,
                -5.980746000999943
              ],
              [
                12.744768,
                -5.97472000099998
              ],
              [
                12.752333,
                -5.977179000999968
              ],
              [
                12.768551,
                -5.978778000999966
              ],
              [
                12.781571001000032,
                -5.98466
              ],
              [
                12.790823,
                -5.983346
              ],
              [
                12.802758,
                -5.977236000999937
              ],
              [
                12.811014,
                -5.962796
              ],
              [
                12.819771,
                -5.958988
              ],
              [
                12.845659001000058,
                -5.942427000999942
              ],
              [
                12.871738,
                -5.939382
              ],
              [
                12.886015,
                -5.934813
              ],
              [
                12.891613,
                -5.917631
              ],
              [
                12.901128,
                -5.916363
              ],
              [
                12.91771,
                -5.917833
              ],
              [
                12.937338,
                -5.916632
              ],
              [
                12.950398001000053,
                -5.913584000999947
              ],
              [
                12.984094,
                -5.897911
              ],
              [
                13.025454,
                -5.870057000999964
              ],
              [
                13.034018,
                -5.865617
              ],
              [
                13.042898001000026,
                -5.863714
              ],
              [
                13.057488,
                -5.863714
              ],
              [
                13.09523,
                -5.876718
              ],
              [
                13.104725,
                -5.895518
              ],
              [
                13.111037001000057,
                -5.902483
              ],
              [
                13.11822,
                -5.904007000999968
              ],
              [
                13.124968,
                -5.902048
              ],
              [
                13.135199001000046,
                -5.896171000999971
              ],
              [
                13.149347,
                -5.884634
              ],
              [
                13.162190001000056,
                -5.879193
              ],
              [
                13.207467001000055,
                -5.865876
              ],
              [
                13.218783001000077,
                -5.864173
              ],
              [
                13.248386001000029,
                -5.867003
              ],
              [
                13.283837001000052,
                -5.876827
              ],
              [
                13.318718,
                -5.895472
              ],
              [
                13.339318001000038,
                -5.899864
              ],
              [
                13.354333001000043,
                -5.907861
              ],
              [
                13.359398,
                -5.907272
              ],
              [
                13.363969001000044,
                -5.903789
              ],
              [
                13.368975,
                -5.89247
              ],
              [
                13.372675,
                -5.878975
              ],
              [
                13.378335,
                -5.871357
              ],
              [
                13.388130001000036,
                -5.870704
              ],
              [
                13.399884,
                -5.873316000999978
              ],
              [
                13.426843001000066,
                -5.867047
              ],
              [
                13.430143,
                -5.864174
              ],
              [
                13.430998001000034,
                -5.860113000999945
              ],
              [
                13.452430001000039,
                -5.867362
              ],
              [
                13.488656,
                -5.865488
              ],
              [
                13.494242001000032,
                -5.870065
              ],
              [
                13.49532,
                -5.868312
              ],
              [
                13.503192001000059,
                -5.866182
              ],
              [
                13.506519,
                -5.867955
              ],
              [
                13.508709001000057,
                -5.863558
              ],
              [
                13.514261,
                -5.862452000999951
              ],
              [
                13.514825,
                -5.86539800099996
              ],
              [
                13.517551,
                -5.867824
              ],
              [
                13.525310001000037,
                -5.867533
              ],
              [
                13.529641,
                -5.870954000999973
              ],
              [
                13.53516,
                -5.872516000999951
              ],
              [
                13.539277,
                -5.869472000999963
              ],
              [
                13.546382,
                -5.873999
              ],
              [
                13.55262900100007,
                -5.874606
              ],
              [
                13.5542,
                -5.877434
              ],
              [
                13.554001,
                -5.880715
              ],
              [
                13.560169,
                -5.886583
              ],
              [
                13.563438,
                -5.883528
              ],
              [
                13.568963,
                -5.881886
              ],
              [
                13.571762001000025,
                -5.883099
              ],
              [
                13.574517,
                -5.880279
              ],
              [
                13.576256,
                -5.880800000999955
              ],
              [
                13.576738,
                -5.878526
              ],
              [
                13.581692,
                -5.875296
              ],
              [
                13.584338001000049,
                -5.875924
              ],
              [
                13.587086001000046,
                -5.867939
              ],
              [
                13.616959,
                -5.872888
              ],
              [
                13.711775,
                -5.869172
              ],
              [
                13.773884,
                -5.869351
              ],
              [
                13.829343,
                -5.865338000999941
              ],
              [
                13.884415,
                -5.854643
              ],
              [
                13.959918001000062,
                -5.850908000999937
              ],
              [
                13.998367,
                -5.829862000999981
              ],
              [
                13.99968300100005,
                -5.830712
              ],
              [
                13.999907,
                -5.826426
              ],
              [
                14.004474,
                -5.828105
              ],
              [
                14.003705,
                -5.835442000999933
              ],
              [
                14.00711300100005,
                -5.834657
              ],
              [
                14.011729,
                -5.83723
              ],
              [
                14.012161,
                -5.838773
              ],
              [
                14.015624,
                -5.83813300099996
              ],
              [
                14.017296001000034,
                -5.839353
              ],
              [
                14.021682001000045,
                -5.838689
              ],
              [
                14.028687,
                -5.840186
              ],
              [
                14.032879001000026,
                -5.839042
              ],
              [
                14.034707001000072,
                -5.842803
              ],
              [
                14.03305000100005,
                -5.846471
              ],
              [
                14.03017,
                -5.848310000999959
              ],
              [
                14.034775,
                -5.847539
              ],
              [
                14.038171,
                -5.848748
              ],
              [
                14.03994,
                -5.852343
              ],
              [
                14.051483001000065,
                -5.850571
              ],
              [
                14.057235001000038,
                -5.843637
              ],
              [
                14.061912001000053,
                -5.848963
              ],
              [
                14.065637001000027,
                -5.845425000999967
              ],
              [
                14.066585,
                -5.848014
              ],
              [
                14.067874,
                -5.84816
              ],
              [
                14.069292,
                -5.846043
              ],
              [
                14.073818,
                -5.844942
              ],
              [
                14.079582001000063,
                -5.846025
              ],
              [
                14.080632001000026,
                -5.841204
              ],
              [
                14.087686,
                -5.841304
              ],
              [
                14.090261,
                -5.843171
              ],
              [
                14.096205,
                -5.844086
              ],
              [
                14.100742001000071,
                -5.843167
              ],
              [
                14.102277,
                -5.837449000999925
              ],
              [
                14.103756,
                -5.836865000999978
              ],
              [
                14.106856,
                -5.837097000999961
              ],
              [
                14.111499,
                -5.841579
              ],
              [
                14.116992,
                -5.844063000999938
              ],
              [
                14.119656001000067,
                -5.841222
              ],
              [
                14.124810001000071,
                -5.840052
              ],
              [
                14.126294,
                -5.837872
              ],
              [
                14.131292,
                -5.837244
              ],
              [
                14.132530001000077,
                -5.84027
              ],
              [
                14.136416,
                -5.839057
              ],
              [
                14.136887,
                -5.835886
              ],
              [
                14.14338900100006,
                -5.838498
              ],
              [
                14.143357,
                -5.840653
              ],
              [
                14.13997,
                -5.842984
              ],
              [
                14.141560001000073,
                -5.844494
              ],
              [
                14.143548001000056,
                -5.842735000999937
              ],
              [
                14.14472100100005,
                -5.84946
              ],
              [
                14.150178001000029,
                -5.848826
              ],
              [
                14.153576,
                -5.846461000999966
              ],
              [
                14.156416001000025,
                -5.846982
              ],
              [
                14.156799,
                -5.845407000999955
              ],
              [
                14.154714,
                -5.844521
              ],
              [
                14.158501,
                -5.844108
              ],
              [
                14.160377001000029,
                -5.844817
              ],
              [
                14.16133300100006,
                -5.847961000999931
              ],
              [
                14.159391,
                -5.848759000999962
              ],
              [
                14.160726001000057,
                -5.850389
              ],
              [
                14.165096001000052,
                -5.847051
              ],
              [
                14.164836,
                -5.844753
              ],
              [
                14.167005001000064,
                -5.842976
              ],
              [
                14.16825,
                -5.845753
              ],
              [
                14.169545001000074,
                -5.845753
              ],
              [
                14.169639001000064,
                -5.84315
              ],
              [
                14.175761001000069,
                -5.844145
              ],
              [
                14.175287,
                -5.841811
              ],
              [
                14.18083800100004,
                -5.83947600099998
              ],
              [
                14.184372,
                -5.841415
              ],
              [
                14.185221001000059,
                -5.842498
              ],
              [
                14.183983,
                -5.843608
              ],
              [
                14.185566,
                -5.84466600099995
              ],
              [
                14.187767,
                -5.840477
              ],
              [
                14.189651001000072,
                -5.842395
              ],
              [
                14.191368001000058,
                -5.847808000999976
              ],
              [
                14.190459,
                -5.849568
              ],
              [
                14.192529,
                -5.848541
              ],
              [
                14.194384,
                -5.853527
              ],
              [
                14.196592001000056,
                -5.854683
              ],
              [
                14.193561,
                -5.858457
              ],
              [
                14.196835,
                -5.861788000999979
              ],
              [
                14.195502001000023,
                -5.863987
              ],
              [
                14.197054,
                -5.865576
              ],
              [
                14.200033,
                -5.865792
              ],
              [
                14.198837001000072,
                -5.86816
              ],
              [
                14.197085,
                -5.866253000999961
              ],
              [
                14.197609001000046,
                -5.869412000999944
              ],
              [
                14.202356,
                -5.87019
              ],
              [
                14.205696001000035,
                -5.872375000999966
              ],
              [
                14.208002001000068,
                -5.871653
              ],
              [
                14.207691001000057,
                -5.874097
              ],
              [
                14.210272,
                -5.870327
              ],
              [
                14.213161,
                -5.869968
              ],
              [
                14.21228700100005,
                -5.865923000999942
              ],
              [
                14.213734001000034,
                -5.867065
              ],
              [
                14.219024,
                -5.866486000999942
              ],
              [
                14.217927001000078,
                -5.868107000999942
              ],
              [
                14.21981,
                -5.869553
              ],
              [
                14.225594001000047,
                -5.865656
              ],
              [
                14.227472,
                -5.865787000999944
              ],
              [
                14.228136,
                -5.864044
              ],
              [
                14.22859,
                -5.867661
              ],
              [
                14.23115000100006,
                -5.869692
              ],
              [
                14.230525001000046,
                -5.872064000999956
              ],
              [
                14.236688001000061,
                -5.876086
              ],
              [
                14.235909001000039,
                -5.877873
              ],
              [
                14.238951001000032,
                -5.880785000999936
              ],
              [
                14.246887001000061,
                -5.877758000999961
              ],
              [
                14.247067,
                -5.876071
              ],
              [
                14.25103800100004,
                -5.872864000999925
              ],
              [
                14.252112001000057,
                -5.874558
              ],
              [
                14.25679000100007,
                -5.873102
              ],
              [
                14.257698,
                -5.877988
              ],
              [
                14.260329,
                -5.879034
              ],
              [
                14.260085,
                -5.875989
              ],
              [
                14.26328,
                -5.873581
              ],
              [
                14.262147,
                -5.867583
              ],
              [
                14.271962001000077,
                -5.868673000999934
              ],
              [
                14.271327,
                -5.867241
              ],
              [
                14.274098,
                -5.86559000099993
              ],
              [
                14.271322001000044,
                -5.863615
              ],
              [
                14.278521001000058,
                -5.860867
              ],
              [
                14.282713001000047,
                -5.857074
              ],
              [
                14.283003001000054,
                -5.861146000999952
              ],
              [
                14.284748,
                -5.860244
              ],
              [
                14.285681,
                -5.861917
              ],
              [
                14.288268001000063,
                -5.862403
              ],
              [
                14.293542,
                -5.86061700099998
              ],
              [
                14.295956001000036,
                -5.863993000999926
              ],
              [
                14.299647,
                -5.864267000999973
              ],
              [
                14.303856,
                -5.871642
              ],
              [
                14.303298,
                -5.875724
              ],
              [
                14.301639,
                -5.87755
              ],
              [
                14.303291,
                -5.881418
              ],
              [
                14.306754001000058,
                -5.879989
              ],
              [
                14.308192,
                -5.881844
              ],
              [
                14.310435,
                -5.881406000999959
              ],
              [
                14.311092,
                -5.883364
              ],
              [
                14.314426,
                -5.883356000999925
              ],
              [
                14.318787001000032,
                -5.880785000999936
              ],
              [
                14.320951001000026,
                -5.881598
              ],
              [
                14.320219,
                -5.884368
              ],
              [
                14.322025001000043,
                -5.886408
              ],
              [
                14.326613,
                -5.88737200099996
              ],
              [
                14.330139001000077,
                -5.883798
              ],
              [
                14.332064,
                -5.885815000999969
              ],
              [
                14.346313,
                -5.888865
              ],
              [
                14.34796300100004,
                -5.891823000999977
              ],
              [
                14.36139,
                -5.891470000999959
              ],
              [
                14.412307,
                -5.896794000999932
              ],
              [
                14.461689,
                -5.896742
              ],
              [
                14.505400001000055,
                -5.887366
              ],
              [
                14.595772001000057,
                -5.90471200099995
              ],
              [
                14.636430001000065,
                -5.895888
              ],
              [
                14.699551,
                -5.877845
              ],
              [
                14.761039795000045,
                -5.874794781999981
              ],
              [
                14.944686,
                -5.865682
              ],
              [
                15.225235,
                -5.869698
              ],
              [
                15.303715001000057,
                -5.866757
              ],
              [
                15.419506,
                -5.869892
              ],
              [
                15.680059001000075,
                -5.861875
              ],
              [
                15.814429001000065,
                -5.877800000999969
              ],
              [
                15.887956,
                -5.873063
              ],
              [
                16.101252,
                -5.865814
              ],
              [
                16.174366001000067,
                -5.860046
              ],
              [
                16.354584001000035,
                -5.862075
              ],
              [
                16.388037,
                -5.860501000999932
              ],
              [
                16.38851500100003,
                -5.862137000999951
              ],
              [
                16.38974600100005,
                -5.861198
              ],
              [
                16.39218100100004,
                -5.864399000999981
              ],
              [
                16.39440200100006,
                -5.864524
              ],
              [
                16.394632,
                -5.865968
              ],
              [
                16.397492,
                -5.864808
              ],
              [
                16.397868,
                -5.863288000999944
              ],
              [
                16.399388,
                -5.864661
              ],
              [
                16.40045100100002,
                -5.863255
              ],
              [
                16.40099,
                -5.866115000999969
              ],
              [
                16.403180001000067,
                -5.86623
              ],
              [
                16.404471001000047,
                -5.868191
              ],
              [
                16.405484001000048,
                -5.867096
              ],
              [
                16.409274,
                -5.868234
              ],
              [
                16.411125,
                -5.867118
              ],
              [
                16.41316,
                -5.867829
              ],
              [
                16.413237,
                -5.869353000999979
              ],
              [
                16.41435400100005,
                -5.868167000999961
              ],
              [
                16.41566000100005,
                -5.869472000999963
              ],
              [
                16.421201001000043,
                -5.867817
              ],
              [
                16.421642,
                -5.868847000999949
              ],
              [
                16.422672,
                -5.867204
              ],
              [
                16.424045001000025,
                -5.870391000999973
              ],
              [
                16.428187,
                -5.869423
              ],
              [
                16.42935200100004,
                -5.867658000999938
              ],
              [
                16.430761,
                -5.868651000999932
              ],
              [
                16.433275001000027,
                -5.865736
              ],
              [
                16.438156,
                -5.86855400099995
              ],
              [
                16.442282001000024,
                -5.86591
              ],
              [
                16.444287001000077,
                -5.869339
              ],
              [
                16.445798,
                -5.86899
              ],
              [
                16.449110001000065,
                -5.858501
              ],
              [
                16.454485,
                -5.858094
              ],
              [
                16.462388001000022,
                -5.845978
              ],
              [
                16.463696001000073,
                -5.84778
              ],
              [
                16.463994,
                -5.854172
              ],
              [
                16.469303,
                -5.856089
              ],
              [
                16.474243001000048,
                -5.848855
              ],
              [
                16.491879,
                -5.843538
              ],
              [
                16.50138,
                -5.846908000999974
              ],
              [
                16.508031,
                -5.853901
              ],
              [
                16.51650500100004,
                -5.855093
              ],
              [
                16.524305001000073,
                -5.854259000999946
              ],
              [
                16.529739,
                -5.858034
              ],
              [
                16.534997,
                -5.859692
              ],
              [
                16.539501001000076,
                -5.867944
              ],
              [
                16.549903,
                -5.870472
              ],
              [
                16.554813,
                -5.874008
              ],
              [
                16.557389,
                -5.874366000999942
              ],
              [
                16.560856,
                -5.871634000999961
              ],
              [
                16.571625,
                -5.870948
              ],
              [
                16.57822800100007,
                -5.873678
              ],
              [
                16.58284700100006,
                -5.877547000999925
              ],
              [
                16.585206001000074,
                -5.882666
              ],
              [
                16.581869,
                -5.897225000999981
              ],
              [
                16.584680001000038,
                -5.909024
              ],
              [
                16.580471001000035,
                -5.919966
              ],
              [
                16.578481001000057,
                -5.931614
              ],
              [
                16.57467500100006,
                -5.943046
              ],
              [
                16.575569,
                -5.945578
              ],
              [
                16.57994700100005,
                -5.946644
              ],
              [
                16.591549001000033,
                -5.941965
              ],
              [
                16.595975001000056,
                -5.942013
              ],
              [
                16.602943,
                -5.945864
              ],
              [
                16.603875001000063,
                -5.950223
              ],
              [
                16.601572001000022,
                -5.9558
              ],
              [
                16.598659,
                -5.958313
              ],
              [
                16.589638001000026,
                -5.960195000999931
              ],
              [
                16.58633800100006,
                -5.964598
              ],
              [
                16.586004,
                -5.967787
              ],
              [
                16.600107001000026,
                -5.978033
              ],
              [
                16.602793,
                -5.98251
              ],
              [
                16.602931,
                -5.989948
              ],
              [
                16.595286,
                -6.002276000999927
              ],
              [
                16.597473001000026,
                -6.017708
              ],
              [
                16.587641,
                -6.030238
              ],
              [
                16.589638001000026,
                -6.033544
              ],
              [
                16.592738001000043,
                -6.033957
              ],
              [
                16.60211,
                -6.030291
              ],
              [
                16.607132001000025,
                -6.02645
              ],
              [
                16.615312,
                -6.025745
              ],
              [
                16.620929,
                -6.029464000999951
              ],
              [
                16.623799,
                -6.036781
              ],
              [
                16.622697,
                -6.042635
              ],
              [
                16.615741,
                -6.049178000999973
              ],
              [
                16.610369001000038,
                -6.048971
              ],
              [
                16.603689,
                -6.046629
              ],
              [
                16.598885,
                -6.048766
              ],
              [
                16.597697,
                -6.057167
              ],
              [
                16.602619,
                -6.061826
              ],
              [
                16.618483,
                -6.060503
              ],
              [
                16.631995001000064,
                -6.063159
              ],
              [
                16.63902,
                -6.062057
              ],
              [
                16.645149,
                -6.065500000999975
              ],
              [
                16.649488001000066,
                -6.076175
              ],
              [
                16.648731,
                -6.079275
              ],
              [
                16.64494300100006,
                -6.084853
              ],
              [
                16.635776001000067,
                -6.091197
              ],
              [
                16.634577,
                -6.093310000999963
              ],
              [
                16.635852001000046,
                -6.096699
              ],
              [
                16.64025900100006,
                -6.097801
              ],
              [
                16.648043001000076,
                -6.092808
              ],
              [
                16.66187300100006,
                -6.09083
              ],
              [
                16.664158,
                -6.093118000999937
              ],
              [
                16.661196,
                -6.100349000999927
              ],
              [
                16.663194001000022,
                -6.105790000999946
              ],
              [
                16.671069,
                -6.109643
              ],
              [
                16.683924001000037,
                -6.106479
              ],
              [
                16.687506,
                -6.108063
              ],
              [
                16.692769,
                -6.115639000999977
              ],
              [
                16.71374600100006,
                -6.129827
              ],
              [
                16.716087001000062,
                -6.13389
              ],
              [
                16.715919,
                -6.143793
              ],
              [
                16.718069,
                -6.148908
              ],
              [
                16.714503001000026,
                -6.156411
              ],
              [
                16.725454,
                -6.158133000999953
              ],
              [
                16.730349,
                -6.164571000999956
              ],
              [
                16.729517,
                -6.170668
              ],
              [
                16.723043,
                -6.179827
              ],
              [
                16.72355,
                -6.190449000999934
              ],
              [
                16.718911001000038,
                -6.195255
              ],
              [
                16.705790001000025,
                -6.200671
              ],
              [
                16.703415,
                -6.204346
              ],
              [
                16.703001001000075,
                -6.208823
              ],
              [
                16.716983001000074,
                -6.224314
              ],
              [
                16.716754,
                -6.230253000999937
              ],
              [
                16.712528,
                -6.240875
              ],
              [
                16.71058700100002,
                -6.242759
              ],
              [
                16.708993,
                -6.253865
              ],
              [
                16.703451001000076,
                -6.266939
              ],
              [
                16.704930001000037,
                -6.270945
              ],
              [
                16.71452700100002,
                -6.27788
              ],
              [
                16.714159,
                -6.304623
              ],
              [
                16.717554,
                -6.314942
              ],
              [
                16.720466,
                -6.31894
              ],
              [
                16.719552,
                -6.330533
              ],
              [
                16.71766800100005,
                -6.334644000999958
              ],
              [
                16.712092,
                -6.339059
              ],
              [
                16.70344700100003,
                -6.338473
              ],
              [
                16.687436001000037,
                -6.32866
              ],
              [
                16.676761,
                -6.332723
              ],
              [
                16.675197,
                -6.336472
              ],
              [
                16.676486,
                -6.337819
              ],
              [
                16.684776,
                -6.339395
              ],
              [
                16.692655,
                -6.343667
              ],
              [
                16.695143001000076,
                -6.353936
              ],
              [
                16.69465400100006,
                -6.357601
              ],
              [
                16.684843001000047,
                -6.367063
              ],
              [
                16.680136,
                -6.375837
              ],
              [
                16.678208,
                -6.382104
              ],
              [
                16.679792001000067,
                -6.390575000999945
              ],
              [
                16.684603,
                -6.391123000999926
              ],
              [
                16.690314,
                -6.389353
              ],
              [
                16.694483,
                -6.391123000999926
              ],
              [
                16.701743,
                -6.388135000999966
              ],
              [
                16.711158,
                -6.387583
              ],
              [
                16.718498,
                -6.394914
              ],
              [
                16.72263,
                -6.401457000999926
              ],
              [
                16.722975,
                -6.409239000999946
              ],
              [
                16.718084,
                -6.415438000999927
              ],
              [
                16.714848,
                -6.416678
              ],
              [
                16.700591,
                -6.417091
              ],
              [
                16.695143001000076,
                -6.420648000999961
              ],
              [
                16.694555001000026,
                -6.429131000999973
              ],
              [
                16.697333,
                -6.431804
              ],
              [
                16.70775400100007,
                -6.436444000999927
              ],
              [
                16.708549,
                -6.439405000999955
              ],
              [
                16.71656900100004,
                -6.447601
              ],
              [
                16.720564,
                -6.459516
              ],
              [
                16.719531,
                -6.465646
              ],
              [
                16.706183,
                -6.47329
              ],
              [
                16.70524000100005,
                -6.476050000999976
              ],
              [
                16.70623800100003,
                -6.479007
              ],
              [
                16.715212,
                -6.484379000999979
              ],
              [
                16.720252,
                -6.494360000999961
              ],
              [
                16.72858300100006,
                -6.498486
              ],
              [
                16.738024001000042,
                -6.511324
              ],
              [
                16.746047,
                -6.514613
              ],
              [
                16.752352,
                -6.522337
              ],
              [
                16.751074001000063,
                -6.52887
              ],
              [
                16.744256,
                -6.538856
              ],
              [
                16.74479400100006,
                -6.542457
              ],
              [
                16.739446001000033,
                -6.550777
              ],
              [
                16.736585,
                -6.552728
              ],
              [
                16.733658001000038,
                -6.560103000999959
              ],
              [
                16.731116,
                -6.575552
              ],
              [
                16.731374001000063,
                -6.583631
              ],
              [
                16.73622800100003,
                -6.587971000999971
              ],
              [
                16.746736,
                -6.590084
              ],
              [
                16.748399001000053,
                -6.592809000999978
              ],
              [
                16.754243,
                -6.596156
              ],
              [
                16.759268,
                -6.608891
              ],
              [
                16.756527,
                -6.615344
              ],
              [
                16.752796,
                -6.638032000999942
              ],
              [
                16.755385,
                -6.647895
              ],
              [
                16.752168,
                -6.654164
              ],
              [
                16.763411,
                -6.668321
              ],
              [
                16.763666001000047,
                -6.67228
              ],
              [
                16.760683001000075,
                -6.680131
              ],
              [
                16.758728,
                -6.693734
              ],
              [
                16.763323,
                -6.704031
              ],
              [
                16.763608001000023,
                -6.710827
              ],
              [
                16.774942001000056,
                -6.721691000999954
              ],
              [
                16.779449001000046,
                -6.723501
              ],
              [
                16.791730001000076,
                -6.724013000999946
              ],
              [
                16.798547,
                -6.728211
              ],
              [
                16.80018,
                -6.750913
              ],
              [
                16.798446,
                -6.761138
              ],
              [
                16.799147,
                -6.778668
              ],
              [
                16.802177,
                -6.794577
              ],
              [
                16.814229,
                -6.813448000999927
              ],
              [
                16.820566,
                -6.816677
              ],
              [
                16.831237,
                -6.813361
              ],
              [
                16.834019,
                -6.813666
              ],
              [
                16.840269001000024,
                -6.819154
              ],
              [
                16.842556001000048,
                -6.823575
              ],
              [
                16.843387,
                -6.831723000999943
              ],
              [
                16.840498,
                -6.844193
              ],
              [
                16.843431001000056,
                -6.859179000999973
              ],
              [
                16.842822,
                -6.864125
              ],
              [
                16.83921900100006,
                -6.869356
              ],
              [
                16.83687700100006,
                -6.878208
              ],
              [
                16.83929900100003,
                -6.88294
              ],
              [
                16.846214,
                -6.886458
              ],
              [
                16.858877001000053,
                -6.884594
              ],
              [
                16.866531,
                -6.876518000999965
              ],
              [
                16.874416001000043,
                -6.875482000999966
              ],
              [
                16.892114,
                -6.890681
              ],
              [
                16.896826001000022,
                -6.896290000999954
              ],
              [
                16.903762,
                -6.89972
              ],
              [
                16.90784,
                -6.909553000999949
              ],
              [
                16.911155,
                -6.912259
              ],
              [
                16.910839,
                -6.918143
              ],
              [
                16.905889,
                -6.927518
              ],
              [
                16.905347001000052,
                -6.93542
              ],
              [
                16.901551,
                -6.944272
              ],
              [
                16.901214001000028,
                -6.953258
              ],
              [
                16.910393,
                -6.961003
              ],
              [
                16.914557,
                -6.966404
              ],
              [
                16.918497,
                -6.967775
              ],
              [
                16.919697,
                -6.971201
              ],
              [
                16.91747,
                -6.975142
              ],
              [
                16.9145,
                -6.976969000999929
              ],
              [
                16.902041,
                -6.981633
              ],
              [
                16.897827,
                -6.988045000999932
              ],
              [
                16.89671100100003,
                -6.996674
              ],
              [
                16.901551,
                -7.009708
              ],
              [
                16.901972001000047,
                -7.018893
              ],
              [
                16.903748001000054,
                -7.024576
              ],
              [
                16.90651800100005,
                -7.02702
              ],
              [
                16.911132,
                -7.027295
              ],
              [
                16.921871,
                -7.021084000999963
              ],
              [
                16.926077001000067,
                -7.01965
              ],
              [
                16.930692,
                -7.019995
              ],
              [
                16.939196,
                -7.032755
              ],
              [
                16.93943900100004,
                -7.041138
              ],
              [
                16.943089,
                -7.046855
              ],
              [
                16.961177,
                -7.049276
              ],
              [
                16.966239,
                -7.052408
              ],
              [
                16.970465001000036,
                -7.059546
              ],
              [
                16.970808,
                -7.06542800099993
              ],
              [
                16.962511001000053,
                -7.071373
              ],
              [
                16.956105,
                -7.081153
              ],
              [
                16.953832001000023,
                -7.091208000999927
              ],
              [
                16.95618600100005,
                -7.103365
              ],
              [
                16.95335,
                -7.113591
              ],
              [
                16.950114,
                -7.117724
              ],
              [
                16.942254,
                -7.119451
              ],
              [
                16.937685001000034,
                -7.117338
              ],
              [
                16.933973001000027,
                -7.112028
              ],
              [
                16.931786,
                -7.105695
              ],
              [
                16.927868,
                -7.100919000999966
              ],
              [
                16.92153200100006,
                -7.099817
              ],
              [
                16.91714,
                -7.101134000999934
              ],
              [
                16.916716001000054,
                -7.103308
              ],
              [
                16.916251001000035,
                -7.107300000999942
              ],
              [
                16.920085,
                -7.129914
              ],
              [
                16.924992,
                -7.141827
              ],
              [
                16.939163001000054,
                -7.16497
              ],
              [
                16.938474,
                -7.170273
              ],
              [
                16.935919,
                -7.17498
              ],
              [
                16.936408,
                -7.181223
              ],
              [
                16.938946001000033,
                -7.185163
              ],
              [
                16.946656001000065,
                -7.187675
              ],
              [
                16.954765001000055,
                -7.200239
              ],
              [
                16.956193,
                -7.20966200099997
              ],
              [
                16.954937001000076,
                -7.212802000999943
              ],
              [
                16.941298,
                -7.226541
              ],
              [
                16.939645,
                -7.232326000999933
              ],
              [
                16.940334001000053,
                -7.23453
              ],
              [
                16.944604001000073,
                -7.240729000999977
              ],
              [
                16.955336,
                -7.247238
              ],
              [
                16.95645,
                -7.251542
              ],
              [
                16.975666,
                -7.261915
              ],
              [
                16.978008001000035,
                -7.265398000999937
              ],
              [
                16.979550001000064,
                -7.274307
              ],
              [
                16.977494,
                -7.277448000999925
              ],
              [
                16.976342,
                -7.288112
              ],
              [
                16.978695001000062,
                -7.291832
              ],
              [
                16.984205,
                -7.29252
              ],
              [
                16.991557,
                -7.29632
              ],
              [
                16.998462,
                -7.297755
              ],
              [
                17.010547,
                -7.293312
              ],
              [
                17.022934,
                -7.292798000999937
              ],
              [
                17.02752600100007,
                -7.298374000999956
              ],
              [
                17.030055,
                -7.304337
              ],
              [
                17.03028,
                -7.309463
              ],
              [
                17.035177,
                -7.318673
              ],
              [
                17.039027,
                -7.320895
              ],
              [
                17.048541,
                -7.321518
              ],
              [
                17.058217,
                -7.327252
              ],
              [
                17.064441001000034,
                -7.333568
              ],
              [
                17.066098001000057,
                -7.34061
              ],
              [
                17.06857300100006,
                -7.344312
              ],
              [
                17.0835,
                -7.340647
              ],
              [
                17.099014,
                -7.344105000999946
              ],
              [
                17.104524,
                -7.346998
              ],
              [
                17.109483,
                -7.355951
              ],
              [
                17.102438,
                -7.375855000999934
              ],
              [
                17.103422,
                -7.380607
              ],
              [
                17.107126829000038,
                -7.386821525999949
              ],
              [
                17.110382,
                -7.394174
              ],
              [
                17.110097001000042,
                -7.39743
              ],
              [
                17.103548,
                -7.407229
              ],
              [
                17.100805,
                -7.414355
              ],
              [
                17.101287,
                -7.417178000999968
              ],
              [
                17.106728,
                -7.423377
              ],
              [
                17.115199,
                -7.424961000999929
              ],
              [
                17.130489,
                -7.424134
              ],
              [
                17.133933,
                -7.419382000999974
              ],
              [
                17.134691,
                -7.406287
              ],
              [
                17.138960001000044,
                -7.404093000999978
              ],
              [
                17.142059001000064,
                -7.40629600099993
              ],
              [
                17.14549100100004,
                -7.414373000999944
              ],
              [
                17.150459,
                -7.41957
              ],
              [
                17.17548400100003,
                -7.423984000999951
              ],
              [
                17.180145001000028,
                -7.430057
              ],
              [
                17.183574,
                -7.43945200099995
              ],
              [
                17.182418,
                -7.443212000999949
              ],
              [
                17.178768,
                -7.446311
              ],
              [
                17.17146800100005,
                -7.446603
              ],
              [
                17.161893001000067,
                -7.44974
              ],
              [
                17.15800900100004,
                -7.449226
              ],
              [
                17.151219,
                -7.457675
              ],
              [
                17.148396001000037,
                -7.46614600099997
              ],
              [
                17.15204600100003,
                -7.475444
              ],
              [
                17.163096,
                -7.48543
              ],
              [
                17.16898800100006,
                -7.487703
              ],
              [
                17.181316001000027,
                -7.488185000999977
              ],
              [
                17.191716,
                -7.493764000999931
              ],
              [
                17.197363001000042,
                -7.499962000999972
              ],
              [
                17.200945,
                -7.508433
              ],
              [
                17.200531,
                -7.51229000099994
              ],
              [
                17.192542,
                -7.529233
              ],
              [
                17.192818001000035,
                -7.535362
              ],
              [
                17.19502200100004,
                -7.53791
              ],
              [
                17.201771001000054,
                -7.541285
              ],
              [
                17.202439001000073,
                -7.546707000999959
              ],
              [
                17.20952,
                -7.557558
              ],
              [
                17.210036,
                -7.564633000999947
              ],
              [
                17.21403,
                -7.57579
              ],
              [
                17.218369001000042,
                -7.580198
              ],
              [
                17.223879,
                -7.581231
              ],
              [
                17.228838001000042,
                -7.584330000999955
              ],
              [
                17.230835,
                -7.586534000999961
              ],
              [
                17.231080001000066,
                -7.591782
              ],
              [
                17.232695,
                -7.593559
              ],
              [
                17.240615,
                -7.595143
              ],
              [
                17.242543,
                -7.602788
              ],
              [
                17.251303,
                -7.602518
              ],
              [
                17.258620001000054,
                -7.60608
              ],
              [
                17.264469001000066,
                -7.611124000999951
              ],
              [
                17.270643,
                -7.611397000999943
              ],
              [
                17.273209001000055,
                -7.618266
              ],
              [
                17.280905,
                -7.618008000999964
              ],
              [
                17.285932,
                -7.622072
              ],
              [
                17.29399,
                -7.621796
              ],
              [
                17.294839,
                -7.626371000999939
              ],
              [
                17.301303,
                -7.632728
              ],
              [
                17.302645,
                -7.636921
              ],
              [
                17.298834001000046,
                -7.641787
              ],
              [
                17.29894900100004,
                -7.649483000999965
              ],
              [
                17.29529,
                -7.656319
              ],
              [
                17.29924200100004,
                -7.659719000999928
              ],
              [
                17.296862001000022,
                -7.665941000999965
              ],
              [
                17.297845,
                -7.671483000999956
              ],
              [
                17.301217,
                -7.676048
              ],
              [
                17.299252,
                -7.676643
              ],
              [
                17.29947400100002,
                -7.680232
              ],
              [
                17.297933001000047,
                -7.682118
              ],
              [
                17.290148,
                -7.687309
              ],
              [
                17.291197,
                -7.690235
              ],
              [
                17.288555001000077,
                -7.692819
              ],
              [
                17.300056,
                -7.695131
              ],
              [
                17.298951001000034,
                -7.701791
              ],
              [
                17.303658,
                -7.703563000999964
              ],
              [
                17.314301,
                -7.701776
              ],
              [
                17.313531,
                -7.699864
              ],
              [
                17.314685001000043,
                -7.698465
              ],
              [
                17.31714,
                -7.704842
              ],
              [
                17.316067,
                -7.707022
              ],
              [
                17.316834001000075,
                -7.71623600099997
              ],
              [
                17.318534,
                -7.716772
              ],
              [
                17.32781200100004,
                -7.713642000999926
              ],
              [
                17.32946600100007,
                -7.716937000999962
              ],
              [
                17.332619,
                -7.717854000999978
              ],
              [
                17.33194,
                -7.721363
              ],
              [
                17.326989001000072,
                -7.727737
              ],
              [
                17.326728,
                -7.738952
              ],
              [
                17.320365001000027,
                -7.749209
              ],
              [
                17.31528,
                -7.753683
              ],
              [
                17.317517001000056,
                -7.758826000999932
              ],
              [
                17.32683600100006,
                -7.763924
              ],
              [
                17.332975,
                -7.764986
              ],
              [
                17.333817001000057,
                -7.766439
              ],
              [
                17.332655,
                -7.771959
              ],
              [
                17.329401,
                -7.775475
              ],
              [
                17.329581,
                -7.778665
              ],
              [
                17.332952,
                -7.781222
              ],
              [
                17.34000300100007,
                -7.782229000999962
              ],
              [
                17.349843,
                -7.780873
              ],
              [
                17.355731,
                -7.778007
              ],
              [
                17.364293,
                -7.780176
              ],
              [
                17.376535,
                -7.776496000999941
              ],
              [
                17.38056400100004,
                -7.777077
              ],
              [
                17.38327600100007,
                -7.78037
              ],
              [
                17.384322,
                -7.78897
              ],
              [
                17.375837,
                -7.810587000999931
              ],
              [
                17.37576,
                -7.817638
              ],
              [
                17.37792900100004,
                -7.823643
              ],
              [
                17.380138001000034,
                -7.823953
              ],
              [
                17.384089,
                -7.819730000999925
              ],
              [
                17.389125001000025,
                -7.817173
              ],
              [
                17.398191001000043,
                -7.816825000999927
              ],
              [
                17.401871,
                -7.821745
              ],
              [
                17.39214700100007,
                -7.832243
              ],
              [
                17.390559,
                -7.837628
              ],
              [
                17.392225001000043,
                -7.840689
              ],
              [
                17.395285001000047,
                -7.841812
              ],
              [
                17.398617,
                -7.841076
              ],
              [
                17.405706,
                -7.83325
              ],
              [
                17.410433,
                -7.831391
              ],
              [
                17.421474,
                -7.833212
              ],
              [
                17.424534,
                -7.838287
              ],
              [
                17.424844,
                -7.844873
              ],
              [
                17.419653,
                -7.858858
              ],
              [
                17.422287,
                -7.867419
              ],
              [
                17.427711,
                -7.868310000999941
              ],
              [
                17.439411,
                -7.86432
              ],
              [
                17.444175001000076,
                -7.865521000999934
              ],
              [
                17.44774,
                -7.869047
              ],
              [
                17.45111,
                -7.877724
              ],
              [
                17.450878,
                -7.886673
              ],
              [
                17.44650000100006,
                -7.894925
              ],
              [
                17.43828700100005,
                -7.899303
              ],
              [
                17.436118,
                -7.90248
              ],
              [
                17.435808,
                -7.906392
              ],
              [
                17.438907,
                -7.916503
              ],
              [
                17.443050001000074,
                -7.927243000999965
              ],
              [
                17.45173,
                -7.926615
              ],
              [
                17.452599001000067,
                -7.927795
              ],
              [
                17.452329001000066,
                -7.93606000099993
              ],
              [
                17.450054,
                -7.942426
              ],
              [
                17.465512001000036,
                -7.939491000999965
              ],
              [
                17.466645001000074,
                -7.944227
              ],
              [
                17.464059,
                -7.950271
              ],
              [
                17.46995700100007,
                -7.95686600099998
              ],
              [
                17.47405400100007,
                -7.955152000999931
              ],
              [
                17.476146,
                -7.949079
              ],
              [
                17.478703,
                -7.948353
              ],
              [
                17.480475,
                -7.950096
              ],
              [
                17.483917,
                -7.96276
              ],
              [
                17.480446,
                -7.978251
              ],
              [
                17.480911,
                -8.001931
              ],
              [
                17.493143001000078,
                -8.000623
              ],
              [
                17.500291,
                -8.003558
              ],
              [
                17.501947,
                -8.012071
              ],
              [
                17.504969,
                -8.014454000999933
              ],
              [
                17.513482,
                -8.015936000999943
              ],
              [
                17.515923001000033,
                -8.018231
              ],
              [
                17.520397,
                -8.028487
              ],
              [
                17.530421,
                -8.042056
              ],
              [
                17.531961,
                -8.046763
              ],
              [
                17.530886,
                -8.053882
              ],
              [
                17.529114,
                -8.05289400099997
              ],
              [
                17.526121001000035,
                -8.044061000999932
              ],
              [
                17.522664,
                -8.041911
              ],
              [
                17.51961300100004,
                -8.042434
              ],
              [
                17.517666,
                -8.044119000999956
              ],
              [
                17.515255,
                -8.055247
              ],
              [
                17.502325,
                -8.067451
              ],
              [
                17.501657,
                -8.072361
              ],
              [
                17.503022,
                -8.07823
              ],
              [
                17.506247,
                -8.082036
              ],
              [
                17.527777,
                -8.089445
              ],
              [
                17.53199,
                -8.09729
              ],
              [
                17.529082,
                -8.10178
              ],
              [
                17.534856,
                -8.103137
              ],
              [
                17.53682584300003,
                -8.106273726999973
              ],
              [
                17.538174001000073,
                -8.110998
              ],
              [
                17.541279001000078,
                -8.113515
              ],
              [
                17.545332001000077,
                -8.112011
              ],
              [
                17.545087,
                -8.11469200099998
              ],
              [
                17.547408,
                -8.113597
              ],
              [
                17.54731,
                -8.116751
              ],
              [
                17.54564300100003,
                -8.117601000999969
              ],
              [
                17.547261001000038,
                -8.117666
              ],
              [
                17.546934001000068,
                -8.118729000999963
              ],
              [
                17.553651,
                -8.120477
              ],
              [
                17.556054,
                -8.119595
              ],
              [
                17.555449,
                -8.121017
              ],
              [
                17.55754100100006,
                -8.123403
              ],
              [
                17.55873400100006,
                -8.119775
              ],
              [
                17.560711,
                -8.121409
              ],
              [
                17.560728,
                -8.120461
              ],
              [
                17.562525,
                -8.120919
              ],
              [
                17.561431,
                -8.12319
              ],
              [
                17.565141,
                -8.124089
              ],
              [
                17.56532100100003,
                -8.128110000999925
              ],
              [
                17.567674,
                -8.127897000999951
              ],
              [
                17.568638001000068,
                -8.12587100099995
              ],
              [
                17.570273001000032,
                -8.126933
              ],
              [
                17.571515,
                -8.12556
              ],
              [
                17.571433,
                -8.126721
              ],
              [
                17.572789001000046,
                -8.12623
              ],
              [
                17.574424,
                -8.124286
              ],
              [
                17.578134001000024,
                -8.126933
              ],
              [
                17.578575,
                -8.125626
              ],
              [
                17.579801,
                -8.126672
              ],
              [
                17.583625,
                -8.125577000999954
              ],
              [
                17.584737,
                -8.129417000999979
              ],
              [
                17.586878,
                -8.126541
              ],
              [
                17.59116000100005,
                -8.125658
              ],
              [
                17.59207500100007,
                -8.126312
              ],
              [
                17.591176,
                -8.127456
              ],
              [
                17.594004,
                -8.127342
              ],
              [
                17.593873001000077,
                -8.128731
              ],
              [
                17.596553,
                -8.126688000999934
              ],
              [
                17.601015,
                -8.127554
              ],
              [
                17.601685,
                -8.130038
              ],
              [
                17.604153001000043,
                -8.127865
              ],
              [
                17.60832000100004,
                -8.129695
              ],
              [
                17.610625001000074,
                -8.128568
              ],
              [
                17.610723001000054,
                -8.130349
              ],
              [
                17.612112,
                -8.130365
              ],
              [
                17.611867,
                -8.129025
              ],
              [
                17.613942001000055,
                -8.130414000999963
              ],
              [
                17.61639400100006,
                -8.12775
              ],
              [
                17.62109,
                -8.127404
              ],
              [
                17.62228900100007,
                -8.129387
              ],
              [
                17.623247,
                -8.127186
              ],
              [
                17.626647,
                -8.125748
              ],
              [
                17.627388,
                -8.127121
              ],
              [
                17.627846001000023,
                -8.124964
              ],
              [
                17.629437,
                -8.125639
              ],
              [
                17.631027,
                -8.123264
              ],
              [
                17.632291001000056,
                -8.123765
              ],
              [
                17.630853,
                -8.122131
              ],
              [
                17.631507001000045,
                -8.120693
              ],
              [
                17.636148,
                -8.120605000999944
              ],
              [
                17.635821001000068,
                -8.119167
              ],
              [
                17.63789100100007,
                -8.119974
              ],
              [
                17.641444,
                -8.116007
              ],
              [
                17.641923001000066,
                -8.117511
              ],
              [
                17.644690001000072,
                -8.116835
              ],
              [
                17.646543001000055,
                -8.117969000999949
              ],
              [
                17.649485,
                -8.116683000999956
              ],
              [
                17.65011600100007,
                -8.114918
              ],
              [
                17.651075,
                -8.11653
              ],
              [
                17.653124,
                -8.116334000999927
              ],
              [
                17.653734,
                -8.1147
              ],
              [
                17.65214300100007,
                -8.11457700099993
              ],
              [
                17.654399,
                -8.112665000999925
              ],
              [
                17.660135,
                -8.113760000999946
              ],
              [
                17.664058001000058,
                -8.110132000999954
              ],
              [
                17.671249,
                -8.108383
              ],
              [
                17.671886,
                -8.106994
              ],
              [
                17.670284,
                -8.105654
              ],
              [
                17.673831001000053,
                -8.103856
              ],
              [
                17.673733001000073,
                -8.105572
              ],
              [
                17.674681,
                -8.103758
              ],
              [
                17.676675001000035,
                -8.104624
              ],
              [
                17.675972001000048,
                -8.103366000999927
              ],
              [
                17.67781000100007,
                -8.102952000999949
              ],
              [
                17.676707,
                -8.102401
              ],
              [
                17.678948,
                -8.10215
              ],
              [
                17.67833500100005,
                -8.100568
              ],
              [
                17.681179001000032,
                -8.102701000999957
              ],
              [
                17.68189,
                -8.101524
              ],
              [
                17.684365,
                -8.102591
              ],
              [
                17.688141001000076,
                -8.101733
              ],
              [
                17.68899,
                -8.104106000999934
              ],
              [
                17.690084,
                -8.102369000999943
              ],
              [
                17.69717200100007,
                -8.102295
              ],
              [
                17.698946001000024,
                -8.100079
              ],
              [
                17.699645,
                -8.101091
              ],
              [
                17.70136400100006,
                -8.099795000999961
              ],
              [
                17.704103,
                -8.101514
              ],
              [
                17.708323,
                -8.101082000999952
              ],
              [
                17.709408,
                -8.098746
              ],
              [
                17.712442001000056,
                -8.098517
              ],
              [
                17.713269,
                -8.100024
              ],
              [
                17.715163,
                -8.09825
              ],
              [
                17.720541,
                -8.09871
              ],
              [
                17.722187,
                -8.097092
              ],
              [
                17.723556001000077,
                -8.098526000999925
              ],
              [
                17.725516,
                -8.098034
              ],
              [
                17.725396,
                -8.099419
              ],
              [
                17.730042,
                -8.098283
              ],
              [
                17.73285,
                -8.09983
              ],
              [
                17.735034,
                -8.097972
              ],
              [
                17.737276,
                -8.099846
              ],
              [
                17.739921001000027,
                -8.098957000999974
              ],
              [
                17.741961,
                -8.100098
              ],
              [
                17.74691,
                -8.096762
              ],
              [
                17.748546,
                -8.098864
              ],
              [
                17.753085001000045,
                -8.097705
              ],
              [
                17.756556001000035,
                -8.099458
              ],
              [
                17.759151001000077,
                -8.098717
              ],
              [
                17.758868,
                -8.100171
              ],
              [
                17.763693001000036,
                -8.101304
              ],
              [
                17.767017,
                -8.105450000999951
              ],
              [
                17.769921,
                -8.104981000999942
              ],
              [
                17.774638,
                -8.107979
              ],
              [
                17.776139,
                -8.10737
              ],
              [
                17.777291,
                -8.109584000999973
              ],
              [
                17.78286500100006,
                -8.112619
              ],
              [
                17.782158001000028,
                -8.111042
              ],
              [
                17.783517,
                -8.108715
              ],
              [
                17.785939,
                -8.109273000999963
              ],
              [
                17.786914,
                -8.10818300099993
              ],
              [
                17.790326,
                -8.112424
              ],
              [
                17.793406,
                -8.110955
              ],
              [
                17.794637,
                -8.111807000999931
              ],
              [
                17.793988,
                -8.112927
              ],
              [
                17.795943,
                -8.112859000999947
              ],
              [
                17.798667,
                -8.111922
              ],
              [
                17.798477,
                -8.109766
              ],
              [
                17.801068,
                -8.106946
              ],
              [
                17.801406001000032,
                -8.107966000999966
              ],
              [
                17.805656,
                -8.106717000999936
              ],
              [
                17.806936,
                -8.10817900099994
              ],
              [
                17.810198,
                -8.106961
              ],
              [
                17.814941001000022,
                -8.099755000999949
              ],
              [
                17.820018,
                -8.09661
              ],
              [
                17.824440001000028,
                -8.091196000999958
              ],
              [
                17.831615001000046,
                -8.091347
              ],
              [
                17.83533,
                -8.0889
              ],
              [
                17.83585000100004,
                -8.090447
              ],
              [
                17.837529001000064,
                -8.090598
              ],
              [
                17.837553,
                -8.089478000999975
              ],
              [
                17.839604,
                -8.089842
              ],
              [
                17.83929,
                -8.088620000999981
              ],
              [
                17.842808001000037,
                -8.08886
              ],
              [
                17.842354,
                -8.087715
              ],
              [
                17.845431,
                -8.086232
              ],
              [
                17.854195,
                -8.085648
              ],
              [
                17.856594,
                -8.083086
              ],
              [
                17.861877,
                -8.083554
              ],
              [
                17.870054001000028,
                -8.080891
              ],
              [
                17.87223700100003,
                -8.082153
              ],
              [
                17.874143,
                -8.08075
              ],
              [
                17.87606100100004,
                -8.082693000999939
              ],
              [
                17.887521,
                -8.084761000999947
              ],
              [
                17.896271,
                -8.081129
              ],
              [
                17.907879,
                -8.081938
              ],
              [
                17.910075001000052,
                -8.084906
              ],
              [
                17.915067001000068,
                -8.08304100099997
              ],
              [
                17.918996,
                -8.084366
              ],
              [
                17.921638001000076,
                -8.082582
              ],
              [
                17.926175,
                -8.083542
              ],
              [
                17.928157,
                -8.085579000999928
              ],
              [
                17.931197,
                -8.085466
              ],
              [
                17.93240200100007,
                -8.087666000999945
              ],
              [
                17.948758,
                -8.088522000999944
              ],
              [
                17.957597001000067,
                -8.093985000999965
              ],
              [
                17.971215,
                -8.095907
              ],
              [
                18.10362900100006,
                -8.096584
              ],
              [
                18.101332,
                -8.094297000999973
              ],
              [
                18.100263,
                -8.090306
              ],
              [
                18.102445,
                -8.089895
              ],
              [
                18.102662,
                -8.088072000999944
              ],
              [
                18.104104,
                -8.088767
              ],
              [
                18.103312001000063,
                -8.086906000999932
              ],
              [
                18.104523001000075,
                -8.085553
              ],
              [
                18.10326,
                -8.082594000999961
              ],
              [
                18.100584001000072,
                -8.08153
              ],
              [
                18.100026,
                -8.082721
              ],
              [
                18.098351,
                -8.080934
              ],
              [
                18.099184,
                -8.079371
              ],
              [
                18.095552001000044,
                -8.078404000999967
              ],
              [
                18.098433,
                -8.071555000999979
              ],
              [
                18.09541,
                -8.068831
              ],
              [
                18.096438,
                -8.066925
              ],
              [
                18.094212,
                -8.066761000999975
              ],
              [
                18.093765,
                -8.064297
              ],
              [
                18.095306,
                -8.061908
              ],
              [
                18.09249200100004,
                -8.05634
              ],
              [
                18.094651001000045,
                -8.056266000999926
              ],
              [
                18.093081,
                -8.055268
              ],
              [
                18.094837,
                -8.053891
              ],
              [
                18.093959,
                -8.052246
              ],
              [
                18.096616,
                -8.052008
              ],
              [
                18.096654,
                -8.050519
              ],
              [
                18.097673,
                -8.051405
              ],
              [
                18.098693001000072,
                -8.04941
              ],
              [
                18.10080000100004,
                -8.04967
              ],
              [
                18.101388,
                -8.04746
              ],
              [
                18.098284001000025,
                -8.044780000999936
              ],
              [
                18.096527001000027,
                -8.045003
              ],
              [
                18.095581,
                -8.042666
              ],
              [
                18.097063,
                -8.041594
              ],
              [
                18.098224001000062,
                -8.042629
              ],
              [
                18.09863400100005,
                -8.040529000999982
              ],
              [
                18.1001,
                -8.0414
              ],
              [
                18.100122,
                -8.039443
              ],
              [
                18.101619001000074,
                -8.040477
              ],
              [
                18.10231800100007,
                -8.037165
              ],
              [
                18.103777,
                -8.038311
              ],
              [
                18.105934,
                -8.029220000999942
              ],
              [
                18.107742001000076,
                -8.032742
              ],
              [
                18.109863001000065,
                -8.031948000999932
              ],
              [
                18.111230001000024,
                -8.033722000999944
              ],
              [
                18.11145,
                -8.031962
              ],
              [
                18.113265,
                -8.031588
              ],
              [
                18.118794001000026,
                -8.034323
              ],
              [
                18.11868000100003,
                -8.03931800099997
              ],
              [
                18.120201001000055,
                -8.039959
              ],
              [
                18.120114,
                -8.041486000999953
              ],
              [
                18.121095,
                -8.040165
              ],
              [
                18.121782001000042,
                -8.041326
              ],
              [
                18.123876,
                -8.04064600099997
              ],
              [
                18.124363,
                -8.039298
              ],
              [
                18.128965,
                -8.039178
              ],
              [
                18.128765001000033,
                -8.037644000999933
              ],
              [
                18.130859,
                -8.037291000999971
              ],
              [
                18.130052001000024,
                -8.03541
              ],
              [
                18.131833,
                -8.03473
              ],
              [
                18.131666001000042,
                -8.033462
              ],
              [
                18.134881,
                -8.036877
              ],
              [
                18.13769600100005,
                -8.035904
              ],
              [
                18.140250001000027,
                -8.036884000999976
              ],
              [
                18.142331,
                -8.03545
              ],
              [
                18.144867,
                -8.02441
              ],
              [
                18.149951,
                -8.014651000999947
              ],
              [
                18.154319,
                -8.01262000099996
              ],
              [
                18.159404,
                -8.013394
              ],
              [
                18.172581001000026,
                -8.00794100099995
              ],
              [
                18.177471,
                -8.008447000999979
              ],
              [
                18.178037,
                -8.00409
              ],
              [
                18.182093,
                -7.9977
              ],
              [
                18.189609001000065,
                -7.996849
              ],
              [
                18.193539,
                -7.994793
              ],
              [
                18.194899,
                -7.99252
              ],
              [
                18.193758,
                -7.988294
              ],
              [
                18.195719,
                -7.985001
              ],
              [
                18.19976900100005,
                -7.985568
              ],
              [
                18.20085,
                -7.983448000999942
              ],
              [
                18.203438001000052,
                -7.982852
              ],
              [
                18.204116001000045,
                -7.980168
              ],
              [
                18.207949,
                -7.98043
              ],
              [
                18.208657,
                -7.978591000999927
              ],
              [
                18.212479,
                -7.980135000999951
              ],
              [
                18.216399,
                -7.979517
              ],
              [
                18.218805001000078,
                -7.975503
              ],
              [
                18.22217500100004,
                -7.976646
              ],
              [
                18.225275001000057,
                -7.975231
              ],
              [
                18.228187,
                -7.976073
              ],
              [
                18.229314001000034,
                -7.97921
              ],
              [
                18.23559300100004,
                -7.983755
              ],
              [
                18.241872001000047,
                -7.985025
              ],
              [
                18.250427,
                -7.989996
              ],
              [
                18.253896,
                -7.988286000999949
              ],
              [
                18.25538800100003,
                -7.990377
              ],
              [
                18.257293,
                -7.988388
              ],
              [
                18.26146,
                -7.988438000999963
              ],
              [
                18.262101,
                -7.985784
              ],
              [
                18.265854,
                -7.983926
              ],
              [
                18.271083001000022,
                -7.986961
              ],
              [
                18.272853,
                -7.985454
              ],
              [
                18.278072,
                -7.98712
              ],
              [
                18.282074,
                -7.986565
              ],
              [
                18.289258001000064,
                -7.991297
              ],
              [
                18.293262001000073,
                -7.991259
              ],
              [
                18.295890001000032,
                -7.994259
              ],
              [
                18.29868200100003,
                -7.994564000999958
              ],
              [
                18.29865,
                -7.997304
              ],
              [
                18.301667001000055,
                -8.000612000999979
              ],
              [
                18.299067001000026,
                -8.004594
              ],
              [
                18.302558001000023,
                -8.005299
              ],
              [
                18.302287001000025,
                -8.009007
              ],
              [
                18.30365500100004,
                -8.010135
              ],
              [
                18.309009,
                -8.011607000999959
              ],
              [
                18.309547,
                -8.013718
              ],
              [
                18.308507001000066,
                -8.014240000999962
              ],
              [
                18.30969900100007,
                -8.015965
              ],
              [
                18.314346,
                -8.014768000999936
              ],
              [
                18.31675,
                -8.017695000999936
              ],
              [
                18.322458,
                -8.015747
              ],
              [
                18.324091001000056,
                -8.011222
              ],
              [
                18.328337,
                -8.012099
              ],
              [
                18.330996001000074,
                -8.011146
              ],
              [
                18.32984300100003,
                -8.015815
              ],
              [
                18.33251800100004,
                -8.016640000999928
              ],
              [
                18.333578,
                -8.020003
              ],
              [
                18.337411001000078,
                -8.01771200099995
              ],
              [
                18.339187001000028,
                -8.021256
              ],
              [
                18.341874001000065,
                -8.019489000999954
              ],
              [
                18.343414001000042,
                -8.020518
              ],
              [
                18.345659001000058,
                -8.019625000999952
              ],
              [
                18.349365001000024,
                -8.021016
              ],
              [
                18.349460001000068,
                -8.022797
              ],
              [
                18.352979,
                -8.022439
              ],
              [
                18.358545,
                -8.024416
              ],
              [
                18.361917,
                -8.018728000999943
              ],
              [
                18.364078,
                -8.019858000999932
              ],
              [
                18.364375,
                -8.02192
              ],
              [
                18.36734300100005,
                -8.021524
              ],
              [
                18.369287,
                -8.02492
              ],
              [
                18.369964,
                -8.023162
              ],
              [
                18.373334001000046,
                -8.024248000999933
              ],
              [
                18.37682600100004,
                -8.019176000999948
              ],
              [
                18.381403001000024,
                -8.021571
              ],
              [
                18.384701001000053,
                -8.018919000999972
              ],
              [
                18.38655300100004,
                -8.013961
              ],
              [
                18.388167,
                -8.015923
              ],
              [
                18.389155,
                -8.012724
              ],
              [
                18.395051,
                -8.013606
              ],
              [
                18.395632,
                -8.012218
              ],
              [
                18.400542,
                -8.011276000999942
              ],
              [
                18.402319,
                -8.007563
              ],
              [
                18.404605,
                -8.009537
              ],
              [
                18.40394800100006,
                -8.006522
              ],
              [
                18.407142,
                -8.0
              ],
              [
                18.531911,
                -8.0
              ],
              [
                18.528464,
                -7.998580000999937
              ],
              [
                18.529599001000065,
                -7.997597
              ],
              [
                18.527514001000043,
                -7.996701
              ],
              [
                18.532098001000065,
                -7.984095
              ],
              [
                18.530320001000064,
                -7.980109
              ],
              [
                18.53205500100006,
                -7.978289
              ],
              [
                18.532116001000077,
                -7.975604
              ],
              [
                18.530282001000046,
                -7.974783
              ],
              [
                18.529545,
                -7.972291000999974
              ],
              [
                18.534315,
                -7.96045400099996
              ],
              [
                18.534102001000065,
                -7.951601000999972
              ],
              [
                18.53332,
                -7.948331
              ],
              [
                18.530643,
                -7.946798
              ],
              [
                18.529291001000047,
                -7.939383
              ],
              [
                18.531192,
                -7.937243
              ],
              [
                18.530647,
                -7.934235
              ],
              [
                18.532548,
                -7.934414
              ],
              [
                18.533331,
                -7.931974
              ],
              [
                18.53587900100007,
                -7.930896
              ],
              [
                18.53352200100005,
                -7.926832
              ],
              [
                18.531028,
                -7.927272
              ],
              [
                18.530252,
                -7.925409000999935
              ],
              [
                18.532042,
                -7.924507
              ],
              [
                18.531069,
                -7.92314
              ],
              [
                18.532908,
                -7.922927
              ],
              [
                18.53059200100006,
                -7.916667
              ],
              [
                18.761,
                -7.916667
              ],
              [
                18.767838,
                -7.913418000999968
              ],
              [
                18.770792001000075,
                -7.915611
              ],
              [
                18.773444,
                -7.915528
              ],
              [
                18.771688,
                -7.921738
              ],
              [
                18.773226,
                -7.921768
              ],
              [
                18.774657001000037,
                -7.924752
              ],
              [
                18.775366,
                -7.923516
              ],
              [
                18.776767,
                -7.924451
              ],
              [
                18.77486900100007,
                -7.927977
              ],
              [
                18.777589,
                -7.928874
              ],
              [
                18.776232,
                -7.934443000999977
              ],
              [
                18.780098001000056,
                -7.936259
              ],
              [
                18.778636001000052,
                -7.939055
              ],
              [
                18.775238,
                -7.939838
              ],
              [
                18.776526001000036,
                -7.942491
              ],
              [
                18.775562,
                -7.94393
              ],
              [
                18.77879400100005,
                -7.947562
              ],
              [
                18.776617,
                -7.948896
              ],
              [
                18.777129,
                -7.950863000999959
              ],
              [
                18.779495001000043,
                -7.951722
              ],
              [
                18.777639001000068,
                -7.954322
              ],
              [
                18.774409,
                -7.953734
              ],
              [
                18.775400001000037,
                -7.956772000999933
              ],
              [
                18.77383,
                -7.958381
              ],
              [
                18.7756,
                -7.958866
              ],
              [
                18.776871,
                -7.957591000999969
              ],
              [
                18.776147,
                -7.960189
              ],
              [
                18.778155,
                -7.960670000999926
              ],
              [
                18.77828400100003,
                -7.962524000999963
              ],
              [
                18.780571,
                -7.963038
              ],
              [
                18.781913001000078,
                -7.961832
              ],
              [
                18.782846001000053,
                -7.962926
              ],
              [
                18.781549,
                -7.964675
              ],
              [
                18.78422,
                -7.968376
              ],
              [
                18.781628,
                -7.97385400099995
              ],
              [
                18.78257,
                -7.976250000999926
              ],
              [
                18.78412,
                -7.975539
              ],
              [
                18.78719600100004,
                -7.9784
              ],
              [
                18.786149,
                -7.983891
              ],
              [
                18.789707,
                -7.985097
              ],
              [
                18.789819,
                -7.987004
              ],
              [
                18.794344,
                -7.98651100099994
              ],
              [
                18.795562001000064,
                -7.991637000999958
              ],
              [
                18.794575,
                -7.99577500099997
              ],
              [
                18.796451,
                -8.0
              ],
              [
                19.38133300100003,
                -8.0
              ],
              [
                19.382609,
                -7.997674
              ],
              [
                19.379278,
                -7.993926
              ],
              [
                19.37990600100005,
                -7.990759000999958
              ],
              [
                19.370207,
                -7.982575
              ],
              [
                19.371679001000075,
                -7.976203
              ],
              [
                19.369413,
                -7.974469
              ],
              [
                19.370368,
                -7.972394
              ],
              [
                19.36783900100005,
                -7.970863
              ],
              [
                19.366208,
                -7.965518
              ],
              [
                19.36702000100007,
                -7.960672000999978
              ],
              [
                19.35845400100004,
                -7.949362
              ],
              [
                19.35955300100005,
                -7.942891
              ],
              [
                19.361382001000038,
                -7.941328
              ],
              [
                19.360038001000078,
                -7.938789000999975
              ],
              [
                19.357246001000078,
                -7.937922
              ],
              [
                19.356243,
                -7.932619
              ],
              [
                19.357942,
                -7.93012
              ],
              [
                19.357273,
                -7.928708000999961
              ],
              [
                19.361717001000045,
                -7.925336
              ],
              [
                19.362618,
                -7.92238
              ],
              [
                19.360379,
                -7.909022
              ],
              [
                19.358393,
                -7.90793
              ],
              [
                19.357403001000023,
                -7.904968
              ],
              [
                19.355123001000038,
                -7.905719
              ],
              [
                19.353949001000046,
                -7.903691
              ],
              [
                19.352359,
                -7.904572
              ],
              [
                19.348489001000075,
                -7.903493000999958
              ],
              [
                19.344154,
                -7.905794000999947
              ],
              [
                19.341656,
                -7.901446000999954
              ],
              [
                19.343335,
                -7.899398000999952
              ],
              [
                19.3447,
                -7.899787000999936
              ],
              [
                19.34524,
                -7.898483
              ],
              [
                19.344175,
                -7.898231
              ],
              [
                19.345915001000037,
                -7.896395000999973
              ],
              [
                19.349226,
                -7.896961
              ],
              [
                19.347731001000056,
                -7.894142
              ],
              [
                19.348796,
                -7.893528000999936
              ],
              [
                19.348482,
                -7.88991
              ],
              [
                19.351035,
                -7.887228000999926
              ],
              [
                19.3507,
                -7.884989
              ],
              [
                19.356448001000047,
                -7.882689
              ],
              [
                19.360065,
                -7.878156
              ],
              [
                19.35769,
                -7.871187
              ],
              [
                19.359628001000033,
                -7.868519
              ],
              [
                19.361799,
                -7.868532
              ],
              [
                19.361941,
                -7.86546
              ],
              [
                19.363777,
                -7.864784
              ],
              [
                19.36308100100007,
                -7.86238100099996
              ],
              [
                19.36503300100003,
                -7.861992000999976
              ],
              [
                19.364569,
                -7.860928
              ],
              [
                19.365954,
                -7.860470000999953
              ],
              [
                19.364889,
                -7.859759
              ],
              [
                19.366425,
                -7.858955
              ],
              [
                19.365354,
                -7.852931
              ],
              [
                19.367415,
                -7.850931
              ],
              [
                19.365421001000072,
                -7.84909
              ],
              [
                19.367635,
                -7.841701
              ],
              [
                19.364591,
                -7.840159
              ],
              [
                19.364147,
                -7.836589
              ],
              [
                19.366516,
                -7.83377
              ],
              [
                19.362775,
                -7.82936700099998
              ],
              [
                19.362925001000065,
                -7.825367000999961
              ],
              [
                19.36165600100003,
                -7.82461
              ],
              [
                19.362837,
                -7.821634
              ],
              [
                19.361929001000078,
                -7.819859
              ],
              [
                19.363014,
                -7.819402000999958
              ],
              [
                19.36186800100006,
                -7.81377
              ],
              [
                19.363383,
                -7.812214
              ],
              [
                19.36358800100004,
                -7.807341
              ],
              [
                19.365130001000068,
                -7.804631
              ],
              [
                19.369915,
                -7.802180000999954
              ],
              [
                19.375150001000065,
                -7.792488000999981
              ],
              [
                19.380393,
                -7.789642000999947
              ],
              [
                19.383232,
                -7.790017
              ],
              [
                19.384331,
                -7.786529
              ],
              [
                19.38614,
                -7.785676
              ],
              [
                19.386549,
                -7.783232
              ],
              [
                19.38538900100008,
                -7.782598
              ],
              [
                19.386604,
                -7.78014
              ],
              [
                19.384467,
                -7.77627
              ],
              [
                19.387273,
                -7.776093
              ],
              [
                19.38720500100004,
                -7.774693
              ],
              [
                19.388494,
                -7.775717000999975
              ],
              [
                19.39115,
                -7.77354
              ],
              [
                19.38986,
                -7.772734000999947
              ],
              [
                19.391157,
                -7.769977
              ],
              [
                19.389532,
                -7.766769
              ],
              [
                19.390802,
                -7.766066000999956
              ],
              [
                19.388324,
                -7.764004
              ],
              [
                19.387894,
                -7.759342
              ],
              [
                19.389252001000045,
                -7.759424
              ],
              [
                19.388194001000045,
                -7.7578
              ],
              [
                19.389709,
                -7.755302
              ],
              [
                19.390174,
                -7.7492
              ],
              [
                19.39189,
                -7.748549000999958
              ],
              [
                19.394821,
                -7.743419
              ],
              [
                19.394254,
                -7.740750000999981
              ],
              [
                19.39655,
                -7.738454
              ],
              [
                19.39554,
                -7.736477000999969
              ],
              [
                19.398790001000066,
                -7.73595200099993
              ],
              [
                19.40126500100007,
                -7.732923
              ],
              [
                19.397974,
                -7.730545
              ],
              [
                19.39991,
                -7.721459
              ],
              [
                19.402772,
                -7.71702
              ],
              [
                19.402883001000077,
                -7.715029000999948
              ],
              [
                19.401348,
                -7.71465600099998
              ],
              [
                19.401943001000063,
                -7.712512000999936
              ],
              [
                19.403022001000068,
                -7.710797000999946
              ],
              [
                19.40577200100006,
                -7.710583000999975
              ],
              [
                19.406746001000045,
                -7.707077
              ],
              [
                19.411694001000058,
                -7.70546
              ],
              [
                19.410594,
                -7.702877000999933
              ],
              [
                19.41243,
                -7.701570000999936
              ],
              [
                19.410874,
                -7.701197
              ],
              [
                19.410864,
                -7.698946
              ],
              [
                19.408966001000067,
                -7.698614
              ],
              [
                19.411123,
                -7.693709
              ],
              [
                19.408551,
                -7.689156
              ],
              [
                19.41007600100005,
                -7.687195
              ],
              [
                19.406487001000073,
                -7.68675000099995
              ],
              [
                19.405045001000076,
                -7.68187500099998
              ],
              [
                19.40690200100005,
                -7.67951
              ],
              [
                19.404631,
                -7.67799600099994
              ],
              [
                19.406134,
                -7.677467000999968
              ],
              [
                19.404786,
                -7.673018
              ],
              [
                19.40608300100007,
                -7.67093300099998
              ],
              [
                19.40087600100003,
                -7.66749
              ],
              [
                19.402017,
                -7.664824
              ],
              [
                19.399497,
                -7.665322
              ],
              [
                19.400296,
                -7.663051
              ],
              [
                19.394809001000056,
                -7.658093
              ],
              [
                19.39455,
                -7.655469000999972
              ],
              [
                19.390888001000064,
                -7.655003000999955
              ],
              [
                19.392849,
                -7.652171
              ],
              [
                19.39121,
                -7.650076
              ],
              [
                19.392351001000065,
                -7.649029
              ],
              [
                19.390951,
                -7.647546
              ],
              [
                19.391791,
                -7.646301
              ],
              [
                19.390536001000044,
                -7.646156
              ],
              [
                19.390176,
                -7.643383
              ],
              [
                19.38776,
                -7.64415
              ],
              [
                19.386017,
                -7.642263
              ],
              [
                19.387054,
                -7.638104
              ],
              [
                19.385903,
                -7.635812000999977
              ],
              [
                19.387459001000025,
                -7.630709
              ],
              [
                19.382221,
                -7.628355
              ],
              [
                19.38112200100005,
                -7.626353000999927
              ],
              [
                19.382232001000034,
                -7.624694000999966
              ],
              [
                19.376952,
                -7.61874
              ],
              [
                19.379826,
                -7.616645
              ],
              [
                19.376113,
                -7.614789000999963
              ],
              [
                19.374785,
                -7.609188
              ],
              [
                19.370885,
                -7.608141000999979
              ],
              [
                19.372348,
                -7.603692000999956
              ],
              [
                19.37046,
                -7.602250000999959
              ],
              [
                19.369703,
                -7.595374
              ],
              [
                19.36854100100004,
                -7.595104
              ],
              [
                19.369765001000076,
                -7.592573
              ],
              [
                19.368572,
                -7.591308000999959
              ],
              [
                19.370564,
                -7.590105
              ],
              [
                19.371414,
                -7.584619000999965
              ],
              [
                19.37352,
                -7.582399000999942
              ],
              [
                19.378175001000045,
                -7.58136400099994
              ],
              [
                19.380728001000023,
                -7.574662
              ],
              [
                19.383207001000073,
                -7.57194500099996
              ],
              [
                19.473334,
                -7.571971
              ],
              [
                19.473466,
                -7.570188000999963
              ],
              [
                19.487516001000074,
                -7.561043000999973
              ],
              [
                19.487753001000044,
                -7.552778
              ],
              [
                19.485088,
                -7.545354
              ],
              [
                19.489180001000022,
                -7.535551
              ],
              [
                19.492988,
                -7.532695
              ],
              [
                19.49451,
                -7.52727
              ],
              [
                19.492607001000067,
                -7.525462
              ],
              [
                19.493463,
                -7.521845000999974
              ],
              [
                19.490894001000072,
                -7.516706
              ],
              [
                19.49156,
                -7.515278
              ],
              [
                19.485771,
                -7.509068
              ],
              [
                19.4862,
                -7.504452
              ],
              [
                19.489186,
                -7.500621
              ],
              [
                19.493738001000054,
                -7.499857
              ],
              [
                19.494232,
                -7.498003
              ],
              [
                19.497152001000075,
                -7.497450000999947
              ],
              [
                19.501372,
                -7.492643
              ],
              [
                19.506125001000044,
                -7.49207
              ],
              [
                19.509058,
                -7.493203
              ],
              [
                19.51039200100007,
                -7.489597
              ],
              [
                19.511912,
                -7.4888
              ],
              [
                19.514867,
                -7.489999000999944
              ],
              [
                19.516580001000023,
                -7.487758000999975
              ],
              [
                19.518404,
                -7.487771
              ],
              [
                19.518051,
                -7.484813000999964
              ],
              [
                19.521598,
                -7.48379
              ],
              [
                19.52088,
                -7.479994000999966
              ],
              [
                19.523965001000022,
                -7.477304000999936
              ],
              [
                19.52322900100006,
                -7.47563
              ],
              [
                19.52814100100005,
                -7.469154
              ],
              [
                19.528444,
                -7.465901
              ],
              [
                19.530273,
                -7.4653
              ],
              [
                19.530109001000028,
                -7.462726
              ],
              [
                19.535233,
                -7.459993
              ],
              [
                19.541624,
                -7.462261
              ],
              [
                19.541348,
                -7.460056
              ],
              [
                19.543481,
                -7.458938
              ],
              [
                19.543403,
                -7.457292000999928
              ],
              [
                19.544616,
                -7.457514
              ],
              [
                19.545638,
                -7.451602000999969
              ],
              [
                19.543409001000043,
                -7.452179
              ],
              [
                19.543595,
                -7.449661
              ],
              [
                19.54136600100003,
                -7.447276
              ],
              [
                19.540428001000066,
                -7.447966
              ],
              [
                19.540609,
                -7.44656
              ],
              [
                19.539131,
                -7.445425
              ],
              [
                19.536259,
                -7.446813
              ],
              [
                19.536643001000073,
                -7.445611000999975
              ],
              [
                19.533999,
                -7.444445000999963
              ],
              [
                19.529877001000045,
                -7.4459
              ],
              [
                19.530256,
                -7.443809
              ],
              [
                19.528555,
                -7.444037
              ],
              [
                19.530358,
                -7.442216
              ],
              [
                19.528958001000035,
                -7.439578
              ],
              [
                19.531055,
                -7.437686
              ],
              [
                19.532605001000036,
                -7.439056
              ],
              [
                19.534624,
                -7.437373
              ],
              [
                19.534095,
                -7.434345
              ],
              [
                19.531434001000036,
                -7.433347000999959
              ],
              [
                19.532647001000043,
                -7.432032
              ],
              [
                19.52794300100004,
                -7.432669
              ],
              [
                19.527606,
                -7.428805
              ],
              [
                19.52455400100007,
                -7.427105000999973
              ],
              [
                19.525359,
                -7.425128
              ],
              [
                19.523464001000036,
                -7.425257
              ],
              [
                19.52484,
                -7.424098
              ],
              [
                19.52289,
                -7.423774
              ],
              [
                19.522847,
                -7.422412
              ],
              [
                19.519632,
                -7.424261000999934
              ],
              [
                19.51582,
                -7.420885000999931
              ],
              [
                19.516219,
                -7.418997
              ],
              [
                19.518627001000027,
                -7.418763
              ],
              [
                19.517441,
                -7.415012
              ],
              [
                19.519156,
                -7.414793
              ],
              [
                19.51857,
                -7.413301000999979
              ],
              [
                19.521326,
                -7.411622000999955
              ],
              [
                19.519114001000048,
                -7.411375
              ],
              [
                19.519133001000057,
                -7.407807
              ],
              [
                19.51791,
                -7.406971
              ],
              [
                19.519653,
                -7.403682000999936
              ],
              [
                19.518829,
                -7.402288
              ],
              [
                19.52180100100003,
                -7.400286
              ],
              [
                19.520255,
                -7.396687
              ],
              [
                19.522074001000078,
                -7.396262
              ],
              [
                19.52234,
                -7.393626
              ],
              [
                19.520319001000075,
                -7.39272
              ],
              [
                19.519666,
                -7.393626
              ],
              [
                19.51848700100004,
                -7.391656
              ],
              [
                19.51715,
                -7.393455
              ],
              [
                19.51353800100003,
                -7.389172
              ],
              [
                19.512176,
                -7.390705
              ],
              [
                19.508736001000045,
                -7.390616000999955
              ],
              [
                19.505086,
                -7.386396
              ],
              [
                19.504661001000045,
                -7.37987
              ],
              [
                19.50341300100007,
                -7.379452
              ],
              [
                19.504167,
                -7.37795
              ],
              [
                19.501531,
                -7.375187
              ],
              [
                19.500916001000064,
                -7.371956000999944
              ],
              [
                19.502367,
                -7.369218
              ],
              [
                19.501803,
                -7.368325
              ],
              [
                19.50065,
                -7.369238
              ],
              [
                19.501024,
                -7.368293
              ],
              [
                19.498540001000038,
                -7.367723000999945
              ],
              [
                19.498812001000033,
                -7.366564
              ],
              [
                19.494491,
                -7.363655
              ],
              [
                19.49783300100006,
                -7.359893
              ],
              [
                19.49666,
                -7.35675
              ],
              [
                19.501013001000047,
                -7.354836
              ],
              [
                19.501647,
                -7.350990000999957
              ],
              [
                19.502477001000045,
                -7.35208
              ],
              [
                19.506101001000047,
                -7.351022
              ],
              [
                19.505094,
                -7.347271
              ],
              [
                19.502622,
                -7.344787000999929
              ],
              [
                19.504827,
                -7.341714
              ],
              [
                19.501406001000078,
                -7.340041
              ],
              [
                19.501672,
                -7.336341
              ],
              [
                19.498973,
                -7.338311
              ],
              [
                19.497946,
                -7.337177
              ],
              [
                19.49931500100007,
                -7.33404
              ],
              [
                19.500481,
                -7.334307
              ],
              [
                19.496698,
                -7.331246
              ],
              [
                19.498155,
                -7.328566000999956
              ],
              [
                19.496837,
                -7.32778
              ],
              [
                19.498770001000025,
                -7.324777
              ],
              [
                19.494429,
                -7.324232000999928
              ],
              [
                19.494436,
                -7.322039
              ],
              [
                19.491508,
                -7.320778
              ],
              [
                19.492985,
                -7.317407000999935
              ],
              [
                19.490317,
                -7.317724
              ],
              [
                19.489082001000043,
                -7.316260000999932
              ],
              [
                19.48673700100005,
                -7.317471
              ],
              [
                19.48535600100007,
                -7.315709
              ],
              [
                19.487947001000066,
                -7.312693
              ],
              [
                19.486344,
                -7.310139
              ],
              [
                19.490621001000022,
                -7.309652
              ],
              [
                19.491382001000034,
                -7.30763
              ],
              [
                19.495608,
                -7.305482
              ],
              [
                19.494271,
                -7.301915
              ],
              [
                19.490228001000048,
                -7.30125
              ],
              [
                19.490311001000066,
                -7.29974200099997
              ],
              [
                19.487802,
                -7.299944
              ],
              [
                19.489373001000047,
                -7.297030000999939
              ],
              [
                19.487491,
                -7.296713
              ],
              [
                19.487827,
                -7.294565
              ],
              [
                19.49011500100005,
                -7.293304000999967
              ],
              [
                19.49050100100004,
                -7.289426000999981
              ],
              [
                19.493644001000064,
                -7.289407000999972
              ],
              [
                19.493314001000044,
                -7.28826
              ],
              [
                19.495836,
                -7.287557
              ],
              [
                19.494664,
                -7.28582
              ],
              [
                19.49674200100003,
                -7.282709
              ],
              [
                19.496033,
                -7.279668
              ],
              [
                19.497876001000066,
                -7.279041
              ],
              [
                19.498123,
                -7.274858000999927
              ],
              [
                19.49652,
                -7.273724000999948
              ],
              [
                19.494594,
                -7.274396
              ],
              [
                19.494683,
                -7.272191
              ],
              [
                19.492617,
                -7.272299
              ],
              [
                19.494005,
                -7.270474
              ],
              [
                19.492706001000045,
                -7.270201
              ],
              [
                19.493492,
                -7.266564
              ],
              [
                19.495678,
                -7.264378
              ],
              [
                19.494499001000065,
                -7.262515
              ],
              [
                19.497933001000035,
                -7.256838000999949
              ],
              [
                19.497395,
                -7.253879
              ],
              [
                19.500614,
                -7.252618
              ],
              [
                19.500233001000026,
                -7.247244000999956
              ],
              [
                19.501869001000046,
                -7.247352
              ],
              [
                19.501343001000066,
                -7.250147000999959
              ],
              [
                19.50329400100003,
                -7.250501000999975
              ],
              [
                19.50797700100003,
                -7.243994
              ],
              [
                19.506101001000047,
                -7.24261900099998
              ],
              [
                19.506855,
                -7.240978
              ],
              [
                19.504656,
                -7.24004
              ],
              [
                19.503408,
                -7.235966
              ],
              [
                19.504948,
                -7.230396
              ],
              [
                19.503858001000026,
                -7.22871700099995
              ],
              [
                19.506697,
                -7.226829
              ],
              [
                19.504549,
                -7.22528300099998
              ],
              [
                19.504052,
                -7.221374
              ],
              [
                19.502825001000076,
                -7.222509
              ],
              [
                19.501782,
                -7.221124
              ],
              [
                19.506387,
                -7.218294
              ],
              [
                19.504572,
                -7.217153000999929
              ],
              [
                19.507092,
                -7.211229
              ],
              [
                19.505021,
                -7.209421
              ],
              [
                19.505404001000045,
                -7.20483
              ],
              [
                19.50824700100003,
                -7.202667
              ],
              [
                19.502574001000028,
                -7.195912000999954
              ],
              [
                19.504981,
                -7.18368800099995
              ],
              [
                19.499995,
                -7.175363
              ],
              [
                19.498509,
                -7.167522000999952
              ],
              [
                19.49953400100003,
                -7.16503
              ],
              [
                19.502568,
                -7.165684000999931
              ],
              [
                19.500624001000062,
                -7.161903000999928
              ],
              [
                19.504015001000027,
                -7.161017
              ],
              [
                19.50696300100003,
                -7.15218
              ],
              [
                19.510969,
                -7.151671
              ],
              [
                19.511227,
                -7.146357
              ],
              [
                19.513507,
                -7.145715000999928
              ],
              [
                19.513071,
                -7.143554000999927
              ],
              [
                19.514961001000074,
                -7.141174000999968
              ],
              [
                19.513586,
                -7.138709
              ],
              [
                19.516455,
                -7.132932
              ],
              [
                19.515516,
                -7.126745
              ],
              [
                19.522245,
                -7.120941
              ],
              [
                19.521459,
                -7.11246700099997
              ],
              [
                19.530409,
                -7.101369000999966
              ],
              [
                19.531394,
                -7.097337
              ],
              [
                19.532636,
                -7.097780000999933
              ],
              [
                19.534011001000067,
                -7.095916
              ],
              [
                19.53264900100004,
                -7.089009
              ],
              [
                19.537977,
                -7.085823
              ],
              [
                19.539887,
                -7.082042000999934
              ],
              [
                19.53953000100006,
                -7.078968
              ],
              [
                19.54405,
                -7.077932
              ],
              [
                19.547862,
                -7.070787
              ],
              [
                19.55115100100005,
                -7.069056000999979
              ],
              [
                19.558067,
                -7.0614
              ],
              [
                19.558796001000076,
                -7.058132
              ],
              [
                19.562227001000053,
                -7.05553
              ],
              [
                19.561171,
                -7.05321
              ],
              [
                19.563022,
                -7.048952000999975
              ],
              [
                19.561694,
                -7.045586
              ],
              [
                19.555660001000035,
                -7.034347
              ],
              [
                19.552589,
                -7.033334
              ],
              [
                19.54994300100003,
                -7.029043
              ],
              [
                19.54914700100005,
                -7.025885
              ],
              [
                19.551293001000033,
                -7.02265
              ],
              [
                19.551489,
                -7.01641
              ],
              [
                19.549551001000054,
                -7.014363
              ],
              [
                19.553526,
                -7.011085
              ],
              [
                19.54961600100006,
                -7.008689
              ],
              [
                19.55013800100005,
                -7.00565
              ],
              [
                19.54762100100004,
                -7.002015
              ],
              [
                19.547955001000048,
                -7.000000000999933
              ],
              [
                19.926847,
                -7.000000000999933
              ],
              [
                20.30288500100005,
                -7.000000000999933
              ],
              [
                20.303226,
                -6.996794
              ],
              [
                20.298317001000044,
                -6.996456
              ],
              [
                20.303512,
                -6.986719000999926
              ],
              [
                20.307041,
                -6.983778
              ],
              [
                20.307262,
                -6.98047
              ],
              [
                20.304468,
                -6.976617000999966
              ],
              [
                20.30424700100008,
                -6.97380900099995
              ],
              [
                20.306865,
                -6.973015
              ],
              [
                20.306923,
                -6.969309
              ],
              [
                20.312305001000027,
                -6.961515
              ],
              [
                20.309041001000026,
                -6.95284
              ],
              [
                20.311996,
                -6.951222
              ],
              [
                20.308938,
                -6.949325
              ],
              [
                20.310364,
                -6.943517
              ],
              [
                20.312893,
                -6.943987
              ],
              [
                20.315643,
                -6.939723000999948
              ],
              [
                20.31332,
                -6.93722300099995
              ],
              [
                20.31629,
                -6.931591000999958
              ],
              [
                20.314938,
                -6.93015
              ],
              [
                20.315922,
                -6.926724
              ],
              [
                20.317746001000046,
                -6.925092
              ],
              [
                20.31647600100007,
                -6.920213
              ],
              [
                20.319164001000047,
                -6.918762
              ],
              [
                20.321627,
                -6.919416
              ],
              [
                20.32199500100006,
                -6.916667
              ],
              [
                20.627544001000047,
                -6.916667
              ],
              [
                20.627033,
                -6.919986000999927
              ],
              [
                20.632051001000036,
                -6.922145
              ],
              [
                20.62625900100005,
                -6.926305000999946
              ],
              [
                20.625537001000055,
                -6.929179
              ],
              [
                20.622713,
                -6.929962
              ],
              [
                20.623687001000064,
                -6.932516
              ],
              [
                20.621543,
                -6.939337
              ],
              [
                20.62313,
                -6.945865000999959
              ],
              [
                20.624979,
                -6.947256
              ],
              [
                20.625113,
                -6.954856000999939
              ],
              [
                20.62246,
                -6.956434000999934
              ],
              [
                20.6221,
                -6.960443
              ],
              [
                20.623621,
                -6.963175
              ],
              [
                20.620283,
                -6.970079
              ],
              [
                20.619334001000027,
                -6.980714000999967
              ],
              [
                20.616242,
                -6.987030000999937
              ],
              [
                20.611315,
                -6.991379000999927
              ],
              [
                20.61245400100006,
                -7.004182
              ],
              [
                20.610042,
                -7.010009
              ],
              [
                20.611184001000026,
                -7.013093
              ],
              [
                20.606836001000033,
                -7.013478000999953
              ],
              [
                20.60480700100004,
                -7.010140000999968
              ],
              [
                20.60004800100006,
                -7.012950000999979
              ],
              [
                20.599244,
                -7.017666
              ],
              [
                20.603629,
                -7.022073
              ],
              [
                20.592002,
                -7.033918
              ],
              [
                20.59411700100003,
                -7.039616
              ],
              [
                20.592962,
                -7.043953
              ],
              [
                20.595507001000044,
                -7.048111000999938
              ],
              [
                20.5939,
                -7.05305
              ],
              [
                20.594871,
                -7.062032
              ],
              [
                20.590191,
                -7.067317
              ],
              [
                20.58924,
                -7.072413
              ],
              [
                20.586313,
                -7.077624
              ],
              [
                20.584126,
                -7.078879
              ],
              [
                20.58298200100006,
                -7.088951
              ],
              [
                20.579393001000028,
                -7.091204
              ],
              [
                20.577233001000025,
                -7.094695
              ],
              [
                20.572259001000077,
                -7.097269
              ],
              [
                20.575444,
                -7.100323
              ],
              [
                20.574877,
                -7.102134
              ],
              [
                20.569053,
                -7.105973000999938
              ],
              [
                20.568571001000066,
                -7.108567000999926
              ],
              [
                20.56547500100004,
                -7.109071000999961
              ],
              [
                20.56626,
                -7.112745
              ],
              [
                20.562377,
                -7.115615
              ],
              [
                20.561877,
                -7.123164
              ],
              [
                20.557992,
                -7.12962
              ],
              [
                20.559367001000055,
                -7.133765
              ],
              [
                20.551621,
                -7.139551
              ],
              [
                20.548437,
                -7.13959
              ],
              [
                20.549807,
                -7.143567
              ],
              [
                20.54619,
                -7.14567600099997
              ],
              [
                20.546299001000023,
                -7.147029
              ],
              [
                20.549812001000078,
                -7.148752
              ],
              [
                20.54571,
                -7.150628
              ],
              [
                20.545558001000074,
                -7.151872
              ],
              [
                20.558453001000032,
                -7.157887000999949
              ],
              [
                20.559704,
                -7.161667000999955
              ],
              [
                20.558789,
                -7.16510200099998
              ],
              [
                20.562155001000065,
                -7.166612
              ],
              [
                20.561332,
                -7.169997000999956
              ],
              [
                20.557585,
                -7.172127
              ],
              [
                20.55525300100004,
                -7.18456
              ],
              [
                20.556498001000023,
                -7.189726
              ],
              [
                20.560904,
                -7.193054
              ],
              [
                20.559238,
                -7.198753
              ],
              [
                20.555729,
                -7.199886
              ],
              [
                20.554044001000022,
                -7.207772000999967
              ],
              [
                20.554731,
                -7.212403
              ],
              [
                20.558294001000036,
                -7.216187
              ],
              [
                20.558542,
                -7.218433
              ],
              [
                20.55384,
                -7.223097000999928
              ],
              [
                20.54853,
                -7.224379
              ],
              [
                20.547501,
                -7.227056000999937
              ],
              [
                20.552489,
                -7.234442
              ],
              [
                20.55443000100007,
                -7.241771
              ],
              [
                20.551311001000045,
                -7.24591
              ],
              [
                20.550886001000038,
                -7.249968
              ],
              [
                20.555382,
                -7.25462
              ],
              [
                20.557952,
                -7.263281
              ],
              [
                20.553275,
                -7.267474
              ],
              [
                20.550313,
                -7.27379
              ],
              [
                20.550395001000027,
                -7.275654000999964
              ],
              [
                20.555745,
                -7.280940000999976
              ],
              [
                20.553021,
                -7.283333
              ],
              [
                21.162186,
                -7.283333
              ],
              [
                21.789226,
                -7.283333
              ],
              [
                21.78679373400007,
                -7.284702606999929
              ],
              [
                21.788573770000028,
                -7.288233789999936
              ],
              [
                21.788340136000045,
                -7.306448527999976
              ],
              [
                21.790832218000048,
                -7.31132465099995
              ],
              [
                21.792598750000025,
                -7.313646571999925
              ],
              [
                21.796390959000064,
                -7.314767515999961
              ],
              [
                21.800813186000028,
                -7.313507590999961
              ],
              [
                21.803143869000053,
                -7.31460333299998
              ],
              [
                21.806534601000067,
                -7.319889305999936
              ],
              [
                21.81001813200004,
                -7.320678096999927
              ],
              [
                21.813471,
                -7.323842000999946
              ],
              [
                21.815544001000035,
                -7.328861
              ],
              [
                21.82001400100006,
                -7.329238
              ],
              [
                21.824925001000054,
                -7.33255
              ],
              [
                21.828725001000066,
                -7.340334
              ],
              [
                21.829522,
                -7.347573
              ],
              [
                21.834327001000077,
                -7.351203000999931
              ],
              [
                21.833698001000073,
                -7.358694000999947
              ],
              [
                21.837817001000076,
                -7.370045000999937
              ],
              [
                21.842881,
                -7.373234
              ],
              [
                21.841713001000073,
                -7.384887000999981
              ],
              [
                21.842969,
                -7.392422
              ],
              [
                21.838901,
                -7.395525
              ],
              [
                21.834705,
                -7.396322
              ],
              [
                21.833159,
                -7.398504
              ],
              [
                21.8326,
                -7.402477000999966
              ],
              [
                21.834334,
                -7.408352
              ],
              [
                21.841468,
                -7.41663300099998
              ],
              [
                21.844769,
                -7.422732
              ],
              [
                21.852332,
                -7.425101
              ],
              [
                21.85632600100007,
                -7.424585
              ],
              [
                21.859038,
                -7.428844
              ],
              [
                21.853414001000033,
                -7.437447
              ],
              [
                21.858344,
                -7.440913000999956
              ],
              [
                21.860380001000067,
                -7.447966
              ],
              [
                21.858086,
                -7.450764
              ],
              [
                21.852687,
                -7.452918
              ],
              [
                21.84653200100007,
                -7.457674
              ],
              [
                21.845777,
                -7.460444
              ],
              [
                21.84807100100005,
                -7.466459000999976
              ],
              [
                21.852967001000025,
                -7.46883700099994
              ],
              [
                21.858048,
                -7.469303
              ],
              [
                21.861737,
                -7.474419000999944
              ],
              [
                21.86176,
                -7.476727
              ],
              [
                21.857079,
                -7.483608
              ],
              [
                21.857454001000065,
                -7.493383
              ],
              [
                21.844909,
                -7.506633000999955
              ],
              [
                21.84138400100005,
                -7.523335
              ],
              [
                21.842587,
                -7.532679
              ],
              [
                21.857443,
                -7.554808
              ],
              [
                21.85875800100007,
                -7.561243
              ],
              [
                21.854085,
                -7.565663000999962
              ],
              [
                21.850581,
                -7.572108
              ],
              [
                21.85226700100003,
                -7.576602
              ],
              [
                21.846448,
                -7.579399
              ],
              [
                21.84518900100005,
                -7.585974
              ],
              [
                21.85033700100007,
                -7.594535
              ],
              [
                21.85269400100003,
                -7.602957
              ],
              [
                21.85205200100006,
                -7.605717
              ],
              [
                21.848378,
                -7.612244
              ],
              [
                21.842755,
                -7.615293
              ],
              [
                21.84458100100005,
                -7.617377
              ],
              [
                21.843510001000027,
                -7.621255
              ],
              [
                21.832572001000074,
                -7.626456
              ],
              [
                21.8319,
                -7.629897
              ],
              [
                21.834726,
                -7.641339
              ],
              [
                21.832991,
                -7.646515
              ],
              [
                21.829522,
                -7.651047
              ],
              [
                21.830166,
                -7.656083
              ],
              [
                21.82787200100006,
                -7.657621
              ],
              [
                21.81864,
                -7.658517
              ],
              [
                21.81324,
                -7.66288100099996
              ],
              [
                21.812575,
                -7.664848000999939
              ],
              [
                21.816747,
                -7.672605
              ],
              [
                21.817518001000053,
                -7.678221
              ],
              [
                21.813086001000045,
                -7.686241000999928
              ],
              [
                21.80757200100004,
                -7.705984
              ],
              [
                21.804403,
                -7.712418
              ],
              [
                21.801897001000043,
                -7.713769
              ],
              [
                21.798102,
                -7.723202
              ],
              [
                21.801476,
                -7.731199
              ],
              [
                21.801126,
                -7.733577
              ],
              [
                21.793487001000074,
                -7.737253
              ],
              [
                21.788657,
                -7.74827
              ],
              [
                21.788193,
                -7.753778000999944
              ],
              [
                21.78995,
                -7.75506300099994
              ],
              [
                21.789726001000076,
                -7.757973
              ],
              [
                21.776147,
                -7.771452
              ],
              [
                21.774566,
                -7.793849
              ],
              [
                21.772124,
                -7.803322
              ],
              [
                21.775824001000046,
                -7.804091000999961
              ],
              [
                21.780478001000063,
                -7.802901000999952
              ],
              [
                21.78504600100007,
                -7.805637
              ],
              [
                21.77489,
                -7.814627
              ],
              [
                21.7746,
                -7.818717000999925
              ],
              [
                21.776396,
                -7.82346
              ],
              [
                21.774258001000078,
                -7.826689
              ],
              [
                21.776462001000027,
                -7.828167
              ],
              [
                21.776674,
                -7.830313
              ],
              [
                21.76944300100007,
                -7.834555000999956
              ],
              [
                21.76840800100007,
                -7.854878
              ],
              [
                21.773798,
                -7.86632100099996
              ],
              [
                21.774783,
                -7.87634
              ],
              [
                21.777724,
                -7.880598000999953
              ],
              [
                21.776653,
                -7.88841
              ],
              [
                21.77287,
                -7.895303000999945
              ],
              [
                21.77225400100008,
                -7.900097000999949
              ],
              [
                21.773636001000057,
                -7.903008
              ],
              [
                21.776547,
                -7.904878000999929
              ],
              [
                21.77669600100006,
                -7.907109
              ],
              [
                21.772275,
                -7.913952
              ],
              [
                21.763372,
                -7.919285
              ],
              [
                21.755106,
                -7.92640400099998
              ],
              [
                21.751451,
                -7.934883
              ],
              [
                21.750941,
                -7.941130000999976
              ],
              [
                21.757422,
                -7.952796
              ],
              [
                21.765242,
                -7.959787
              ],
              [
                21.76843000100007,
                -7.967522
              ],
              [
                21.768897001000028,
                -7.971007000999975
              ],
              [
                21.765874001000043,
                -7.978893
              ],
              [
                21.762926,
                -7.999248
              ],
              [
                21.766638001000047,
                -8.005945
              ],
              [
                21.776249001000053,
                -8.014718
              ],
              [
                21.775035,
                -8.02772
              ],
              [
                21.780372,
                -8.032227
              ],
              [
                21.788914,
                -8.03329
              ],
              [
                21.790862,
                -8.04098000099998
              ],
              [
                21.79333100100007,
                -8.043175
              ],
              [
                21.802931001000047,
                -8.045589
              ],
              [
                21.803535001000057,
                -8.0508
              ],
              [
                21.807594,
                -8.05656000099998
              ],
              [
                21.816533,
                -8.06591
              ],
              [
                21.823195,
                -8.070217
              ],
              [
                21.825478,
                -8.077215
              ],
              [
                21.826178,
                -8.089394
              ],
              [
                21.830128,
                -8.0975
              ],
              [
                21.83539500100005,
                -8.102149
              ],
              [
                21.838685,
                -8.109312000999978
              ],
              [
                21.840209,
                -8.117711
              ],
              [
                21.844515,
                -8.123779
              ],
              [
                21.844851,
                -8.132292
              ],
              [
                21.848511,
                -8.142181
              ],
              [
                21.858792,
                -8.147274
              ],
              [
                21.86624,
                -8.162707000999944
              ],
              [
                21.876581,
                -8.171835000999977
              ],
              [
                21.881150001000037,
                -8.173659
              ],
              [
                21.883227,
                -8.176693
              ],
              [
                21.884347001000037,
                -8.180955
              ],
              [
                21.883299,
                -8.184187
              ],
              [
                21.880211001000077,
                -8.18686
              ],
              [
                21.87622,
                -8.186625
              ],
              [
                21.872987,
                -8.188486000999944
              ],
              [
                21.871723,
                -8.193867
              ],
              [
                21.875985,
                -8.208098
              ],
              [
                21.880247,
                -8.21599
              ],
              [
                21.879633,
                -8.227458
              ],
              [
                21.885503,
                -8.240298
              ],
              [
                21.886514001000023,
                -8.246493
              ],
              [
                21.891248001000065,
                -8.251865
              ],
              [
                21.888535,
                -8.273923000999957
              ],
              [
                21.89312600100004,
                -8.294171
              ],
              [
                21.90012,
                -8.30128
              ],
              [
                21.904637,
                -8.301188000999957
              ],
              [
                21.907962001000044,
                -8.306485
              ],
              [
                21.910737,
                -8.306714
              ],
              [
                21.914876,
                -8.304642000999934
              ],
              [
                21.92479300100007,
                -8.306852
              ],
              [
                21.92688000100003,
                -8.308984
              ],
              [
                21.928678390000073,
                -8.314855104999936
              ],
              [
                21.929081001000043,
                -8.322238
              ],
              [
                21.931925,
                -8.327077
              ],
              [
                21.931122,
                -8.333062
              ],
              [
                21.92098700100007,
                -8.341431
              ],
              [
                21.916011,
                -8.342738
              ],
              [
                21.913695001000065,
                -8.347577
              ],
              [
                21.91552900100004,
                -8.358561000999941
              ],
              [
                21.92270700100005,
                -8.370875
              ],
              [
                21.92126200100006,
                -8.386651
              ],
              [
                21.917501001000062,
                -8.393278
              ],
              [
                21.923096001000033,
                -8.397589
              ],
              [
                21.927361,
                -8.404331000999946
              ],
              [
                21.934493,
                -8.411508000999959
              ],
              [
                21.938781,
                -8.422171
              ],
              [
                21.94866600100005,
                -8.439525
              ],
              [
                21.948435,
                -8.451614
              ],
              [
                21.94378,
                -8.457851
              ],
              [
                21.942931001000034,
                -8.476884
              ],
              [
                21.943184001000077,
                -8.479590000999963
              ],
              [
                21.947793,
                -8.486584
              ],
              [
                21.94832,
                -8.492729
              ],
              [
                21.95166800100003,
                -8.497544
              ],
              [
                21.951966,
                -8.502498
              ],
              [
                21.937772,
                -8.520063
              ],
              [
                21.933024001000035,
                -8.524992
              ],
              [
                21.929609001000074,
                -8.524947
              ],
              [
                21.929012,
                -8.526346
              ],
              [
                21.930044,
                -8.52967100099994
              ],
              [
                21.937991,
                -8.532737
              ],
              [
                21.935273,
                -8.536252
              ],
              [
                21.943207,
                -8.539737
              ],
              [
                21.940088,
                -8.543957
              ],
              [
                21.936929,
                -8.554733
              ],
              [
                21.941577,
                -8.559202
              ],
              [
                21.940961001000062,
                -8.560553
              ],
              [
                21.934918001000028,
                -8.56124300099998
              ],
              [
                21.930794,
                -8.566014
              ],
              [
                21.92479300100007,
                -8.566222
              ],
              [
                21.927728,
                -8.574156
              ],
              [
                21.928432,
                -8.582827
              ],
              [
                21.920184,
                -8.586929
              ],
              [
                21.919129,
                -8.590093
              ],
              [
                21.922179001000075,
                -8.591882
              ],
              [
                21.935897,
                -8.593039
              ],
              [
                21.934559,
                -8.59958200099993
              ],
              [
                21.937117001000047,
                -8.604103
              ],
              [
                21.923951,
                -8.605279000999928
              ],
              [
                21.924165,
                -8.613787
              ],
              [
                21.92042,
                -8.617634
              ],
              [
                21.915918001000023,
                -8.61969000099998
              ],
              [
                21.914968001000034,
                -8.622023
              ],
              [
                21.910574001000043,
                -8.622979
              ],
              [
                21.9107,
                -8.629557000999966
              ],
              [
                21.905563001000075,
                -8.634585
              ],
              [
                21.906779,
                -8.645369
              ],
              [
                21.90996,
                -8.651118
              ],
              [
                21.909657001000028,
                -8.655963000999975
              ],
              [
                21.91412400100006,
                -8.660929
              ],
              [
                21.915671,
                -8.66568
              ],
              [
                21.905229,
                -8.667633
              ],
              [
                21.906034001000023,
                -8.673104000999956
              ],
              [
                21.903304001000038,
                -8.674382
              ],
              [
                21.905862,
                -8.678227
              ],
              [
                21.903945001000068,
                -8.681393000999947
              ],
              [
                21.897221001000048,
                -8.686576
              ],
              [
                21.898267,
                -8.691438
              ],
              [
                21.900359001000027,
                -8.693075000999954
              ],
              [
                21.900478001000067,
                -8.696325
              ],
              [
                21.892305001000068,
                -8.698244
              ],
              [
                21.890625001000046,
                -8.705328
              ],
              [
                21.892959,
                -8.711481000999981
              ],
              [
                21.8922,
                -8.715157
              ],
              [
                21.894263,
                -8.726471
              ],
              [
                21.891597,
                -8.741403
              ],
              [
                21.894785,
                -8.752003
              ],
              [
                21.893881001000068,
                -8.755953
              ],
              [
                21.896778,
                -8.760104
              ],
              [
                21.897974,
                -8.76647
              ],
              [
                21.892089001000045,
                -8.77789
              ],
              [
                21.892816,
                -8.780716000999973
              ],
              [
                21.896070001000055,
                -8.783709
              ],
              [
                21.892382001000044,
                -8.78854
              ],
              [
                21.885151,
                -8.805287000999954
              ],
              [
                21.88676600100007,
                -8.808338
              ],
              [
                21.884183,
                -8.816459000999942
              ],
              [
                21.871058,
                -8.824382
              ],
              [
                21.872253001000047,
                -8.827726
              ],
              [
                21.87798900100006,
                -8.833055000999934
              ],
              [
                21.877953001000037,
                -8.836315000999946
              ],
              [
                21.874767,
                -8.838779
              ],
              [
                21.868434001000026,
                -8.840652
              ],
              [
                21.865208,
                -8.84762600099998
              ],
              [
                21.860963001000073,
                -8.851421
              ],
              [
                21.860512,
                -8.855738000999963
              ],
              [
                21.864449,
                -8.861762000999931
              ],
              [
                21.863653001000046,
                -8.866534
              ],
              [
                21.865402,
                -8.870127000999958
              ],
              [
                21.867627,
                -8.871281000999943
              ],
              [
                21.86803,
                -8.875234
              ],
              [
                21.865564001000052,
                -8.880950000999974
              ],
              [
                21.859516,
                -8.888374
              ],
              [
                21.858662001000027,
                -8.897459
              ],
              [
                21.854226,
                -8.902297
              ],
              [
                21.854885,
                -8.905712
              ],
              [
                21.859848,
                -8.913374
              ],
              [
                21.86020300100006,
                -8.917264000999978
              ],
              [
                21.857547,
                -8.92566
              ],
              [
                21.85731,
                -8.940982
              ],
              [
                21.853444,
                -8.94631900099995
              ],
              [
                21.851736,
                -8.95191700099997
              ],
              [
                21.8531,
                -8.959071
              ],
              [
                21.85232700100005,
                -8.966162
              ],
              [
                21.847893,
                -8.97890800099998
              ],
              [
                21.846779,
                -8.995084
              ],
              [
                21.84934000100003,
                -9.003671
              ],
              [
                21.85024100100003,
                -9.01451
              ],
              [
                21.84647,
                -9.019396000999961
              ],
              [
                21.84491100100007,
                -9.028854000999956
              ],
              [
                21.847206,
                -9.031095000999926
              ],
              [
                21.851013,
                -9.032074
              ],
              [
                21.85529100100007,
                -9.044127
              ],
              [
                21.852605,
                -9.047977
              ],
              [
                21.84600800100003,
                -9.047648
              ],
              [
                21.843789,
                -9.057236
              ],
              [
                21.839323,
                -9.059603
              ],
              [
                21.836218001000077,
                -9.056677
              ],
              [
                21.834516,
                -9.056986
              ],
              [
                21.83516600100006,
                -9.063903
              ],
              [
                21.839855,
                -9.075221
              ],
              [
                21.835105001000045,
                -9.08647900099993
              ],
              [
                21.837437,
                -9.094059
              ],
              [
                21.833653,
                -9.097591
              ],
              [
                21.837190001000067,
                -9.099455
              ],
              [
                21.83465600100004,
                -9.103733
              ],
              [
                21.838579001000028,
                -9.105015
              ],
              [
                21.840839001000063,
                -9.110856000999945
              ],
              [
                21.838539001000072,
                -9.118506
              ],
              [
                21.84044700100003,
                -9.126009000999943
              ],
              [
                21.839626,
                -9.130546
              ],
              [
                21.843635,
                -9.138137000999961
              ],
              [
                21.841221,
                -9.143793000999949
              ],
              [
                21.844083,
                -9.147001
              ],
              [
                21.845564,
                -9.14636
              ],
              [
                21.845728,
                -9.144287
              ],
              [
                21.84971500100005,
                -9.14455
              ],
              [
                21.852392,
                -9.153401
              ],
              [
                21.85263800100006,
                -9.159603
              ],
              [
                21.857534001000033,
                -9.163168
              ],
              [
                21.85423600100006,
                -9.174804000999927
              ],
              [
                21.859596001000057,
                -9.182265
              ],
              [
                21.861422,
                -9.194066
              ],
              [
                21.856865,
                -9.204595
              ],
              [
                21.85385000100007,
                -9.2081
              ],
              [
                21.857196,
                -9.212367
              ],
              [
                21.85936600100007,
                -9.212709
              ],
              [
                21.856682,
                -9.219223
              ],
              [
                21.858909,
                -9.2267
              ],
              [
                21.856145001000073,
                -9.229458
              ],
              [
                21.855664,
                -9.23291500099998
              ],
              [
                21.850834,
                -9.240377
              ],
              [
                21.844354,
                -9.248028
              ],
              [
                21.840109,
                -9.250496
              ],
              [
                21.838414,
                -9.270732000999942
              ],
              [
                21.839220001000058,
                -9.274565
              ],
              [
                21.834038,
                -9.277241
              ],
              [
                21.832231,
                -9.281751000999975
              ],
              [
                21.823838,
                -9.289438
              ],
              [
                21.824445,
                -9.30070600099998
              ],
              [
                21.821813,
                -9.309538000999964
              ],
              [
                21.822398,
                -9.31486100099994
              ],
              [
                21.806925001000025,
                -9.333083
              ],
              [
                21.809967001000075,
                -9.337733
              ],
              [
                21.809938,
                -9.340775
              ],
              [
                21.807189,
                -9.346683
              ],
              [
                21.805112001000055,
                -9.347999
              ],
              [
                21.804286,
                -9.351972000999979
              ],
              [
                21.809821,
                -9.354668000999936
              ],
              [
                21.810723,
                -9.358206
              ],
              [
                21.803064001000052,
                -9.366104
              ],
              [
                21.810392,
                -9.371564
              ],
              [
                21.809326001000045,
                -9.37443800099993
              ],
              [
                21.803854,
                -9.374615000999938
              ],
              [
                21.797847,
                -9.392465
              ],
              [
                21.798941,
                -9.397779
              ],
              [
                21.790129,
                -9.407507
              ],
              [
                21.792126001000042,
                -9.411526
              ],
              [
                21.790722001000063,
                -9.41687800099993
              ],
              [
                21.797859001000063,
                -9.424804
              ],
              [
                21.80347400100004,
                -9.426442
              ],
              [
                21.806838,
                -9.434982
              ],
              [
                21.815788,
                -9.436708000999943
              ],
              [
                21.81745500100004,
                -9.441885
              ],
              [
                21.821882001000063,
                -9.445735
              ],
              [
                21.821228,
                -9.44867
              ],
              [
                21.823012001000052,
                -9.452736
              ],
              [
                21.828657,
                -9.45414
              ],
              [
                21.830499,
                -9.456772
              ],
              [
                21.831026001000055,
                -9.465693
              ],
              [
                21.826463001000036,
                -9.47865
              ],
              [
                21.828598,
                -9.483622
              ],
              [
                21.831084,
                -9.506493
              ],
              [
                21.833804,
                -9.510793
              ],
              [
                21.839069,
                -9.513513
              ],
              [
                21.841525001000036,
                -9.519216
              ],
              [
                21.842549,
                -9.529365
              ],
              [
                21.855682001000048,
                -9.539163
              ],
              [
                21.856296,
                -9.545510000999968
              ],
              [
                21.86521600100008,
                -9.561041
              ],
              [
                21.865011,
                -9.573471
              ],
              [
                21.862643001000038,
                -9.579555
              ],
              [
                21.860186001000045,
                -9.594354
              ],
              [
                21.870890001000078,
                -9.60813000099995
              ],
              [
                21.864193,
                -9.623748000999967
              ],
              [
                21.874295,
                -9.626585
              ],
              [
                21.87346400100006,
                -9.630914
              ],
              [
                21.87486800100004,
                -9.644426
              ],
              [
                21.873230001000024,
                -9.648931
              ],
              [
                21.878232,
                -9.650861
              ],
              [
                21.886569001000055,
                -9.650911
              ],
              [
                21.887583001000053,
                -9.653515
              ],
              [
                21.894121,
                -9.652462
              ],
              [
                21.897060001000057,
                -9.659745
              ],
              [
                21.89661300100005,
                -9.662182
              ],
              [
                21.892892001000064,
                -9.665558
              ],
              [
                21.895151001000045,
                -9.668721000999938
              ],
              [
                21.908313001000067,
                -9.668146
              ],
              [
                21.910901,
                -9.669945
              ],
              [
                21.912656,
                -9.675144
              ],
              [
                21.916649,
                -9.679619000999935
              ],
              [
                21.927288001000022,
                -9.683085
              ],
              [
                21.931828,
                -9.682975000999932
              ],
              [
                21.935952,
                -9.685893
              ],
              [
                21.936457001000065,
                -9.689622
              ],
              [
                21.932684,
                -9.698747
              ],
              [
                21.934833001000072,
                -9.706315
              ],
              [
                21.936918,
                -9.70785
              ],
              [
                21.949092001000054,
                -9.710373000999937
              ],
              [
                21.956709,
                -9.720846000999927
              ],
              [
                21.96837,
                -9.727003
              ],
              [
                21.972189,
                -9.747298
              ],
              [
                21.97531900100006,
                -9.752217
              ],
              [
                21.97666,
                -9.760679
              ],
              [
                21.980066,
                -9.760782
              ],
              [
                21.985432,
                -9.75803
              ],
              [
                21.994134,
                -9.748227000999975
              ],
              [
                21.996886,
                -9.748915
              ],
              [
                22.000704,
                -9.755726
              ],
              [
                22.00135800100003,
                -9.762193000999957
              ],
              [
                21.997506,
                -9.779529000999958
              ],
              [
                21.999844,
                -9.783588
              ],
              [
                22.00968300100004,
                -9.789436000999956
              ],
              [
                22.010646,
                -9.79666
              ],
              [
                22.008754,
                -9.805087
              ],
              [
                22.015874,
                -9.811657
              ],
              [
                22.012853,
                -9.818632
              ],
              [
                22.013419,
                -9.820843
              ],
              [
                22.019384,
                -9.82557400099995
              ],
              [
                22.023961001000032,
                -9.832362
              ],
              [
                22.026326,
                -9.832259000999954
              ],
              [
                22.029309,
                -9.827374
              ],
              [
                22.031417,
                -9.8265
              ],
              [
                22.0362,
                -9.827425000999938
              ],
              [
                22.039833001000034,
                -9.829898
              ],
              [
                22.043759,
                -9.841207
              ],
              [
                22.048423,
                -9.846031000999972
              ],
              [
                22.048901001000047,
                -9.85072
              ],
              [
                22.065591,
                -9.864068000999964
              ],
              [
                22.069059,
                -9.874735000999976
              ],
              [
                22.071785,
                -9.875917
              ],
              [
                22.08145200100006,
                -9.875455000999978
              ],
              [
                22.087366,
                -9.880391000999964
              ],
              [
                22.093948001000058,
                -9.881728
              ],
              [
                22.108809001000054,
                -9.869747
              ],
              [
                22.111072001000025,
                -9.869438
              ],
              [
                22.119917,
                -9.875455000999978
              ],
              [
                22.122179,
                -9.885328
              ],
              [
                22.128813,
                -9.890882000999966
              ],
              [
                22.131179001000078,
                -9.890933
              ],
              [
                22.140023,
                -9.886151
              ],
              [
                22.146657,
                -9.886511
              ],
              [
                22.159153,
                -9.89587
              ],
              [
                22.16162100100007,
                -9.901115
              ],
              [
                22.167586001000075,
                -9.902246
              ],
              [
                22.168769,
                -9.906566
              ],
              [
                22.178157001000045,
                -9.909558
              ],
              [
                22.181521,
                -9.915422
              ],
              [
                22.185067,
                -9.918422
              ],
              [
                22.191385,
                -9.930832
              ],
              [
                22.191385,
                -9.933741
              ],
              [
                22.187314,
                -9.940485
              ],
              [
                22.191294,
                -9.950333
              ],
              [
                22.197613,
                -9.956243
              ],
              [
                22.197068,
                -9.969971
              ],
              [
                22.203249,
                -9.984517
              ],
              [
                22.201204,
                -9.989472
              ],
              [
                22.19434,
                -9.989563000999965
              ],
              [
                22.192794,
                -9.994745
              ],
              [
                22.194976,
                -9.99847300099998
              ],
              [
                22.202431,
                -10.002291
              ],
              [
                22.202568,
                -10.013246
              ],
              [
                22.209413,
                -10.01182
              ],
              [
                22.21312,
                -10.018354
              ],
              [
                22.212832001000038,
                -10.022649
              ],
              [
                22.206295,
                -10.024611
              ],
              [
                22.208659001000058,
                -10.03552
              ],
              [
                22.205523,
                -10.038728
              ],
              [
                22.20511300100003,
                -10.041112
              ],
              [
                22.21533000100004,
                -10.05284
              ],
              [
                22.221277001000033,
                -10.070724000999974
              ],
              [
                22.220819,
                -10.071898000999965
              ],
              [
                22.216449,
                -10.07252000099993
              ],
              [
                22.214914,
                -10.074555
              ],
              [
                22.213659,
                -10.082944
              ],
              [
                22.215943,
                -10.090172000999928
              ],
              [
                22.212568,
                -10.092729
              ],
              [
                22.214735,
                -10.101633
              ],
              [
                22.22145000100005,
                -10.109573000999944
              ],
              [
                22.219251001000032,
                -10.115888
              ],
              [
                22.22023,
                -10.124466
              ],
              [
                22.218177001000072,
                -10.124761
              ],
              [
                22.216157,
                -10.120874
              ],
              [
                22.213907001000052,
                -10.120593000999975
              ],
              [
                22.211912,
                -10.122511
              ],
              [
                22.212244001000045,
                -10.126193
              ],
              [
                22.215696001000026,
                -10.129773
              ],
              [
                22.220248,
                -10.128707000999952
              ],
              [
                22.2231,
                -10.131774
              ],
              [
                22.215952001000062,
                -10.138466
              ],
              [
                22.215185,
                -10.159357
              ],
              [
                22.224697,
                -10.164369
              ],
              [
                22.229711,
                -10.172176000999968
              ],
              [
                22.22866,
                -10.183390000999964
              ],
              [
                22.232831,
                -10.184724
              ],
              [
                22.230004,
                -10.19078000099995
              ],
              [
                22.235068,
                -10.196723
              ],
              [
                22.236205,
                -10.201581000999965
              ],
              [
                22.232794,
                -10.209023
              ],
              [
                22.234810001000028,
                -10.215896000999976
              ],
              [
                22.240236,
                -10.221116
              ],
              [
                22.247471,
                -10.22525
              ],
              [
                22.255274,
                -10.22649
              ],
              [
                22.257135,
                -10.231710000999954
              ],
              [
                22.254984,
                -10.236762000999931
              ],
              [
                22.255533,
                -10.244577
              ],
              [
                22.258013,
                -10.245714000999953
              ],
              [
                22.260545,
                -10.25088200099998
              ],
              [
                22.264216001000023,
                -10.24805300099996
              ],
              [
                22.26933100100007,
                -10.253569
              ],
              [
                22.269847,
                -10.257084000999953
              ],
              [
                22.273258,
                -10.256463
              ],
              [
                22.276876001000062,
                -10.260288
              ],
              [
                22.27951100100006,
                -10.275843000999942
              ],
              [
                22.283645001000025,
                -10.28406
              ],
              [
                22.283284,
                -10.290468
              ],
              [
                22.279976001000023,
                -10.29393
              ],
              [
                22.278995,
                -10.297186
              ],
              [
                22.28205,
                -10.305779000999962
              ],
              [
                22.286643001000073,
                -10.304834
              ],
              [
                22.29218700100006,
                -10.309015000999977
              ],
              [
                22.291087,
                -10.311862000999952
              ],
              [
                22.293723001000046,
                -10.31579
              ],
              [
                22.293671,
                -10.319666000999973
              ],
              [
                22.301371001000064,
                -10.318529
              ],
              [
                22.298012001000075,
                -10.327418
              ],
              [
                22.300958001000026,
                -10.324989000999949
              ],
              [
                22.30504,
                -10.324472
              ],
              [
                22.305454,
                -10.326436
              ],
              [
                22.301991001000033,
                -10.331293
              ],
              [
                22.3038,
                -10.335324000999947
              ],
              [
                22.309743,
                -10.34018200099996
              ],
              [
                22.31102000100003,
                -10.345825
              ],
              [
                22.305919,
                -10.347727000999953
              ],
              [
                22.304120001000058,
                -10.35169
              ],
              [
                22.31119,
                -10.352275
              ],
              [
                22.314497001000063,
                -10.355375
              ],
              [
                22.315531001000068,
                -10.357701
              ],
              [
                22.31398,
                -10.363758000999951
              ],
              [
                22.316565001000072,
                -10.367106
              ],
              [
                22.315018001000055,
                -10.370726
              ],
              [
                22.322042001000057,
                -10.373049
              ],
              [
                22.323231001000067,
                -10.377339
              ],
              [
                22.32602200100007,
                -10.379457000999935
              ],
              [
                22.32426500100007,
                -10.381731
              ],
              [
                22.32461900100003,
                -10.384479
              ],
              [
                22.328110001000027,
                -10.386533
              ],
              [
                22.328022,
                -10.38994
              ],
              [
                22.323799001000054,
                -10.389845
              ],
              [
                22.32488500100004,
                -10.394961000999956
              ],
              [
                22.323903,
                -10.397493
              ],
              [
                22.31888400100007,
                -10.39932700099996
              ],
              [
                22.316574,
                -10.401711
              ],
              [
                22.319396,
                -10.404824
              ],
              [
                22.319074001000047,
                -10.410897
              ],
              [
                22.314801,
                -10.415548
              ],
              [
                22.312011,
                -10.421624
              ],
              [
                22.310877,
                -10.422625
              ],
              [
                22.308086,
                -10.421653
              ],
              [
                22.306139,
                -10.423484
              ],
              [
                22.306632001000025,
                -10.432495
              ],
              [
                22.301366,
                -10.438000000999978
              ],
              [
                22.303987,
                -10.442001000999937
              ],
              [
                22.303668001000062,
                -10.446303
              ],
              [
                22.299743,
                -10.452437
              ],
              [
                22.290238,
                -10.458512
              ],
              [
                22.289685001000066,
                -10.46296
              ],
              [
                22.291779,
                -10.470866
              ],
              [
                22.289715,
                -10.476564
              ],
              [
                22.282443,
                -10.484179000999973
              ],
              [
                22.284608,
                -10.486332
              ],
              [
                22.28251000100005,
                -10.490299
              ],
              [
                22.284331,
                -10.49699100099997
              ],
              [
                22.271386,
                -10.506778
              ],
              [
                22.274319001000038,
                -10.512644
              ],
              [
                22.280516,
                -10.516064000999961
              ],
              [
                22.28663000100005,
                -10.515244000999928
              ],
              [
                22.29488,
                -10.524884
              ],
              [
                22.300492001000066,
                -10.52511
              ],
              [
                22.302354,
                -10.52846600099997
              ],
              [
                22.307994,
                -10.531879000999936
              ],
              [
                22.305597,
                -10.538197
              ],
              [
                22.308772,
                -10.553742000999932
              ],
              [
                22.315363,
                -10.563058
              ],
              [
                22.316025,
                -10.566246
              ],
              [
                22.309975,
                -10.574664
              ],
              [
                22.313952,
                -10.57661
              ],
              [
                22.3141,
                -10.578557
              ],
              [
                22.308537,
                -10.582089
              ],
              [
                22.311731,
                -10.588414000999933
              ],
              [
                22.310719,
                -10.598369
              ],
              [
                22.313762,
                -10.597674
              ],
              [
                22.31486300100005,
                -10.600011
              ],
              [
                22.311359209000045,
                -10.610691567999936
              ],
              [
                22.308991,
                -10.614339
              ],
              [
                22.309458,
                -10.617909
              ],
              [
                22.31223300100004,
                -10.621431000999962
              ],
              [
                22.311895,
                -10.63235500099995
              ],
              [
                22.31523400100008,
                -10.635294
              ],
              [
                22.317879,
                -10.632768
              ],
              [
                22.321206001000064,
                -10.633773
              ],
              [
                22.32032500100007,
                -10.635388
              ],
              [
                22.319318,
                -10.63391
              ],
              [
                22.31890000100003,
                -10.636279
              ],
              [
                22.316239,
                -10.63585
              ],
              [
                22.311557,
                -10.639423
              ],
              [
                22.314712001000032,
                -10.648712
              ],
              [
                22.31302,
                -10.652223
              ],
              [
                22.309085,
                -10.653542
              ],
              [
                22.312067,
                -10.658078000999978
              ],
              [
                22.310246001000053,
                -10.662888
              ],
              [
                22.306599001000052,
                -10.664721
              ],
              [
                22.308205,
                -10.668576
              ],
              [
                22.310186001000034,
                -10.669751
              ],
              [
                22.308062001000053,
                -10.672519
              ],
              [
                22.309665,
                -10.677667
              ],
              [
                22.314996,
                -10.676773
              ],
              [
                22.316238,
                -10.682429
              ],
              [
                22.321095,
                -10.685199
              ],
              [
                22.319007,
                -10.691099
              ],
              [
                22.32200000100005,
                -10.692766
              ],
              [
                22.323587,
                -10.69746
              ],
              [
                22.322301,
                -10.704348
              ],
              [
                22.324283001000026,
                -10.706203
              ],
              [
                22.326678,
                -10.705257
              ],
              [
                22.327815001000033,
                -10.706229
              ],
              [
                22.323371001000055,
                -10.709028
              ],
              [
                22.322769,
                -10.71870900099998
              ],
              [
                22.319361,
                -10.722092
              ],
              [
                22.321508,
                -10.724148000999946
              ],
              [
                22.32117,
                -10.72582700099997
              ],
              [
                22.325048001000027,
                -10.72533600099996
              ],
              [
                22.326839001000053,
                -10.730845
              ],
              [
                22.332763,
                -10.732891
              ],
              [
                22.33427000100005,
                -10.735412
              ],
              [
                22.333035,
                -10.736079
              ],
              [
                22.333156001000077,
                -10.740715
              ],
              [
                22.331491,
                -10.741803
              ],
              [
                22.332985001000054,
                -10.742468
              ],
              [
                22.32891,
                -10.746394
              ],
              [
                22.327299,
                -10.75164
              ],
              [
                22.32869400100003,
                -10.752102
              ],
              [
                22.328994,
                -10.755421
              ],
              [
                22.326907,
                -10.758781000999932
              ],
              [
                22.327916,
                -10.760957
              ],
              [
                22.324753001000033,
                -10.761587
              ],
              [
                22.325244,
                -10.763168
              ],
              [
                22.320891001000064,
                -10.764425
              ],
              [
                22.319084,
                -10.767203
              ],
              [
                22.31753,
                -10.766018000999964
              ],
              [
                22.315944,
                -10.76728400099995
              ],
              [
                22.317022,
                -10.76747
              ],
              [
                22.316377,
                -10.768756
              ],
              [
                22.313073001000078,
                -10.769177000999946
              ],
              [
                22.313087001000042,
                -10.771541
              ],
              [
                22.311449001000028,
                -10.772880000999976
              ],
              [
                22.312694,
                -10.773804
              ],
              [
                22.31010400100007,
                -10.776654
              ],
              [
                22.30960200100003,
                -10.775896
              ],
              [
                22.307583,
                -10.780366
              ],
              [
                22.305989001000057,
                -10.779981000999953
              ],
              [
                22.303837,
                -10.782397000999936
              ],
              [
                22.301171,
                -10.781704
              ],
              [
                22.299371,
                -10.78376500099995
              ],
              [
                22.297592,
                -10.78234200099996
              ],
              [
                22.296207,
                -10.783091
              ],
              [
                22.296065001000045,
                -10.781012
              ],
              [
                22.29381900100003,
                -10.780785
              ],
              [
                22.290206,
                -10.78518700099994
              ],
              [
                22.287595,
                -10.782797
              ],
              [
                22.283736,
                -10.782070000999965
              ],
              [
                22.28352300100005,
                -10.780387
              ],
              [
                22.281524,
                -10.784696
              ],
              [
                22.278187,
                -10.785272
              ],
              [
                22.274488,
                -10.783707000999925
              ],
              [
                22.27034300100007,
                -10.785763
              ],
              [
                22.267508,
                -10.785001
              ],
              [
                22.267197,
                -10.787265
              ],
              [
                22.264419,
                -10.788428
              ],
              [
                22.26540700100003,
                -10.791167
              ],
              [
                22.263944001000027,
                -10.792647
              ],
              [
                22.258191001000057,
                -10.795301
              ],
              [
                22.255005,
                -10.793901
              ],
              [
                22.253892,
                -10.796973
              ],
              [
                22.252294,
                -10.795804
              ],
              [
                22.248136,
                -10.796335
              ],
              [
                22.247074001000044,
                -10.800807000999953
              ],
              [
                22.244679001000065,
                -10.800724
              ],
              [
                22.242823001000033,
                -10.80257
              ],
              [
                22.240393,
                -10.800902
              ],
              [
                22.235524,
                -10.802915000999974
              ],
              [
                22.234387,
                -10.805713
              ],
              [
                22.235329,
                -10.806304
              ],
              [
                22.23414400100006,
                -10.806251000999964
              ],
              [
                22.235100001000035,
                -10.807607
              ],
              [
                22.22899,
                -10.809049
              ],
              [
                22.228181001000053,
                -10.811315
              ],
              [
                22.224274,
                -10.810934
              ],
              [
                22.223056,
                -10.808978000999957
              ],
              [
                22.221847,
                -10.814498000999947
              ],
              [
                22.217802001000052,
                -10.814427
              ],
              [
                22.211244,
                -10.819605
              ],
              [
                22.209245001000056,
                -10.818843
              ],
              [
                22.208408001000066,
                -10.822308
              ],
              [
                22.20571200100005,
                -10.823628000999975
              ],
              [
                22.204575,
                -10.822671000999947
              ],
              [
                22.204519,
                -10.82626000099998
              ],
              [
                22.203439,
                -10.825689
              ],
              [
                22.203439,
                -10.826917
              ],
              [
                22.197252001000038,
                -10.829277
              ],
              [
                22.195266,
                -10.83078300099993
              ],
              [
                22.195248,
                -10.832561
              ],
              [
                22.192601,
                -10.83323
              ],
              [
                22.192907,
                -10.836848000999964
              ],
              [
                22.187857,
                -10.837468
              ],
              [
                22.18958500100007,
                -10.838128
              ],
              [
                22.190613,
                -10.843121
              ],
              [
                22.182595,
                -10.844577
              ],
              [
                22.180883,
                -10.846842
              ],
              [
                22.181628001000036,
                -10.84806200099996
              ],
              [
                22.18032500100003,
                -10.84807
              ],
              [
                22.180967001000056,
                -10.850054
              ],
              [
                22.178923,
                -10.850795
              ],
              [
                22.178036,
                -10.8534
              ],
              [
                22.174857,
                -10.85094800099995
              ],
              [
                22.172225,
                -10.85188
              ],
              [
                22.16882000100003,
                -10.857849000999977
              ],
              [
                22.169695001000036,
                -10.859921
              ],
              [
                22.16700200100007,
                -10.866128
              ],
              [
                22.169283001000053,
                -10.870713
              ],
              [
                22.168108,
                -10.872837
              ],
              [
                22.170893,
                -10.873497
              ],
              [
                22.169193,
                -10.875355
              ],
              [
                22.169639001000064,
                -10.877840000999981
              ],
              [
                22.176707,
                -10.876946
              ],
              [
                22.177714,
                -10.881108
              ],
              [
                22.17564100100003,
                -10.882899
              ],
              [
                22.17867,
                -10.883904000999962
              ],
              [
                22.180919,
                -10.886947000999953
              ],
              [
                22.182075001000044,
                -10.893062
              ],
              [
                22.180282001000023,
                -10.89809
              ],
              [
                22.181664,
                -10.900624
              ],
              [
                22.179547,
                -10.902616
              ],
              [
                22.183338,
                -10.903314
              ],
              [
                22.184853,
                -10.902249
              ],
              [
                22.185275001000036,
                -10.904488
              ],
              [
                22.187305001000027,
                -10.904215
              ],
              [
                22.18851500100004,
                -10.905579
              ],
              [
                22.187544,
                -10.906999
              ],
              [
                22.188891,
                -10.909448
              ],
              [
                22.18743,
                -10.90757
              ],
              [
                22.186889,
                -10.908865000999981
              ],
              [
                22.18849700100003,
                -10.911833000999934
              ],
              [
                22.190190001000076,
                -10.911894
              ],
              [
                22.1879,
                -10.91478
              ],
              [
                22.19147,
                -10.917844
              ],
              [
                22.190829,
                -10.923989
              ],
              [
                22.195526,
                -10.923228
              ],
              [
                22.197560001000056,
                -10.927895
              ],
              [
                22.20022,
                -10.92861
              ],
              [
                22.199689001000024,
                -10.929806
              ],
              [
                22.20312400100005,
                -10.930272
              ],
              [
                22.203193,
                -10.93404
              ],
              [
                22.204812,
                -10.935395
              ],
              [
                22.203759,
                -10.93702800099993
              ],
              [
                22.205097,
                -10.938259
              ],
              [
                22.204224,
                -10.94074
              ],
              [
                22.205628,
                -10.941023000999962
              ],
              [
                22.204086,
                -10.94221
              ],
              [
                22.204819001000033,
                -10.946374
              ],
              [
                22.202387,
                -10.950548
              ],
              [
                22.203445,
                -10.953725
              ],
              [
                22.201698001000068,
                -10.954807
              ],
              [
                22.203053,
                -10.955894
              ],
              [
                22.202010001000076,
                -10.957899
              ],
              [
                22.205190001000062,
                -10.96066
              ],
              [
                22.204170001000023,
                -10.963258000999929
              ],
              [
                22.205723,
                -10.965263
              ],
              [
                22.204210001000035,
                -10.966137
              ],
              [
                22.204315,
                -10.969123
              ],
              [
                22.205897,
                -10.972221
              ],
              [
                22.204864,
                -10.971665000999963
              ],
              [
                22.203554,
                -10.973327
              ],
              [
                22.205664,
                -10.976822
              ],
              [
                22.204368001000034,
                -10.98105
              ],
              [
                22.201753001000043,
                -10.981611000999976
              ],
              [
                22.200974001000077,
                -10.984016
              ],
              [
                22.205161,
                -10.985627000999955
              ],
              [
                22.203650001000028,
                -10.990512
              ],
              [
                22.205956,
                -10.991328
              ],
              [
                22.205341001000022,
                -10.993531
              ],
              [
                22.208072001000062,
                -10.99683
              ],
              [
                22.208303,
                -10.99962
              ],
              [
                22.206661,
                -11.00209
              ],
              [
                22.209669,
                -11.004679000999943
              ],
              [
                22.209139,
                -11.011978
              ],
              [
                22.212554,
                -11.017920000999936
              ],
              [
                22.216431,
                -11.020833
              ],
              [
                22.21637,
                -11.02635
              ],
              [
                22.217194,
                -11.025725
              ],
              [
                22.218389001000048,
                -11.027604
              ],
              [
                22.214933,
                -11.032514
              ],
              [
                22.216101,
                -11.039799000999949
              ],
              [
                22.214788,
                -11.041697
              ],
              [
                22.216665,
                -11.045966000999954
              ],
              [
                22.213610001000063,
                -11.04859
              ],
              [
                22.213812,
                -11.050274000999934
              ],
              [
                22.215133001000027,
                -11.050398
              ],
              [
                22.212563001000035,
                -11.053926
              ],
              [
                22.213779,
                -11.055679
              ],
              [
                22.212942,
                -11.06142
              ],
              [
                22.215599001000044,
                -11.065278
              ],
              [
                22.212828,
                -11.072776000999966
              ],
              [
                22.21456,
                -11.075000000999978
              ],
              [
                22.211792,
                -11.076150000999974
              ],
              [
                22.210193,
                -11.07983
              ],
              [
                22.212465001000055,
                -11.085742
              ],
              [
                22.212640001000068,
                -11.09126
              ],
              [
                22.213841,
                -11.091512
              ],
              [
                22.212992001000032,
                -11.098208000999932
              ],
              [
                22.216624,
                -11.10145
              ],
              [
                22.215369001000056,
                -11.103393
              ],
              [
                22.215734,
                -11.109652
              ],
              [
                22.218359,
                -11.112171000999979
              ],
              [
                22.218385,
                -11.116042
              ],
              [
                22.220033,
                -11.115216000999965
              ],
              [
                22.22248200100006,
                -11.116890000999945
              ],
              [
                22.224343,
                -11.122848
              ],
              [
                22.228949,
                -11.121627
              ],
              [
                22.229571,
                -11.123581000999934
              ],
              [
                22.233624001000067,
                -11.123722
              ],
              [
                22.234526,
                -11.127976
              ],
              [
                22.238176,
                -11.128272
              ],
              [
                22.238743,
                -11.129958000999977
              ],
              [
                22.241221,
                -11.12981
              ],
              [
                22.248904,
                -11.13432
              ],
              [
                22.248134,
                -11.138305000999935
              ],
              [
                22.250013,
                -11.142072
              ],
              [
                22.252755001000025,
                -11.143343
              ],
              [
                22.253085001000045,
                -11.150752
              ],
              [
                22.258197,
                -11.157876
              ],
              [
                22.26279500100003,
                -11.159269000999927
              ],
              [
                22.263697,
                -11.165905
              ],
              [
                22.262669,
                -11.16718
              ],
              [
                22.268516,
                -11.178218
              ],
              [
                22.269064,
                -11.192854
              ],
              [
                22.26646000100004,
                -11.194691
              ],
              [
                22.265753,
                -11.197446
              ],
              [
                22.26037,
                -11.200980000999948
              ],
              [
                22.253722,
                -11.213149000999977
              ],
              [
                22.255878,
                -11.217754000999946
              ],
              [
                22.253971,
                -11.23212700099998
              ],
              [
                22.254716,
                -11.239044
              ],
              [
                22.25027600100003,
                -11.244241
              ],
              [
                22.248109001000046,
                -11.250213
              ],
              [
                22.249898,
                -11.26414
              ],
              [
                22.266254,
                -11.264876
              ],
              [
                22.270969001000026,
                -11.263114000999963
              ],
              [
                22.311464,
                -11.236191
              ],
              [
                22.344820001000073,
                -11.201336
              ],
              [
                22.34733200100004,
                -11.189615000999936
              ],
              [
                22.34624000100007,
                -11.182424
              ],
              [
                22.410873001000027,
                -11.174281
              ],
              [
                22.434711,
                -11.17829
              ],
              [
                22.438281,
                -11.177013000999978
              ],
              [
                22.450266001000045,
                -11.167759
              ],
              [
                22.462472001000037,
                -11.153394
              ],
              [
                22.464455,
                -11.144625000999952
              ],
              [
                22.486817,
                -11.131817
              ],
              [
                22.49322900100003,
                -11.125647000999948
              ],
              [
                22.502364,
                -11.111912
              ],
              [
                22.503456,
                -11.104578
              ],
              [
                22.494363,
                -11.096819
              ],
              [
                22.489696001000027,
                -11.087969000999976
              ],
              [
                22.488848,
                -11.06433
              ],
              [
                22.490605,
                -11.058026
              ],
              [
                22.496909001000063,
                -11.048024
              ],
              [
                22.503778001000057,
                -11.04147900099997
              ],
              [
                22.50893,
                -11.039479
              ],
              [
                22.526084001000072,
                -11.042327
              ],
              [
                22.540571,
                -11.038145000999975
              ],
              [
                22.556391001000065,
                -11.031114
              ],
              [
                22.577667001000066,
                -11.028144
              ],
              [
                22.584249,
                -11.03393300099998
              ],
              [
                22.593693,
                -11.036606
              ],
              [
                22.605132,
                -11.034679
              ],
              [
                22.615379,
                -11.040632
              ],
              [
                22.618339,
                -11.039479
              ],
              [
                22.627552001000026,
                -11.046752
              ],
              [
                22.628886,
                -11.056511
              ],
              [
                22.627734,
                -11.064149
              ],
              [
                22.633432,
                -11.070574000999954
              ],
              [
                22.646828,
                -11.079181
              ],
              [
                22.673134,
                -11.09088
              ],
              [
                22.685682,
                -11.095547
              ],
              [
                22.692713,
                -11.092698
              ],
              [
                22.69477400100004,
                -11.093728
              ],
              [
                22.697986,
                -11.098517
              ],
              [
                22.700047,
                -11.107912
              ],
              [
                22.70992700100004,
                -11.113307
              ],
              [
                22.745569,
                -11.110822
              ],
              [
                22.763995,
                -11.118095
              ],
              [
                22.773269001000074,
                -11.118398
              ],
              [
                22.791453,
                -11.106215
              ],
              [
                22.799697001000027,
                -11.09288
              ],
              [
                22.803758,
                -11.090092
              ],
              [
                22.822306,
                -11.084939
              ],
              [
                22.831580001000077,
                -11.085
              ],
              [
                22.845461,
                -11.068695
              ],
              [
                22.853644,
                -11.064209
              ],
              [
                22.86303900100006,
                -11.062694000999954
              ],
              [
                22.884618,
                -11.06554300099998
              ],
              [
                22.906682001000036,
                -11.086697
              ],
              [
                22.913713,
                -11.085121000999948
              ],
              [
                22.942262,
                -11.088697
              ],
              [
                22.960712,
                -11.087496
              ],
              [
                22.984363,
                -11.093353000999969
              ],
              [
                22.992948,
                -11.093080000999976
              ],
              [
                22.995577,
                -11.091507
              ],
              [
                23.011969001000068,
                -11.089182000999926
              ],
              [
                23.040761,
                -11.090637
              ],
              [
                23.06476400100007,
                -11.107367
              ],
              [
                23.081251,
                -11.113367
              ],
              [
                23.092707001000065,
                -11.111125
              ],
              [
                23.098344001000044,
                -11.1047
              ],
              [
                23.109921,
                -11.103002
              ],
              [
                23.12295400100004,
                -11.098638000999927
              ],
              [
                23.13047,
                -11.092516000999979
              ],
              [
                23.137440001000073,
                -11.090637
              ],
              [
                23.141865,
                -11.085667000999933
              ],
              [
                23.152533,
                -11.081545
              ],
              [
                23.162656001000073,
                -11.086758
              ],
              [
                23.16556500100006,
                -11.097244
              ],
              [
                23.18472,
                -11.105912000999979
              ],
              [
                23.195145,
                -11.108579
              ],
              [
                23.237091,
                -11.071544
              ],
              [
                23.241879,
                -11.070331
              ],
              [
                23.254487,
                -11.071968
              ],
              [
                23.258912,
                -11.06924
              ],
              [
                23.263276,
                -11.060633
              ],
              [
                23.276914,
                -11.042752
              ],
              [
                23.287158001000023,
                -11.039539
              ],
              [
                23.292431,
                -11.035478
              ],
              [
                23.298796,
                -11.021476
              ],
              [
                23.311828001000038,
                -11.01790000099993
              ],
              [
                23.32383,
                -11.018203
              ],
              [
                23.330497,
                -11.016688
              ],
              [
                23.334922,
                -11.01232300099997
              ],
              [
                23.337468001000047,
                -11.00208
              ],
              [
                23.379612001000055,
                -10.976635000999977
              ],
              [
                23.394967,
                -10.960956000999943
              ],
              [
                23.418243,
                -10.959259000999964
              ],
              [
                23.42462800100003,
                -10.948995
              ],
              [
                23.428588,
                -10.946651
              ],
              [
                23.442085,
                -10.946489
              ],
              [
                23.44806500100003,
                -10.942933
              ],
              [
                23.459057,
                -10.943822
              ],
              [
                23.483949001000042,
                -10.93848800099994
              ],
              [
                23.514014,
                -10.94067
              ],
              [
                23.531552001000023,
                -10.9456
              ],
              [
                23.55894900100003,
                -10.963623
              ],
              [
                23.577053,
                -10.970816
              ],
              [
                23.58465,
                -10.980918
              ],
              [
                23.597096001000068,
                -10.986252000999968
              ],
              [
                23.610351,
                -10.982131
              ],
              [
                23.621908,
                -10.980676
              ],
              [
                23.64801200100004,
                -10.982696
              ],
              [
                23.656175,
                -10.988919000999942
              ],
              [
                23.661832,
                -10.998941
              ],
              [
                23.668621,
                -11.003144
              ],
              [
                23.686401,
                -11.004194
              ],
              [
                23.703292,
                -10.998618
              ],
              [
                23.720588,
                -10.99910300099998
              ],
              [
                23.723093001000052,
                -10.998456000999965
              ],
              [
                23.732307,
                -10.990697000999944
              ],
              [
                23.74176200100004,
                -10.985929
              ],
              [
                23.759381,
                -10.98730300099993
              ],
              [
                23.778212,
                -10.994173
              ],
              [
                23.79710300100004,
                -11.006611000999953
              ],
              [
                23.809753,
                -11.010138000999973
              ],
              [
                23.825614001000076,
                -11.020843
              ],
              [
                23.84245000100003,
                -11.024085000999946
              ],
              [
                23.843757,
                -11.026712
              ],
              [
                23.852933,
                -11.026186
              ],
              [
                23.856967,
                -11.02928800099994
              ],
              [
                23.857708,
                -11.031987
              ],
              [
                23.862838,
                -11.035274
              ],
              [
                23.867302,
                -11.032583
              ],
              [
                23.873908,
                -11.023593000999938
              ],
              [
                23.881753,
                -11.019183
              ],
              [
                23.88883,
                -11.008364000999961
              ],
              [
                23.894006001000037,
                -10.99432
              ],
              [
                23.892133,
                -10.983779
              ],
              [
                23.897515,
                -10.976562
              ],
              [
                23.921733,
                -10.957053
              ],
              [
                23.931518,
                -10.954606
              ],
              [
                23.936472,
                -10.955218
              ],
              [
                23.937496001000056,
                -10.957725
              ],
              [
                23.940783,
                -10.958014000999981
              ],
              [
                23.945054,
                -10.955111
              ],
              [
                23.944858,
                -10.950773
              ],
              [
                23.946319,
                -10.948613000999956
              ],
              [
                23.961669,
                -10.935097000999974
              ],
              [
                23.961547,
                -10.931060000999935
              ],
              [
                23.966237,
                -10.915581
              ],
              [
                23.970063001000028,
                -10.90907
              ],
              [
                23.97316900100003,
                -10.905935
              ],
              [
                23.976688,
                -10.905073
              ],
              [
                23.999872,
                -10.889962
              ],
              [
                23.980528382000045,
                -10.911177878999979
              ],
              [
                23.987109098000076,
                -10.915417911999953
              ],
              [
                23.99291810400007,
                -10.91626834899995
              ],
              [
                23.997268957000074,
                -10.921327873999928
              ],
              [
                23.999912229000074,
                -10.92755776599995
              ],
              [
                24.009691727000074,
                -10.935216250999929
              ],
              [
                24.010915518000047,
                -10.937818370999935
              ],
              [
                24.018016126000077,
                -10.942299071999969
              ],
              [
                24.01970870400004,
                -10.948426878999953
              ],
              [
                24.016082502000074,
                -10.961822192999932
              ],
              [
                24.018592356000056,
                -10.967305175999968
              ],
              [
                24.020910969000056,
                -10.966916302999948
              ],
              [
                24.023523151000063,
                -10.968766604999928
              ],
              [
                24.022121898000023,
                -10.97198932799995
              ],
              [
                24.023401447000026,
                -10.975240829999962
              ],
              [
                24.02191302500006,
                -10.978140373999963
              ],
              [
                24.02401591200004,
                -10.98479512199998
              ],
              [
                24.02180320800005,
                -10.988871292999931
              ],
              [
                24.02347644100007,
                -10.993206935999979
              ],
              [
                24.02149012600006,
                -10.996860283999979
              ],
              [
                24.02167461700003,
                -11.002155023999933
              ],
              [
                24.01713234400006,
                -11.00364443999996
              ],
              [
                24.012914824000063,
                -11.012989757999947
              ],
              [
                24.01051576100008,
                -11.015191723999976
              ],
              [
                24.012855794000075,
                -11.03172164199998
              ],
              [
                24.011809278000044,
                -11.03199077399995
              ],
              [
                24.012732965000055,
                -11.034088821999944
              ],
              [
                24.011518602000024,
                -11.038807067999926
              ],
              [
                24.013703931000066,
                -11.043806668999935
              ],
              [
                24.012184477000062,
                -11.051110110999957
              ],
              [
                24.010251967000045,
                -11.053333610999971
              ],
              [
                24.012188773000048,
                -11.055371236999974
              ],
              [
                24.010919796000053,
                -11.056865095999967
              ],
              [
                24.012492502000043,
                -11.060096274999978
              ],
              [
                24.011609500000077,
                -11.061435397999958
              ],
              [
                24.014056762000052,
                -11.064914777999945
              ],
              [
                24.01273810600003,
                -11.066104784999936
              ],
              [
                24.01473217100005,
                -11.068160249999949
              ],
              [
                24.013510002000032,
                -11.069110500999955
              ],
              [
                24.015109348000067,
                -11.06993502599994
              ],
              [
                24.01398658900007,
                -11.070788789999938
              ],
              [
                24.01541706100005,
                -11.077583674999971
              ],
              [
                24.014157855000065,
                -11.082938216999935
              ],
              [
                24.01847657600007,
                -11.090037322999933
              ],
              [
                24.018078932000037,
                -11.091542129999937
              ],
              [
                24.01936932500007,
                -11.091226354999947
              ],
              [
                24.02132824800003,
                -11.094995172999973
              ],
              [
                24.021791928000027,
                -11.098018455999977
              ],
              [
                24.01933315900004,
                -11.10049380199996
              ],
              [
                24.020391966000034,
                -11.100787400999934
              ],
              [
                24.020121760000052,
                -11.103344246999939
              ],
              [
                24.018425929000045,
                -11.102997283999969
              ],
              [
                24.013817422000045,
                -11.10789273599994
              ],
              [
                24.01214705900003,
                -11.10728851999994
              ],
              [
                24.006437952000056,
                -11.10933229099993
              ],
              [
                24.001011796000057,
                -11.117192174999957
              ],
              [
                24.002946777000034,
                -11.118390844999965
              ],
              [
                24.001698402000045,
                -11.118628960999956
              ],
              [
                24.00220055400007,
                -11.120113173999925
              ],
              [
                24.00418617200006,
                -11.12031589399993
              ],
              [
                24.00526215000008,
                -11.129916514999934
              ],
              [
                24.011265347000062,
                -11.131164726999941
              ],
              [
                24.012596947000077,
                -11.129592699999932
              ],
              [
                24.017266303000042,
                -11.129427907999968
              ],
              [
                24.021127971000055,
                -11.134202439999967
              ],
              [
                24.023789736000026,
                -11.13293652699997
              ],
              [
                24.027649575000055,
                -11.134875174999934
              ],
              [
                24.02977362000007,
                -11.13375780399997
              ],
              [
                24.030640359000074,
                -11.135073989999967
              ],
              [
                24.031800822000037,
                -11.133799386999954
              ],
              [
                24.031676048000065,
                -11.135605705999978
              ],
              [
                24.03328506300005,
                -11.135360653999953
              ],
              [
                24.03276451000005,
                -11.13686789999997
              ],
              [
                24.034257509000042,
                -11.136607564999963
              ],
              [
                24.035375928000065,
                -11.13905413499998
              ],
              [
                24.03615276000005,
                -11.143179514999929
              ],
              [
                24.03422740600007,
                -11.147405418999938
              ],
              [
                24.036636999000052,
                -11.158149844999969
              ],
              [
                24.035096551000038,
                -11.162943858999938
              ],
              [
                24.037491201000023,
                -11.168668181999976
              ],
              [
                24.03443324500006,
                -11.171663336999927
              ],
              [
                24.031326211000078,
                -11.274736726999947
              ],
              [
                24.05623540000005,
                -11.308310751999954
              ],
              [
                24.06858075100007,
                -11.351964205999934
              ],
              [
                24.087885635000077,
                -11.404498216999968
              ],
              [
                24.062512437000066,
                -11.421984461999955
              ],
              [
                24.05901130600006,
                -11.42184396099998
              ],
              [
                24.05345126800006,
                -11.42403121999996
              ],
              [
                24.04456629400005,
                -11.423461619999955
              ],
              [
                24.034054549000075,
                -11.439201518999937
              ],
              [
                24.029174230000024,
                -11.440832468999929
              ],
              [
                24.026008783000066,
                -11.445763290999935
              ],
              [
                24.024137652000036,
                -11.446032900999967
              ],
              [
                24.02451074000004,
                -11.449500330999967
              ],
              [
                24.021554524000067,
                -11.454430203999948
              ],
              [
                24.02443954000006,
                -11.457571538999957
              ],
              [
                24.023952533000056,
                -11.459206284999937
              ],
              [
                24.02579579500008,
                -11.45925174699994
              ],
              [
                24.02594009300003,
                -11.461625074999972
              ],
              [
                24.023942703000046,
                -11.462853506999977
              ],
              [
                24.025883133000036,
                -11.465773647999981
              ],
              [
                24.023711825000078,
                -11.467324853999969
              ],
              [
                24.02366549800007,
                -11.471312040999976
              ],
              [
                24.020128654000075,
                -11.473763001999941
              ],
              [
                24.01974892100003,
                -11.47584773099993
              ],
              [
                24.02149569000005,
                -11.475342686999966
              ],
              [
                24.025266051000074,
                -11.477321328999949
              ],
              [
                24.024975555000026,
                -11.480044008999926
              ],
              [
                24.02155227000003,
                -11.482782352999948
              ],
              [
                24.023602824000022,
                -11.486182854999981
              ],
              [
                24.022349708000036,
                -11.488061105999975
              ],
              [
                24.026636947000043,
                -11.49160163299996
              ],
              [
                24.026383791000057,
                -11.494347095999956
              ],
              [
                24.029262161000077,
                -11.495717928999966
              ],
              [
                24.029402662000052,
                -11.499691826999936
              ],
              [
                24.02679001000007,
                -11.50134793199993
              ],
              [
                24.03267869000007,
                -11.505162284999926
              ],
              [
                24.031630629000063,
                -11.514801786999953
              ],
              [
                24.033527075000052,
                -11.518305448999968
              ],
              [
                24.036856061000037,
                -11.519987028999935
              ],
              [
                24.03687631400004,
                -11.52245275699994
              ],
              [
                24.03891066500006,
                -11.523374239999953
              ],
              [
                24.03837167200004,
                -11.526493823999942
              ],
              [
                24.036087962000067,
                -11.527945039999963
              ],
              [
                24.037901084000055,
                -11.53122456999995
              ],
              [
                24.02952672400005,
                -11.53570541099998
              ],
              [
                24.030659592000063,
                -11.539141985999947
              ],
              [
                24.027268583000023,
                -11.541226715999926
              ],
              [
                24.027235672000074,
                -11.544610972999976
              ],
              [
                24.024288441000067,
                -11.546292936999976
              ],
              [
                24.023265348000052,
                -11.555020513999978
              ],
              [
                24.019277330000023,
                -11.558580897999946
              ],
              [
                24.016398369000058,
                -11.56655370599998
              ],
              [
                24.013103982000075,
                -11.568065883999964
              ],
              [
                24.012929557000064,
                -11.572671612999955
              ],
              [
                24.010544839000033,
                -11.574995573999956
              ],
              [
                24.012467409000067,
                -11.577635838999981
              ],
              [
                24.012236621000056,
                -11.581894874999932
              ],
              [
                24.009391160000064,
                -11.583170775999974
              ],
              [
                24.008513221000044,
                -11.585927630999947
              ],
              [
                24.001919044000033,
                -11.588892073999943
              ],
              [
                24.00034842100007,
                -11.591083666999964
              ],
              [
                24.001638548000074,
                -11.591889237999965
              ],
              [
                23.999896843000045,
                -11.594289145999937
              ],
              [
                24.001901829000076,
                -11.595078988999944
              ],
              [
                24.00007911600005,
                -11.604622923999955
              ],
              [
                23.99810119400007,
                -11.604410671999972
              ],
              [
                23.998788026000057,
                -11.60571908399993
              ],
              [
                23.994867267000075,
                -11.61039008299997
              ],
              [
                23.990801094000062,
                -11.611024235999935
              ],
              [
                23.991036950000023,
                -11.613365495999972
              ],
              [
                23.98834338200004,
                -11.614081079999949
              ],
              [
                23.989835308000067,
                -11.61441186899998
              ],
              [
                23.988626916000044,
                -11.618534103999934
              ],
              [
                23.986394534000056,
                -11.618241159999968
              ],
              [
                23.98391547800003,
                -11.620517694999933
              ],
              [
                23.986197306000065,
                -11.623489186999961
              ],
              [
                23.985874392000028,
                -11.626232259999938
              ],
              [
                23.983890924000036,
                -11.629756175999944
              ],
              [
                23.982185927000046,
                -11.629908066999974
              ],
              [
                23.98349296500004,
                -11.633097817999953
              ],
              [
                23.981465195000055,
                -11.634876862999931
              ],
              [
                23.982895084000063,
                -11.636306358999946
              ],
              [
                23.981410768000046,
                -11.642556946999946
              ],
              [
                23.978894409000077,
                -11.64276453399998
              ],
              [
                23.979851161000056,
                -11.645581241999935
              ],
              [
                23.97422623500006,
                -11.649283268999966
              ],
              [
                23.975938677000045,
                -11.65272029099998
              ],
              [
                23.971976917000063,
                -11.652803074999952
              ],
              [
                23.971375459000058,
                -11.650564864999978
              ],
              [
                23.97009353800007,
                -11.652932175999979
              ],
              [
                23.96928313500007,
                -11.652042022999979
              ],
              [
                23.96524904900008,
                -11.653304632999948
              ],
              [
                23.966186039000036,
                -11.655315315999928
              ],
              [
                23.96215551800003,
                -11.657523879999928
              ],
              [
                23.962474728000075,
                -11.660510097999975
              ],
              [
                23.96055516900003,
                -11.660647769999969
              ],
              [
                23.966045421000047,
                -11.667498098999943
              ],
              [
                23.96792382900003,
                -11.667163932999927
              ],
              [
                23.968498366000063,
                -11.670470888999944
              ],
              [
                23.973257357000023,
                -11.675661273999935
              ],
              [
                23.972732758000063,
                -11.677583783999978
              ],
              [
                23.97440864300006,
                -11.677649604999942
              ],
              [
                23.975198486000068,
                -11.68203202999996
              ],
              [
                23.972447325000076,
                -11.68372183899993
              ],
              [
                23.974418136000054,
                -11.691510145999928
              ],
              [
                23.984826863000023,
                -11.69866762199996
              ],
              [
                23.985890535000067,
                -11.700995802999955
              ],
              [
                23.984189335000053,
                -11.703927334999946
              ],
              [
                23.98501053900003,
                -11.706681102999937
              ],
              [
                23.986624413000072,
                -11.709479957999974
              ],
              [
                23.988498031000063,
                -11.709797151999965
              ],
              [
                23.98992582300008,
                -11.714009645999965
              ],
              [
                23.992280163000032,
                -11.715153906999944
              ],
              [
                23.990746044000048,
                -11.71838416099996
              ],
              [
                23.993394043000023,
                -11.731477326999936
              ],
              [
                23.992067513000052,
                -11.732768415999942
              ],
              [
                23.992102954000075,
                -11.73809479199997
              ],
              [
                23.99473990900003,
                -11.750532454999927
              ],
              [
                23.99630228500007,
                -11.751020875999927
              ],
              [
                23.997305066000024,
                -11.753782281999975
              ],
              [
                24.001750464000054,
                -11.755483481999931
              ],
              [
                24.000555573000042,
                -11.756804950999935
              ],
              [
                24.001613760000055,
                -11.757873262999965
              ],
              [
                23.999846740000066,
                -11.758556780999982
              ],
              [
                24.003040541000075,
                -11.762533842999972
              ],
              [
                24.001617812000063,
                -11.765267914999981
              ],
              [
                24.003891769000063,
                -11.769726290999927
              ],
              [
                24.001932215000068,
                -11.772912572999928
              ],
              [
                24.003153766000025,
                -11.777701707999938
              ],
              [
                24.006460283000024,
                -11.77824187699997
              ],
              [
                24.007945035000034,
                -11.783664453999961
              ],
              [
                24.013730214000077,
                -11.786780576999945
              ],
              [
                24.013123411000038,
                -11.789348011999948
              ],
              [
                24.011384237000073,
                -11.788637912999945
              ],
              [
                24.00827423000004,
                -11.789993556999946
              ],
              [
                24.010130314000037,
                -11.799091431999955
              ],
              [
                24.01318750400003,
                -11.803986649999956
              ],
              [
                24.011897759000078,
                -11.80593044799997
              ],
              [
                24.013184516000024,
                -11.809712202999947
              ],
              [
                24.01221140800004,
                -11.811171722999973
              ],
              [
                24.01595530900005,
                -11.816604859999927
              ],
              [
                24.017862845000025,
                -11.823218464999968
              ],
              [
                24.023031324000044,
                -11.829244617999962
              ],
              [
                24.020954920000065,
                -11.835812373999943
              ],
              [
                24.017142738000075,
                -11.841460991999952
              ],
              [
                24.009477211000046,
                -11.846070940999937
              ],
              [
                24.002498503000027,
                -11.847849993999944
              ],
              [
                23.99801797600003,
                -11.855962948999945
              ],
              [
                23.984475426000074,
                -12.001256300999955
              ],
              [
                23.98064445600005,
                -12.077268799999956
              ],
              [
                23.980391587000042,
                -12.136440205999975
              ],
              [
                23.982363967000026,
                -12.171386736999978
              ],
              [
                23.986464943000044,
                -12.174011077999978
              ],
              [
                23.986691972000074,
                -12.175511368999935
              ],
              [
                23.992551524000078,
                -12.177289749999943
              ],
              [
                23.99273813900004,
                -12.181122462999951
              ],
              [
                23.997034117000055,
                -12.184676018999937
              ],
              [
                23.99994427000007,
                -12.208032619999926
              ],
              [
                24.005339250000077,
                -12.214345649999927
              ],
              [
                24.010075088000065,
                -12.217420654999955
              ],
              [
                24.012726505000046,
                -12.221865021999974
              ],
              [
                24.016853557000047,
                -12.223335473999953
              ],
              [
                24.026027025000076,
                -12.222605184999964
              ],
              [
                24.02910041900003,
                -12.229954434999968
              ],
              [
                24.040621716000032,
                -12.235973840999975
              ],
              [
                24.041638367000076,
                -12.239140568999971
              ],
              [
                24.047229946000073,
                -12.244522635999942
              ],
              [
                24.047415416000035,
                -12.249640234999958
              ],
              [
                24.05051044700008,
                -12.255683896999926
              ],
              [
                24.05615972700008,
                -12.257930144999932
              ],
              [
                24.05728061900004,
                -12.26304388099993
              ],
              [
                24.05959126700003,
                -12.263654387999964
              ],
              [
                24.05989291800006,
                -12.267439532999958
              ],
              [
                24.06244617400006,
                -12.269436847999941
              ],
              [
                24.061583127000063,
                -12.272785660999944
              ],
              [
                24.062748532000057,
                -12.27807659399997
              ],
              [
                24.057625726000026,
                -12.287397429999942
              ],
              [
                24.05772517400004,
                -12.289994467999975
              ],
              [
                24.06405417900004,
                -12.299125237999931
              ],
              [
                24.06391635500006,
                -12.303054879999934
              ],
              [
                24.066827252000053,
                -12.310467330999927
              ],
              [
                24.043013831000053,
                -12.333960067999953
              ],
              [
                24.059815713000035,
                -12.341436256999941
              ],
              [
                24.062987061000058,
                -12.34766528299997
              ],
              [
                24.069386589000032,
                -12.35089914799994
              ],
              [
                24.07145676300007,
                -12.354835334999962
              ],
              [
                24.075629552000066,
                -12.358196862999932
              ],
              [
                24.077938952000068,
                -12.362314738999942
              ],
              [
                24.074657174000038,
                -12.376486049999926
              ],
              [
                24.077271692000068,
                -12.380775480999944
              ],
              [
                24.06935997100004,
                -12.397258910999938
              ],
              [
                24.071987412000055,
                -12.40815932199996
              ],
              [
                24.06993164000005,
                -12.412438685999973
              ],
              [
                24.06771737200006,
                -12.412867553999945
              ],
              [
                24.06838957700006,
                -12.415247308999938
              ],
              [
                24.065636019000067,
                -12.42442012999993
              ],
              [
                24.058451693000052,
                -12.427746970999976
              ],
              [
                24.05516525400003,
                -12.427453287999981
              ],
              [
                24.052764523000064,
                -12.43000785299995
              ],
              [
                24.048591444000067,
                -12.431117318999952
              ],
              [
                24.04895504900003,
                -12.431984377999981
              ],
              [
                24.046624241000075,
                -12.431038069999943
              ],
              [
                24.046207494000043,
                -12.432646327999976
              ],
              [
                24.040070768000078,
                -12.43453253499996
              ],
              [
                24.03744336400007,
                -12.438814518999948
              ],
              [
                24.032623487000023,
                -12.440414326999928
              ],
              [
                24.032216179000045,
                -12.44282190599995
              ],
              [
                24.03455281300006,
                -12.447249857999964
              ],
              [
                24.033298838000064,
                -12.449198413999966
              ],
              [
                24.030031046000033,
                -12.447408352999958
              ],
              [
                24.027866192000033,
                -12.450471035999954
              ],
              [
                24.02785686800007,
                -12.448797514999967
              ],
              [
                24.026010558000053,
                -12.449392646999968
              ],
              [
                24.025531966000074,
                -12.452177185999972
              ],
              [
                24.02117660700003,
                -12.452369034999947
              ],
              [
                24.021673845000066,
                -12.45620329999997
              ],
              [
                24.019817595000063,
                -12.456487546999938
              ],
              [
                24.01678935600006,
                -12.46029022199997
              ],
              [
                24.014257548000046,
                -12.460012218999964
              ],
              [
                24.012654982000072,
                -12.461398920999954
              ],
              [
                24.012796464000076,
                -12.46446687599996
              ],
              [
                24.00912396500007,
                -12.465571990999933
              ],
              [
                24.006640702000027,
                -12.469360821999942
              ],
              [
                24.005518607000056,
                -12.471655687999942
              ],
              [
                24.006940581000038,
                -12.47460096499998
              ],
              [
                24.00322491000003,
                -12.479352310999957
              ],
              [
                24.002430494000066,
                -12.483250503999955
              ],
              [
                24.000165969000022,
                -12.483818844999973
              ],
              [
                24.000768410000035,
                -12.485285166999972
              ],
              [
                23.994365810000033,
                -12.487918448999949
              ],
              [
                23.994372356000042,
                -12.489273650999962
              ],
              [
                23.987152585000047,
                -12.494504035999967
              ],
              [
                23.986451051000074,
                -12.496839356999942
              ],
              [
                23.98291211700007,
                -12.49793354999997
              ],
              [
                23.98383124000003,
                -12.499759289999929
              ],
              [
                23.980455681000024,
                -12.504373662999967
              ],
              [
                23.980618633000063,
                -12.50636640099998
              ],
              [
                23.984156854000048,
                -12.508915315999957
              ],
              [
                23.982958048000057,
                -12.510902655999928
              ],
              [
                23.97922778700007,
                -12.510774628999968
              ],
              [
                23.978037228000062,
                -12.513312620999955
              ],
              [
                23.97303832800003,
                -12.512247663999972
              ],
              [
                23.973847232000026,
                -12.513586134999969
              ],
              [
                23.971070775000044,
                -12.51753171599995
              ],
              [
                23.96990106900006,
                -12.516449299999977
              ],
              [
                23.969482068000048,
                -12.517554993999966
              ],
              [
                23.966312801000072,
                -12.517473521999932
              ],
              [
                23.964177066000047,
                -12.515349426999933
              ],
              [
                23.962250831000063,
                -12.51855011799995
              ],
              [
                23.958799902000067,
                -12.518078743999979
              ],
              [
                23.95677182700007,
                -12.519542332999947
              ],
              [
                23.95580785900006,
                -12.524757808999937
              ],
              [
                23.953977400000042,
                -12.525090967999972
              ],
              [
                23.95667208900005,
                -12.52959756699994
              ],
              [
                23.95607705200007,
                -12.531472336999968
              ],
              [
                23.95231277000005,
                -12.532279297999935
              ],
              [
                23.952021071000047,
                -12.534098964999941
              ],
              [
                23.94790202300004,
                -12.537001001999954
              ],
              [
                23.948603822000052,
                -12.549868648999961
              ],
              [
                23.94606800100007,
                -12.550313837999965
              ],
              [
                23.947348153000064,
                -12.552515089999929
              ],
              [
                23.946561323000026,
                -12.559181267999975
              ],
              [
                23.95147112500007,
                -12.56431381599998
              ],
              [
                23.949981985000022,
                -12.565565138999943
              ],
              [
                23.95289269400007,
                -12.571946243999946
              ],
              [
                23.951817343000073,
                -12.57501190599993
              ],
              [
                23.95451595000003,
                -12.577859329999967
              ],
              [
                23.95355289300005,
                -12.578655845999947
              ],
              [
                23.95588317100004,
                -12.578904197999975
              ],
              [
                23.95422018900007,
                -12.58015629099998
              ],
              [
                23.956891434000056,
                -12.582295078999948
              ],
              [
                23.95506314200003,
                -12.583299539999928
              ],
              [
                23.956428953000056,
                -12.585700845999952
              ],
              [
                23.95495068100007,
                -12.587388073999932
              ],
              [
                23.958417977000067,
                -12.588430896999967
              ],
              [
                23.95985461600003,
                -12.593418821999933
              ],
              [
                23.956456064000065,
                -12.592976543999953
              ],
              [
                23.957645168000056,
                -12.597963805999939
              ],
              [
                23.95548732000003,
                -12.598784345999945
              ],
              [
                23.95517889000007,
                -12.602194537999935
              ],
              [
                23.95373587200004,
                -12.602593901999967
              ],
              [
                23.955608083000072,
                -12.604269615999954
              ],
              [
                23.95318757700005,
                -12.605560797999942
              ],
              [
                23.953404249000073,
                -12.60739616899997
              ],
              [
                23.94874472500004,
                -12.613081454999929
              ],
              [
                23.950986665000073,
                -12.614722426999947
              ],
              [
                23.949570806000054,
                -12.615832950999959
              ],
              [
                23.949839664000024,
                -12.619244227999957
              ],
              [
                23.947542677000058,
                -12.619613297999933
              ],
              [
                23.947275902000058,
                -12.622972990999926
              ],
              [
                23.949451327000077,
                -12.625771219999933
              ],
              [
                23.94756414400007,
                -12.629046621999976
              ],
              [
                23.945233322000036,
                -12.628511425999932
              ],
              [
                23.945944721000046,
                -12.631277977999957
              ],
              [
                23.94339590100003,
                -12.633317796999961
              ],
              [
                23.94297808700003,
                -12.637254164999945
              ],
              [
                23.941407081000023,
                -12.637343089999945
              ],
              [
                23.94274951500006,
                -12.640457448999939
              ],
              [
                23.939536393000026,
                -12.641949259999933
              ],
              [
                23.94053762200008,
                -12.643477450999967
              ],
              [
                23.937532548000036,
                -12.64561600099995
              ],
              [
                23.93832453500005,
                -12.647368446999963
              ],
              [
                23.935289974000057,
                -12.646418061999952
              ],
              [
                23.937307458000078,
                -12.649385930999927
              ],
              [
                23.935826822000024,
                -12.650111262999928
              ],
              [
                23.936340338000036,
                -12.651798106999934
              ],
              [
                23.93174079700003,
                -12.653575021999927
              ],
              [
                23.932533633000048,
                -12.655156758999965
              ],
              [
                23.930473493000022,
                -12.65409104899993
              ],
              [
                23.93062355400008,
                -12.655541636999942
              ],
              [
                23.92898867300005,
                -12.655554141999971
              ],
              [
                23.93060356500007,
                -12.65885273799995
              ],
              [
                23.92812030600004,
                -12.659063664999962
              ],
              [
                23.928115486000024,
                -12.663797862999957
              ],
              [
                23.925249003000033,
                -12.66310002299997
              ],
              [
                23.925351823000028,
                -12.66483197499997
              ],
              [
                23.927661632000024,
                -12.666375537999954
              ],
              [
                23.923161750000077,
                -12.668182473999934
              ],
              [
                23.924391839000066,
                -12.672640461999947
              ],
              [
                23.92184265700007,
                -12.674567167999953
              ],
              [
                23.922024282000052,
                -12.680409748999978
              ],
              [
                23.920416014000068,
                -12.681670061999966
              ],
              [
                23.92174730000005,
                -12.685274902999936
              ],
              [
                23.924942498000064,
                -12.688166157999945
              ],
              [
                23.923125221000078,
                -12.692339389999972
              ],
              [
                23.92764953300008,
                -12.692186210999978
              ],
              [
                23.930777343000045,
                -12.695152127999961
              ],
              [
                23.93005204900004,
                -12.696377624999968
              ],
              [
                23.93293400300007,
                -12.69819444899997
              ],
              [
                23.930219571000066,
                -12.701970978999952
              ],
              [
                23.928085372000055,
                -12.702279436999959
              ],
              [
                23.930377967000027,
                -12.703163127999971
              ],
              [
                23.928461139000035,
                -12.708897537999974
              ],
              [
                23.927225027000077,
                -12.708712246999937
              ],
              [
                23.928487791000066,
                -12.710859040999935
              ],
              [
                23.926175673000046,
                -12.711539279999954
              ],
              [
                23.926392488000033,
                -12.714388439999937
              ],
              [
                23.92143548200005,
                -12.714391263999971
              ],
              [
                23.922958304000076,
                -12.716344153999955
              ],
              [
                23.921521272000064,
                -12.716499906999957
              ],
              [
                23.92206787400005,
                -12.717581353999947
              ],
              [
                23.91904289000007,
                -12.71744840499997
              ],
              [
                23.92100405800005,
                -12.71956939499995
              ],
              [
                23.918342606000067,
                -12.720187941999939
              ],
              [
                23.920072486000038,
                -12.722652107999977
              ],
              [
                23.919257536000032,
                -12.724575352999977
              ],
              [
                23.91645640200005,
                -12.72284131799995
              ],
              [
                23.916461060000074,
                -12.726381870999944
              ],
              [
                23.912717878000024,
                -12.727574021999942
              ],
              [
                23.912639720000072,
                -12.73528440399997
              ],
              [
                23.910813676000032,
                -12.734678728999938
              ],
              [
                23.910633438000048,
                -12.736963985999978
              ],
              [
                23.909251890000064,
                -12.73751068599995
              ],
              [
                23.910535743000025,
                -12.739286404999973
              ],
              [
                23.90777629100006,
                -12.741378918999942
              ],
              [
                23.909335256000077,
                -12.742550226999981
              ],
              [
                23.907593534000057,
                -12.744065804999934
              ],
              [
                23.90963148900005,
                -12.746699343999978
              ],
              [
                23.90783683500007,
                -12.747895780999954
              ],
              [
                23.907102716000054,
                -12.752531383999951
              ],
              [
                23.90550832100007,
                -12.75315507299996
              ],
              [
                23.90548080900004,
                -12.75835023299993
              ],
              [
                23.902754705000063,
                -12.761157620999938
              ],
              [
                23.900616339000067,
                -12.760169720999954
              ],
              [
                23.901118944000075,
                -12.758909984999946
              ],
              [
                23.899034447000076,
                -12.76102631799995
              ],
              [
                23.900741389000075,
                -12.76288019499998
              ],
              [
                23.897949590000053,
                -12.770426001999965
              ],
              [
                23.899061605000043,
                -12.77372235799993
              ],
              [
                23.90054602200007,
                -12.77280808599994
              ],
              [
                23.901638111000068,
                -12.775069942999949
              ],
              [
                23.90387761900007,
                -12.775441073999957
              ],
              [
                23.90413120100004,
                -12.777988595999943
              ],
              [
                23.90294031800005,
                -12.77847580699995
              ],
              [
                23.90152344300003,
                -12.776663329999963
              ],
              [
                23.90083114400005,
                -12.783377086999963
              ],
              [
                23.89912750700006,
                -12.784042714999941
              ],
              [
                23.900257588000045,
                -12.78505766099994
              ],
              [
                23.898909854000067,
                -12.785121166999943
              ],
              [
                23.898657983000078,
                -12.789516184999968
              ],
              [
                23.897229453000023,
                -12.790312335999943
              ],
              [
                23.898153612000044,
                -12.792216523999969
              ],
              [
                23.89653690800003,
                -12.799187328999949
              ],
              [
                23.89924843600005,
                -12.801792813999953
              ],
              [
                23.897660984000026,
                -12.802358764999951
              ],
              [
                23.899092409000048,
                -12.80637332699996
              ],
              [
                23.897076711000068,
                -12.810698927999965
              ],
              [
                23.900844025000026,
                -12.821193775999973
              ],
              [
                23.89955806100005,
                -12.822853374999966
              ],
              [
                23.900763081000036,
                -12.823591448999935
              ],
              [
                23.89620633800007,
                -12.829789035999966
              ],
              [
                23.897760921000042,
                -12.831454812999937
              ],
              [
                23.896760843000038,
                -12.831116214999952
              ],
              [
                23.89521688800005,
                -12.83383814399997
              ],
              [
                23.893522032000078,
                -12.84051528499998
              ],
              [
                23.895584925000037,
                -12.844506216999946
              ],
              [
                23.899800155000037,
                -12.84361075399994
              ],
              [
                23.907424870000057,
                -12.84666989799996
              ],
              [
                23.90834963700007,
                -12.85025475499998
              ],
              [
                23.905809718000057,
                -12.853579017999948
              ],
              [
                23.908016862000068,
                -12.854185514999926
              ],
              [
                23.907391610000047,
                -12.855436020999946
              ],
              [
                23.90897975300004,
                -12.854829524999957
              ],
              [
                23.91066330600006,
                -12.857700575999957
              ],
              [
                23.911849724000035,
                -12.856303135999951
              ],
              [
                23.91321920200005,
                -12.857922453999947
              ],
              [
                23.914151090000075,
                -12.85671786499995
              ],
              [
                23.916415375000042,
                -12.857176291999963
              ],
              [
                23.91627365100004,
                -12.858518501999981
              ],
              [
                23.91896328200005,
                -12.859788286999958
              ],
              [
                23.91820967800004,
                -12.861137098999961
              ],
              [
                23.92267346500006,
                -12.861515897999936
              ],
              [
                23.923047801000052,
                -12.863942577999978
              ],
              [
                23.921379452000053,
                -12.865527677999978
              ],
              [
                23.923419341000056,
                -12.865743390999967
              ],
              [
                23.925642115000073,
                -12.87030383299998
              ],
              [
                23.924633894000067,
                -12.870847803999936
              ],
              [
                23.927705451000065,
                -12.87537072899994
              ],
              [
                23.92620770900004,
                -12.88093860899994
              ],
              [
                23.92748322700004,
                -12.880657244999952
              ],
              [
                23.928549283000052,
                -12.883248919999971
              ],
              [
                23.931376992000025,
                -12.883375533999981
              ],
              [
                23.932403031000035,
                -12.886222
              ],
              [
                23.937523422000027,
                -12.888179046999937
              ],
              [
                23.936785275000034,
                -12.889668708999977
              ],
              [
                23.940785333000065,
                -12.891943068999979
              ],
              [
                23.939791928000034,
                -12.893795814999976
              ],
              [
                23.94248833200004,
                -12.894386679999968
              ],
              [
                23.943172985000047,
                -12.893340942999941
              ],
              [
                23.94478613800004,
                -12.89530111199997
              ],
              [
                23.948592993000034,
                -12.89383332999995
              ],
              [
                23.94900566000007,
                -12.895544960999928
              ],
              [
                23.950473443000078,
                -12.894949406999956
              ],
              [
                23.952921309000033,
                -12.89672668999998
              ],
              [
                23.953596583000035,
                -12.895033815999966
              ],
              [
                23.95470797100006,
                -12.895680952999953
              ],
              [
                23.95491664900004,
                -12.892635187999929
              ],
              [
                23.957868279000024,
                -12.893078943999967
              ],
              [
                23.957549399000072,
                -12.891493926999942
              ],
              [
                23.959317304000024,
                -12.891357935999963
              ],
              [
                23.964040655000076,
                -12.89351505899998
              ],
              [
                23.965091081000025,
                -12.892544353999938
              ],
              [
                23.968979925000042,
                -12.896573762999935
              ],
              [
                23.970907269000065,
                -12.89530762499993
              ],
              [
                23.973019842000042,
                -12.898866878999968
              ],
              [
                23.97476429900007,
                -12.898918462999973
              ],
              [
                23.975008149000075,
                -12.896798854999929
              ],
              [
                23.977909949000036,
                -12.897539778999942
              ],
              [
                23.978412887000047,
                -12.895622987999957
              ],
              [
                23.980586424000023,
                -12.897057943999926
              ],
              [
                23.98099088400005,
                -12.895418997999968
              ],
              [
                23.981922903000054,
                -12.89603799899993
              ],
              [
                23.981034066000063,
                -12.89682464599997
              ],
              [
                23.98417127400006,
                -12.899080247999962
              ],
              [
                23.982979698000065,
                -12.90074967399994
              ],
              [
                23.986327930000073,
                -12.90217525099996
              ],
              [
                23.98525405600003,
                -12.902794252999968
              ],
              [
                23.986154422000027,
                -12.905406247999963
              ],
              [
                23.989118122000036,
                -12.906742725999948
              ],
              [
                23.98676873200003,
                -12.910644306999927
              ],
              [
                23.989094676000036,
                -12.912269183999967
              ],
              [
                23.991329175000033,
                -12.919957454999974
              ],
              [
                23.995064281000055,
                -12.921683153999936
              ],
              [
                23.996368062000045,
                -12.928393454999934
              ],
              [
                23.997248925000065,
                -12.927392201999965
              ],
              [
                23.99973585400005,
                -12.928028393999966
              ],
              [
                24.002498290000062,
                -12.93120146299998
              ],
              [
                24.002566641000044,
                -12.933604265999975
              ],
              [
                24.004138718000036,
                -12.932547453999973
              ],
              [
                24.00638063300005,
                -12.93455066699994
              ],
              [
                24.008052607000025,
                -12.933888185999933
              ],
              [
                24.008368074000032,
                -12.935428714999944
              ],
              [
                24.012369243000023,
                -12.936222638999936
              ],
              [
                24.01203589800008,
                -12.937468731999957
              ],
              [
                24.014585921000048,
                -12.937710589999938
              ],
              [
                24.016236864000064,
                -12.94025535399993
              ],
              [
                24.017645947000062,
                -12.939188025999954
              ],
              [
                24.018511378000028,
                -12.940894173999936
              ],
              [
                24.021029853000073,
                -12.940494583999964
              ],
              [
                24.02067758100003,
                -12.94171438799998
              ],
              [
                24.02258089700007,
                -12.94225593899995
              ],
              [
                24.024126683000077,
                -12.94098355799997
              ],
              [
                24.023702908000075,
                -12.943036718999963
              ],
              [
                24.02510673300003,
                -12.942253309999955
              ],
              [
                24.024849102000076,
                -12.943615074999968
              ],
              [
                24.026841800000057,
                -12.943357442999968
              ],
              [
                24.026350386000047,
                -12.947779650999962
              ],
              [
                24.02852217700007,
                -12.948578482999949
              ],
              [
                24.02838091500007,
                -12.952486166999961
              ],
              [
                24.02982147700004,
                -12.954187006999973
              ],
              [
                24.027964508000025,
                -12.955495608999968
              ],
              [
                24.027716573000077,
                -12.958438064999939
              ],
              [
                24.02604109400005,
                -12.958431055999938
              ],
              [
                24.026763162000066,
                -12.960993344999963
              ],
              [
                24.028228329000058,
                -12.961378914999955
              ],
              [
                24.02651277500007,
                -12.963150474999964
              ],
              [
                24.027373064000074,
                -12.963657284999954
              ],
              [
                24.025431191000052,
                -12.963825534999955
              ],
              [
                24.02624439400006,
                -12.96683298299996
              ],
              [
                24.02433757400007,
                -12.966419370999972
              ],
              [
                24.025592431000064,
                -12.96748144199995
              ],
              [
                24.025227892000032,
                -12.970741263999969
              ],
              [
                24.02927803800003,
                -12.97258683299998
              ],
              [
                24.029159737000043,
                -12.975260412999944
              ],
              [
                24.031519823000053,
                -12.975547289999952
              ],
              [
                24.031360118000066,
                -12.97658832999997
              ],
              [
                24.03269986600003,
                -12.975911061999966
              ],
              [
                24.032981419000066,
                -12.978558024999927
              ],
              [
                24.034495659000072,
                -12.978052291999973
              ],
              [
                24.034374401000036,
                -12.98007226599998
              ],
              [
                24.035930046000033,
                -12.980708126999957
              ],
              [
                24.03507532900005,
                -12.982133641999951
              ],
              [
                24.03805116500007,
                -12.981233083999939
              ],
              [
                24.03829959500007,
                -12.983767660999945
              ],
              [
                24.040728885000078,
                -12.985391327999935
              ],
              [
                24.040164004000076,
                -12.98646489999993
              ],
              [
                24.042543016000025,
                -12.987602058999926
              ],
              [
                24.044358920000036,
                -12.986773959999937
              ],
              [
                24.04478775800004,
                -12.989302620999979
              ],
              [
                24.04839295100004,
                -12.990402810999967
              ],
              [
                24.047955241000068,
                -12.991952540999932
              ],
              [
                24.050344900000027,
                -12.991568066999946
              ],
              [
                24.049543417000052,
                -12.992909291999979
              ],
              [
                24.050862462000055,
                -12.992749587999981
              ],
              [
                24.05158607800007,
                -12.995895104999931
              ],
              [
                24.053631190000033,
                -12.99616571699994
              ],
              [
                24.053921763000062,
                -12.998051123999971
              ],
              [
                24.055919407000033,
                -12.998099921999938
              ],
              [
                24.056311571000037,
                -13.000196048999953
              ],
              [
                24.05812679400003,
                -13.000767548999931
              ],
              [
                23.537489142000027,
                -13.000256795999974
              ],
              [
                23.11666240900007,
                -13.000682491999953
              ],
              [
                22.994111770000075,
                -12.999412911999968
              ],
              [
                22.88815963600007,
                -13.000382865999939
              ],
              [
                22.40835376700005,
                -12.99938162199993
              ],
              [
                22.00372436600003,
                -12.999688490999972
              ],
              [
                22.000923199000056,
                -13.30971547699994
              ],
              [
                22.00040231400004,
                -13.723612419999938
              ],
              [
                22.000344195000025,
                -14.145844282999974
              ],
              [
                22.00040685400006,
                -14.551194360999943
              ],
              [
                22.000389722000023,
                -15.024721248999981
              ],
              [
                22.000437861000023,
                -15.40666956299998
              ],
              [
                22.00045390200006,
                -15.786673623999945
              ],
              [
                22.00042517600008,
                -16.173488729999974
              ],
              [
                22.00042614700004,
                -16.194677962999947
              ],
              [
                22.00231311700003,
                -16.195134008999958
              ],
              [
                22.002230260000033,
                -16.197548151999968
              ],
              [
                22.00450539900004,
                -16.200245209999935
              ],
              [
                22.000708286000076,
                -16.20648136099993
              ],
              [
                21.999350925000044,
                -16.206396868999946
              ],
              [
                22.00288766700004,
                -16.208833252999966
              ],
              [
                22.015915363000033,
                -16.209756071999948
              ],
              [
                22.020375280000053,
                -16.211873305999973
              ],
              [
                22.02080257500006,
                -16.216100878999953
              ],
              [
                22.025369916000045,
                -16.215661718999968
              ],
              [
                22.029918746000078,
                -16.218730637999954
              ],
              [
                22.02923262400003,
                -16.222172849999936
              ],
              [
                22.032024114000023,
                -16.223568944999954
              ],
              [
                22.02881269900007,
                -16.225333473999967
              ],
              [
                22.030580686000064,
                -16.227401750999945
              ],
              [
                22.030855019000057,
                -16.23428181999998
              ],
              [
                22.043858620000037,
                -16.233678599999962
              ],
              [
                22.049612538000076,
                -16.23992623299995
              ],
              [
                22.047941275000028,
                -16.244348810999952
              ],
              [
                22.05163119100007,
                -16.245663202999935
              ],
              [
                22.05166757300003,
                -16.249480975999973
              ],
              [
                22.058147018000057,
                -16.25211004199997
              ],
              [
                22.06052195500007,
                -16.257183232999978
              ],
              [
                22.05971289000007,
                -16.260438044999944
              ],
              [
                22.06920629600006,
                -16.260427019999952
              ],
              [
                22.076467793000063,
                -16.25756559399997
              ],
              [
                22.08125508100005,
                -16.26090506999998
              ],
              [
                22.071998869000026,
                -16.272982446999947
              ],
              [
                22.072478095000065,
                -16.275955255999975
              ],
              [
                22.081913334000035,
                -16.278991016999953
              ],
              [
                22.077293866000048,
                -16.28597228899997
              ],
              [
                22.070684517000075,
                -16.29025201999997
              ],
              [
                22.081144666000057,
                -16.294252893999953
              ],
              [
                22.085210397000026,
                -16.30456193599997
              ],
              [
                22.08950240300004,
                -16.30363664099997
              ],
              [
                22.09453326000005,
                -16.308142479999958
              ],
              [
                22.100420315000065,
                -16.308240517999934
              ],
              [
                22.100671651000027,
                -16.316548698999952
              ],
              [
                22.094595534000064,
                -16.316637714999956
              ],
              [
                22.09057744000006,
                -16.32004332699995
              ],
              [
                22.09877087900003,
                -16.32655829099997
              ],
              [
                22.098422264000078,
                -16.33094420499998
              ],
              [
                22.112550886000065,
                -16.33393808099993
              ],
              [
                22.11337350900004,
                -16.34564491599997
              ],
              [
                22.12044697300007,
                -16.34812200999994
              ],
              [
                22.123298100000056,
                -16.356938171999957
              ],
              [
                22.119110182000043,
                -16.357347775999926
              ],
              [
                22.125451845000043,
                -16.366060381999944
              ],
              [
                22.127153213000042,
                -16.375526299999933
              ],
              [
                22.11785752000003,
                -16.38410234899993
              ],
              [
                22.119893845000036,
                -16.38709412399993
              ],
              [
                22.128172463000055,
                -16.386010087999978
              ],
              [
                22.130226047000065,
                -16.404281294999976
              ],
              [
                22.135513333000063,
                -16.40805133999993
              ],
              [
                22.135667468000065,
                -16.423327418999975
              ],
              [
                22.130300504000047,
                -16.43269970299997
              ],
              [
                22.139753003000067,
                -16.439482514999952
              ],
              [
                22.125382254000044,
                -16.445372365999958
              ],
              [
                22.139702713000077,
                -16.459080549999953
              ],
              [
                22.13977963800005,
                -16.47208496199994
              ],
              [
                22.148256669000034,
                -16.47514255699997
              ],
              [
                22.137687605000053,
                -16.48624184399995
              ],
              [
                22.120844292000072,
                -16.490232568999943
              ],
              [
                22.12704624500003,
                -16.494059066999966
              ],
              [
                22.135302050000064,
                -16.490100220999977
              ],
              [
                22.147220008000033,
                -16.494239162999975
              ],
              [
                22.149993118000054,
                -16.489623837999943
              ],
              [
                22.16044938400006,
                -16.506845104999968
              ],
              [
                22.169643492000034,
                -16.50983764399996
              ],
              [
                22.16082055100003,
                -16.521922152999934
              ],
              [
                22.17420147100006,
                -16.520963611999946
              ],
              [
                22.18516966800007,
                -16.54608430199994
              ],
              [
                22.205095923000044,
                -16.549242058999937
              ],
              [
                22.218564422000043,
                -16.562445371999956
              ],
              [
                22.218052556000032,
                -16.57329576899997
              ],
              [
                22.252593583000078,
                -16.57411584099998
              ],
              [
                22.263953638000032,
                -16.587711595999963
              ],
              [
                22.263802247000058,
                -16.602196853999942
              ],
              [
                22.27985123700006,
                -16.61699849599995
              ],
              [
                22.277376222000044,
                -16.625201268999945
              ],
              [
                22.29574606600005,
                -16.621778373999973
              ],
              [
                22.32190318000005,
                -16.641711416999954
              ],
              [
                22.333175717000074,
                -16.662168494999946
              ],
              [
                22.329331852000053,
                -16.66715398699995
              ],
              [
                22.347875835000025,
                -16.673475372999974
              ],
              [
                22.355469275000075,
                -16.683176859999946
              ],
              [
                22.350822376000053,
                -16.698760997999955
              ],
              [
                22.368935759000067,
                -16.700605349999933
              ],
              [
                22.371544992000054,
                -16.69781434199996
              ],
              [
                22.42024534600006,
                -16.745495863999963
              ],
              [
                22.470920672000034,
                -16.804628184999956
              ],
              [
                22.496795787000053,
                -16.814754897999933
              ],
              [
                22.492154656000025,
                -16.835108541999944
              ],
              [
                22.52088225700004,
                -16.859801992999962
              ],
              [
                22.556162193000034,
                -16.879247452999948
              ],
              [
                22.599049814000068,
                -16.91867538699995
              ],
              [
                22.62681980800005,
                -16.95221528899998
              ],
              [
                22.620221810000032,
                -16.955000618999975
              ],
              [
                22.621176671000057,
                -16.959338516999935
              ],
              [
                22.628608188000044,
                -16.961220512999944
              ],
              [
                22.633445084000073,
                -16.964405502999966
              ],
              [
                22.634606106000035,
                -16.967550330999927
              ],
              [
                22.639129499000035,
                -16.968410217999974
              ],
              [
                22.63985406300003,
                -16.970586708999974
              ],
              [
                22.643957193000062,
                -16.971574656999962
              ],
              [
                22.644853905000048,
                -16.97348839299997
              ],
              [
                22.642101574000037,
                -16.976047625999968
              ],
              [
                22.693404023000028,
                -17.024418973999957
              ],
              [
                22.68568501900006,
                -17.031935889999943
              ],
              [
                22.716209225000057,
                -17.042654038999956
              ],
              [
                22.72503407000005,
                -17.05454130399994
              ],
              [
                22.717230077000067,
                -17.05794292799993
              ],
              [
                22.726121530000057,
                -17.06464666499994
              ],
              [
                22.739466366000045,
                -17.064332425999964
              ],
              [
                22.72894258100007,
                -17.07486039799994
              ],
              [
                22.767112500000053,
                -17.105374190999953
              ],
              [
                22.770278432000055,
                -17.104232112999966
              ],
              [
                22.79161164900006,
                -17.11992891899996
              ],
              [
                22.805264088000058,
                -17.150621738999973
              ],
              [
                22.79754065900005,
                -17.152568497999937
              ],
              [
                22.801893607000068,
                -17.165339879999976
              ],
              [
                22.853584583000043,
                -17.19082632599998
              ],
              [
                22.896717780000074,
                -17.20112495899997
              ],
              [
                22.909376202000033,
                -17.22264116699995
              ],
              [
                22.969313758000055,
                -17.25601248199996
              ],
              [
                22.968195414000036,
                -17.26111466599997
              ],
              [
                22.973933427000077,
                -17.260315890999948
              ],
              [
                22.99550528000003,
                -17.274217824999937
              ],
              [
                22.993425494000064,
                -17.286447279999948
              ],
              [
                23.008830549000038,
                -17.284124233999933
              ],
              [
                22.99706862000005,
                -17.29812170499997
              ],
              [
                23.009329028000025,
                -17.303134239999963
              ],
              [
                23.02104558600007,
                -17.31192572699996
              ],
              [
                23.02598216800004,
                -17.31195821299997
              ],
              [
                23.025100148000035,
                -17.31695426799996
              ],
              [
                23.03096234000003,
                -17.326131845999953
              ],
              [
                23.037546192000036,
                -17.331566282999972
              ],
              [
                23.04398894900004,
                -17.34669557199993
              ],
              [
                23.058642621000047,
                -17.337741946999927
              ],
              [
                23.068734939000024,
                -17.381405443999938
              ],
              [
                23.087138840000023,
                -17.413513481999928
              ],
              [
                23.12819416800005,
                -17.422659669999973
              ],
              [
                23.123534045000042,
                -17.445829987999957
              ],
              [
                23.141850172000034,
                -17.45256798799994
              ],
              [
                23.144215502000065,
                -17.460251898999957
              ],
              [
                23.136133078000057,
                -17.46656738599995
              ],
              [
                23.177692986000068,
                -17.47485834099996
              ],
              [
                23.193682671000033,
                -17.487936871999977
              ],
              [
                23.19169461300004,
                -17.492644303999953
              ],
              [
                23.19996184000007,
                -17.501204223999935
              ],
              [
                23.205434962000027,
                -17.502963111999975
              ],
              [
                23.208151116000067,
                -17.51563338699998
              ],
              [
                23.22482887600006,
                -17.523487144999933
              ],
              [
                23.221586324000043,
                -17.532706350999945
              ],
              [
                23.231694180000034,
                -17.537322893999942
              ],
              [
                23.241294883000023,
                -17.54664560799995
              ],
              [
                23.249643122000066,
                -17.543398373999935
              ],
              [
                23.286906154000064,
                -17.542020753999964
              ],
              [
                23.28363003900006,
                -17.548233317999973
              ],
              [
                23.341339738000045,
                -17.55406642899993
              ],
              [
                23.35024003600006,
                -17.566885550999928
              ],
              [
                23.357218731000046,
                -17.569962931999953
              ],
              [
                23.365279568000062,
                -17.576084444999935
              ],
              [
                23.377106482000045,
                -17.57313485399993
              ],
              [
                23.38439118900004,
                -17.575750325999934
              ],
              [
                23.388471234000065,
                -17.575012457999946
              ],
              [
                23.393338319000065,
                -17.576314044999947
              ],
              [
                23.391658552000024,
                -17.57869682599994
              ],
              [
                23.391871089000063,
                -17.58212440899996
              ],
              [
                23.395006884000054,
                -17.588253764999934
              ],
              [
                23.39945216500007,
                -17.588981470999954
              ],
              [
                23.399612873000024,
                -17.590108463999968
              ],
              [
                23.39747943800006,
                -17.590613003999977
              ],
              [
                23.40094842800005,
                -17.593664028999967
              ],
              [
                23.40062617800004,
                -17.597058756999957
              ],
              [
                23.404668788000038,
                -17.596388099999956
              ],
              [
                23.407107799000073,
                -17.59243851599996
              ],
              [
                23.40970229800007,
                -17.592455532999963
              ],
              [
                23.410963668000022,
                -17.59470519499996
              ],
              [
                23.417695768000044,
                -17.59743672199994
              ],
              [
                23.41836396000008,
                -17.601176817999942
              ],
              [
                23.413967842000034,
                -17.60121946099997
              ],
              [
                23.426186794000046,
                -17.61444834799994
              ],
              [
                23.42424316100005,
                -17.61851484799996
              ],
              [
                23.426593575000027,
                -17.626262967999935
              ],
              [
                23.425270528000055,
                -17.62822837899995
              ],
              [
                23.42763227000006,
                -17.630338368999958
              ],
              [
                23.429071691000047,
                -17.62945968799994
              ],
              [
                23.430143216000033,
                -17.63045422199997
              ],
              [
                23.430044636000048,
                -17.634763359999965
              ],
              [
                23.43422736100007,
                -17.63786736199995
              ],
              [
                22.929194,
                -17.737279
              ],
              [
                22.42574,
                -17.835385
              ],
              [
                21.86410100100005,
                -17.943246
              ],
              [
                21.423447001000056,
                -18.026718
              ],
              [
                21.419981,
                -18.019211
              ],
              [
                21.414509,
                -18.015071
              ],
              [
                21.406323001000032,
                -18.013453
              ],
              [
                21.396139,
                -18.00917
              ],
              [
                21.379578,
                -18.011454
              ],
              [
                21.37272500100005,
                -18.008979000999943
              ],
              [
                21.371583,
                -18.00464900099996
              ],
              [
                21.373201,
                -17.994227
              ],
              [
                21.362684,
                -17.984566000999962
              ],
              [
                21.351358,
                -17.985042
              ],
              [
                21.337795001000075,
                -17.989087000999973
              ],
              [
                21.319092001000058,
                -17.987612
              ],
              [
                21.307719,
                -17.976381
              ],
              [
                21.294679001000077,
                -17.97443
              ],
              [
                21.275881,
                -17.965721
              ],
              [
                21.26893300100005,
                -17.967434
              ],
              [
                21.266078,
                -17.964864
              ],
              [
                21.25413300100007,
                -17.96162800099995
              ],
              [
                21.24256900100005,
                -17.956393
              ],
              [
                21.23942800100008,
                -17.951872
              ],
              [
                21.23267,
                -17.947542
              ],
              [
                21.222581001000037,
                -17.93317
              ],
              [
                21.21739400100006,
                -17.930315
              ],
              [
                21.210398,
                -17.928839
              ],
              [
                21.193314,
                -17.935502
              ],
              [
                21.18365300100004,
                -17.935026
              ],
              [
                21.175991001000057,
                -17.936977
              ],
              [
                21.160430001000066,
                -17.930457
              ],
              [
                21.148866001000044,
                -17.93569200099995
              ],
              [
                21.127022001000057,
                -17.93678700099997
              ],
              [
                21.119979001000047,
                -17.93450200099994
              ],
              [
                21.113745,
                -17.93721500099997
              ],
              [
                21.109699,
                -17.945876
              ],
              [
                21.103037001000075,
                -17.948398
              ],
              [
                21.088951001000055,
                -17.949778
              ],
              [
                21.065727001000027,
                -17.944211
              ],
              [
                21.062015,
                -17.945876
              ],
              [
                21.058398001000057,
                -17.950921
              ],
              [
                21.054163001000063,
                -17.952491
              ],
              [
                21.03922,
                -17.953395
              ],
              [
                21.028703,
                -17.95634600099993
              ],
              [
                21.021993,
                -17.954395000999966
              ],
              [
                21.013649,
                -17.954014
              ],
              [
                21.007177,
                -17.958107
              ],
              [
                21.004322,
                -17.962152
              ],
              [
                20.99789700100007,
                -17.964722
              ],
              [
                20.990378,
                -17.963056000999927
              ],
              [
                20.983525001000032,
                -17.95829700099995
              ],
              [
                20.977339,
                -17.95829700099995
              ],
              [
                20.969344,
                -17.964056
              ],
              [
                20.95758900100003,
                -17.965436
              ],
              [
                20.94245600100004,
                -17.971384
              ],
              [
                20.933794,
                -17.976572
              ],
              [
                20.924895,
                -17.985852000999955
              ],
              [
                20.913569,
                -17.989849000999982
              ],
              [
                20.905146,
                -17.995131
              ],
              [
                20.901339,
                -17.995512
              ],
              [
                20.895723,
                -17.992942
              ],
              [
                20.887871001000065,
                -18.000223000999938
              ],
              [
                20.882826,
                -17.99698700099998
              ],
              [
                20.878638,
                -18.000652000999935
              ],
              [
                20.87131,
                -17.999890000999926
              ],
              [
                20.868264,
                -18.004697
              ],
              [
                20.86398100100007,
                -18.003222
              ],
              [
                20.863505,
                -18.005791
              ],
              [
                20.866598001000057,
                -18.007933
              ],
              [
                20.867693,
                -18.010788
              ],
              [
                20.861031,
                -18.018498000999955
              ],
              [
                20.862363001000062,
                -18.020592
              ],
              [
                20.868216001000064,
                -18.023209
              ],
              [
                20.869168001000048,
                -18.026112
              ],
              [
                20.86755000100004,
                -18.028872000999968
              ],
              [
                20.860555,
                -18.031156000999943
              ],
              [
                20.851179,
                -18.03201300099994
              ],
              [
                20.839949,
                -18.037724000999958
              ],
              [
                20.826243,
                -18.039104
              ],
              [
                20.80225800100004,
                -18.03762900099997
              ],
              [
                20.798879,
                -18.03177500099997
              ],
              [
                20.79459600100006,
                -18.030157000999964
              ],
              [
                20.788505,
                -18.024684
              ],
              [
                20.783079,
                -18.02454200099993
              ],
              [
                20.770563,
                -18.020639
              ],
              [
                20.763235001000055,
                -18.0155
              ],
              [
                20.759094,
                -18.015785000999927
              ],
              [
                20.750862,
                -18.020734
              ],
              [
                20.747816,
                -18.01983
              ],
              [
                20.747435,
                -18.013215
              ],
              [
                20.749862001000054,
                -18.005934
              ],
              [
                20.748863001000075,
                -18.003079
              ],
              [
                20.745912,
                -18.001080000999934
              ],
              [
                20.74229500100006,
                -18.00207900099997
              ],
              [
                20.737108001000024,
                -18.00622
              ],
              [
                20.72820900100004,
                -18.008028
              ],
              [
                20.719024001000037,
                -18.01293
              ],
              [
                20.714075001000026,
                -18.0076
              ],
              [
                20.697133,
                -18.010027
              ],
              [
                20.690994,
                -18.004602
              ],
              [
                20.683523,
                -18.001746000999958
              ],
              [
                20.678526001000023,
                -17.991562
              ],
              [
                20.658967,
                -17.985899
              ],
              [
                20.644452001000047,
                -17.977
              ],
              [
                20.63236400100004,
                -17.979617
              ],
              [
                20.617611,
                -17.975715
              ],
              [
                20.61623200100007,
                -17.982901
              ],
              [
                20.612662001000047,
                -17.984757000999934
              ],
              [
                20.609522,
                -17.982092
              ],
              [
                20.606809,
                -17.975525
              ],
              [
                20.60324,
                -17.974954
              ],
              [
                20.597148,
                -17.97785700099996
              ],
              [
                20.589915,
                -17.974002
              ],
              [
                20.588487001000033,
                -17.975144000999933
              ],
              [
                20.58882,
                -17.979284
              ],
              [
                20.58653600100007,
                -17.986042
              ],
              [
                20.584109,
                -17.987279
              ],
              [
                20.581111001000068,
                -17.986423
              ],
              [
                20.58073,
                -17.97871300099996
              ],
              [
                20.578255,
                -17.975953
              ],
              [
                20.572116,
                -17.981093000999977
              ],
              [
                20.56297900100003,
                -17.984567
              ],
              [
                20.550654001000055,
                -17.985281
              ],
              [
                20.54066,
                -17.98261600099994
              ],
              [
                20.54080300100003,
                -17.977904
              ],
              [
                20.538233,
                -17.975192
              ],
              [
                20.528810001000068,
                -17.976286
              ],
              [
                20.515914,
                -17.969766
              ],
              [
                20.505967,
                -17.959059
              ],
              [
                20.501541,
                -17.951968
              ],
              [
                20.499257,
                -17.95158700099995
              ],
              [
                20.494593,
                -17.954728000999978
              ],
              [
                20.492738,
                -17.952016000999947
              ],
              [
                20.484457,
                -17.94963600099993
              ],
              [
                20.47822300100006,
                -17.951825
              ],
              [
                20.474558001000048,
                -17.950588
              ],
              [
                20.46489800100005,
                -17.937025
              ],
              [
                20.463042,
                -17.931076
              ],
              [
                20.463613001000056,
                -17.921083
              ],
              [
                20.448622,
                -17.910613000999945
              ],
              [
                20.43777200100004,
                -17.906235
              ],
              [
                20.419498,
                -17.909233
              ],
              [
                20.402508,
                -17.898620000999927
              ],
              [
                20.392895,
                -17.898811
              ],
              [
                20.382807,
                -17.89376600099996
              ],
              [
                20.378238001000057,
                -17.894385
              ],
              [
                20.372622001000025,
                -17.897669
              ],
              [
                20.369529,
                -17.89752600099996
              ],
              [
                20.34992200100004,
                -17.878728000999956
              ],
              [
                20.324272001000054,
                -17.862167
              ],
              [
                20.308234,
                -17.8625
              ],
              [
                20.302381,
                -17.866593
              ],
              [
                20.294481,
                -17.877301
              ],
              [
                20.288342,
                -17.87506400099994
              ],
              [
                20.278063,
                -17.866022
              ],
              [
                20.27206600100004,
                -17.865784
              ],
              [
                20.262929,
                -17.868259
              ],
              [
                20.255934,
                -17.874493
              ],
              [
                20.253744,
                -17.881679
              ],
              [
                20.25079400100003,
                -17.885771000999966
              ],
              [
                20.250604,
                -17.89034
              ],
              [
                20.245987,
                -17.892672000999937
              ],
              [
                20.240419001000078,
                -17.89181500099994
              ],
              [
                20.236374,
                -17.886009
              ],
              [
                20.23099700100005,
                -17.883915000999934
              ],
              [
                20.219956,
                -17.885914
              ],
              [
                20.212294001000032,
                -17.882821
              ],
              [
                20.203586,
                -17.883202
              ],
              [
                20.198826,
                -17.88106
              ],
              [
                20.195448001000045,
                -17.882012
              ],
              [
                20.188262,
                -17.877348
              ],
              [
                20.172938,
                -17.876825
              ],
              [
                20.169369,
                -17.879109
              ],
              [
                20.165895,
                -17.886914
              ],
              [
                20.16346800100007,
                -17.889198
              ],
              [
                20.157947001000025,
                -17.89172
              ],
              [
                20.14743,
                -17.893671
              ],
              [
                20.114736,
                -17.910042
              ],
              [
                20.109121,
                -17.910898
              ],
              [
                20.096891,
                -17.904284
              ],
              [
                20.094035,
                -17.89705
              ],
              [
                20.091275,
                -17.894671
              ],
              [
                20.079806001000065,
                -17.889579
              ],
              [
                20.07504700100003,
                -17.891244
              ],
              [
                20.067052001000036,
                -17.891006
              ],
              [
                20.058343,
                -17.884867
              ],
              [
                20.03945,
                -17.901143
              ],
              [
                20.030075001000057,
                -17.90514
              ],
              [
                20.025744001000078,
                -17.90499700099997
              ],
              [
                20.017607,
                -17.900905
              ],
              [
                19.998143,
                -17.886914
              ],
              [
                19.975347,
                -17.889245
              ],
              [
                19.96911300100004,
                -17.888151
              ],
              [
                19.956026001000055,
                -17.878157
              ],
              [
                19.952743,
                -17.873065
              ],
              [
                19.926486,
                -17.86228700099997
              ],
              [
                19.910553,
                -17.86224
              ],
              [
                19.906442,
                -17.865791
              ],
              [
                19.905274,
                -17.872613
              ],
              [
                19.90027400100007,
                -17.876397
              ],
              [
                19.890183,
                -17.876911
              ],
              [
                19.880978,
                -17.880322
              ],
              [
                19.864625001000036,
                -17.883172
              ],
              [
                19.84313300100007,
                -17.878967
              ],
              [
                19.835938001000045,
                -17.873407000999975
              ],
              [
                19.820146,
                -17.8678
              ],
              [
                19.809166,
                -17.867753
              ],
              [
                19.795523,
                -17.875182000999928
              ],
              [
                19.789917,
                -17.876818000999947
              ],
              [
                19.784731,
                -17.881256
              ],
              [
                19.77912400100007,
                -17.89018
              ],
              [
                19.772676,
                -17.891068
              ],
              [
                19.770807,
                -17.89859
              ],
              [
                19.760154001000046,
                -17.910177
              ],
              [
                19.752212001000032,
                -17.910411
              ],
              [
                19.742634,
                -17.90672
              ],
              [
                19.742540001000066,
                -17.90288900099995
              ],
              [
                19.73668900100006,
                -17.89721500099995
              ],
              [
                19.729365,
                -17.886162
              ],
              [
                19.72787,
                -17.878733
              ],
              [
                19.72614100100003,
                -17.876864
              ],
              [
                19.72231,
                -17.875182000999928
              ],
              [
                19.708573001000047,
                -17.873781
              ],
              [
                19.707452,
                -17.87728500099996
              ],
              [
                19.712218001000053,
                -17.880322
              ],
              [
                19.712732,
                -17.882751
              ],
              [
                19.710396,
                -17.885321000999966
              ],
              [
                19.706518,
                -17.884714000999963
              ],
              [
                19.695678001000033,
                -17.875089
              ],
              [
                19.686240001000044,
                -17.856914
              ],
              [
                19.67301800100006,
                -17.848924
              ],
              [
                19.631575001000044,
                -17.850653
              ],
              [
                19.626062001000037,
                -17.855512
              ],
              [
                19.622745001000055,
                -17.863642
              ],
              [
                19.617232,
                -17.859484
              ],
              [
                19.613961,
                -17.859110000999976
              ],
              [
                19.612139,
                -17.860184000999936
              ],
              [
                19.612606001000074,
                -17.864857
              ],
              [
                19.609709,
                -17.86714600099998
              ],
              [
                19.590366,
                -17.860465
              ],
              [
                19.58541400100006,
                -17.861586000999978
              ],
              [
                19.584526,
                -17.858222
              ],
              [
                19.582143001000077,
                -17.857101000999933
              ],
              [
                19.578546,
                -17.86051200099996
              ],
              [
                19.580508,
                -17.864623
              ],
              [
                19.570369,
                -17.872986
              ],
              [
                19.548831001000053,
                -17.875136
              ],
              [
                19.538785,
                -17.873734000999946
              ],
              [
                19.520937,
                -17.862521000999948
              ],
              [
                19.510331,
                -17.860184000999936
              ],
              [
                19.507855,
                -17.861119000999963
              ],
              [
                19.50622000100003,
                -17.863876
              ],
              [
                19.507528001000026,
                -17.869903
              ],
              [
                19.504211001000044,
                -17.871398000999932
              ],
              [
                19.49482,
                -17.86495
              ],
              [
                19.48449400100003,
                -17.869435
              ],
              [
                19.482531,
                -17.868875
              ],
              [
                19.48000900100004,
                -17.865277
              ],
              [
                19.474168,
                -17.866866
              ],
              [
                19.466927001000045,
                -17.866165
              ],
              [
                19.46146,
                -17.86051200099996
              ],
              [
                19.451041,
                -17.863548
              ],
              [
                19.441743,
                -17.862941
              ],
              [
                19.438052,
                -17.867333
              ],
              [
                19.435062001000063,
                -17.868127
              ],
              [
                19.401896,
                -17.864609000999963
              ],
              [
                19.389087,
                -17.860465
              ],
              [
                19.379556001000026,
                -17.849859
              ],
              [
                19.369744,
                -17.846728000999974
              ],
              [
                19.360073001000046,
                -17.848597000999973
              ],
              [
                19.355914,
                -17.857288
              ],
              [
                19.34970000100003,
                -17.8507
              ],
              [
                19.333348,
                -17.851167
              ],
              [
                19.328162,
                -17.854578
              ],
              [
                19.326293,
                -17.853363
              ],
              [
                19.324704,
                -17.848224
              ],
              [
                19.327040001000057,
                -17.846682
              ],
              [
                19.335357,
                -17.84626100099996
              ],
              [
                19.337179001000038,
                -17.83953300099995
              ],
              [
                19.335824,
                -17.836683000999926
              ],
              [
                19.328816001000064,
                -17.833646
              ],
              [
                19.322368,
                -17.833226
              ],
              [
                19.319004001000053,
                -17.836403
              ],
              [
                19.311996,
                -17.837057
              ],
              [
                19.306202,
                -17.830329
              ],
              [
                19.300783,
                -17.836823
              ],
              [
                19.296017,
                -17.837711
              ],
              [
                19.280972,
                -17.82439500099997
              ],
              [
                19.271301,
                -17.820377
              ],
              [
                19.258682,
                -17.823046
              ],
              [
                19.253706,
                -17.822453
              ],
              [
                19.248671,
                -17.816055
              ],
              [
                19.24671600100004,
                -17.815877000999933
              ],
              [
                19.24179900100006,
                -17.816114
              ],
              [
                19.23563800100004,
                -17.819136
              ],
              [
                19.230721001000063,
                -17.826185
              ],
              [
                19.224672,
                -17.826545
              ],
              [
                19.197527001000026,
                -17.817340000999934
              ],
              [
                19.189163001000054,
                -17.816733000999932
              ],
              [
                19.174726,
                -17.8058
              ],
              [
                19.17077100100005,
                -17.807584
              ],
              [
                19.16804600100005,
                -17.813745
              ],
              [
                19.165143,
                -17.815700000999982
              ],
              [
                19.144871,
                -17.807669
              ],
              [
                19.136227,
                -17.808276
              ],
              [
                19.122431001000052,
                -17.817181000999938
              ],
              [
                19.120062,
                -17.830687
              ],
              [
                19.116804,
                -17.834716000999947
              ],
              [
                19.112242,
                -17.835960000999933
              ],
              [
                19.080301,
                -17.835796
              ],
              [
                19.067405,
                -17.8343
              ],
              [
                19.036055001000022,
                -17.835188
              ],
              [
                19.010638,
                -17.830936
              ],
              [
                19.006900001000076,
                -17.828413000999944
              ],
              [
                19.001434,
                -17.82794600099993
              ],
              [
                18.994659,
                -17.82453500099996
              ],
              [
                18.983212,
                -17.828974
              ],
              [
                18.96756,
                -17.82804
              ],
              [
                18.9563,
                -17.824068000999944
              ],
              [
                18.950413,
                -17.817247
              ],
              [
                18.932238,
                -17.821125
              ],
              [
                18.924716,
                -17.81949
              ],
              [
                18.903831,
                -17.81963
              ],
              [
                18.895188,
                -17.816359
              ],
              [
                18.885983,
                -17.805520000999934
              ],
              [
                18.878648,
                -17.800287
              ],
              [
                18.876452001000075,
                -17.80024
              ],
              [
                18.873041001000047,
                -17.80388400099997
              ],
              [
                18.868509,
                -17.805473
              ],
              [
                18.861267001000044,
                -17.802903
              ],
              [
                18.855427,
                -17.795942000999958
              ],
              [
                18.847998,
                -17.792764000999966
              ],
              [
                18.84234500100007,
                -17.787859
              ],
              [
                18.841597,
                -17.777626
              ],
              [
                18.837813,
                -17.772721
              ],
              [
                18.803612,
                -17.769543
              ],
              [
                18.790577,
                -17.76618
              ],
              [
                18.784035001000063,
                -17.757629
              ],
              [
                18.781372,
                -17.745855
              ],
              [
                18.775719,
                -17.735343
              ],
              [
                18.771327,
                -17.735203
              ],
              [
                18.754928,
                -17.739875000999973
              ],
              [
                18.744415,
                -17.737679
              ],
              [
                18.73965000100003,
                -17.73174500099998
              ],
              [
                18.739416001000052,
                -17.721326
              ],
              [
                18.736753,
                -17.71805600099998
              ],
              [
                18.716615,
                -17.704693
              ],
              [
                18.698908,
                -17.690723
              ],
              [
                18.685732001000076,
                -17.68380800099993
              ],
              [
                18.671435001000077,
                -17.668016000999955
              ],
              [
                18.661016,
                -17.663811
              ],
              [
                18.65681100100005,
                -17.660634
              ],
              [
                18.639617,
                -17.642226
              ],
              [
                18.628638,
                -17.638721000999965
              ],
              [
                18.622097001000043,
                -17.633115
              ],
              [
                18.617144001000042,
                -17.62419100099993
              ],
              [
                18.616677001000028,
                -17.615267
              ],
              [
                18.620368,
                -17.607885
              ],
              [
                18.618732,
                -17.600176
              ],
              [
                18.611117001000025,
                -17.600176
              ],
              [
                18.60808,
                -17.598774
              ],
              [
                18.60462300100005,
                -17.593074
              ],
              [
                18.600791,
                -17.589897
              ],
              [
                18.600137001000064,
                -17.585458
              ],
              [
                18.598409,
                -17.583543
              ],
              [
                18.586634,
                -17.584804
              ],
              [
                18.570515001000047,
                -17.584243
              ],
              [
                18.56341300100007,
                -17.581674
              ],
              [
                18.559349,
                -17.569152
              ],
              [
                18.54636,
                -17.558313
              ],
              [
                18.540286001000027,
                -17.545371
              ],
              [
                18.53486600100007,
                -17.539437000999953
              ],
              [
                18.535100001000046,
                -17.53626000099996
              ],
              [
                18.538137,
                -17.531588
              ],
              [
                18.536969001000045,
                -17.523084
              ],
              [
                18.532624001000045,
                -17.51939300099997
              ],
              [
                18.5237,
                -17.516496
              ],
              [
                18.520429,
                -17.514067000999944
              ],
              [
                18.515944,
                -17.50019
              ],
              [
                18.505852,
                -17.49463
              ],
              [
                18.499965,
                -17.493089
              ],
              [
                18.498096,
                -17.486267
              ],
              [
                18.486509,
                -17.486127
              ],
              [
                18.479874,
                -17.483557
              ],
              [
                18.478099001000032,
                -17.479352
              ],
              [
                18.478146,
                -17.473045
              ],
              [
                18.475155,
                -17.467064
              ],
              [
                18.475295,
                -17.448983
              ],
              [
                18.463895001000026,
                -17.443797
              ],
              [
                18.455971,
                -17.432955
              ],
              [
                18.45305,
                -17.42184
              ],
              [
                18.447966001000054,
                -17.419033
              ],
              [
                18.440113,
                -17.410156
              ],
              [
                18.434764001000076,
                -17.406665
              ],
              [
                18.432298,
                -17.40222700099997
              ],
              [
                18.424863,
                -17.396119
              ],
              [
                18.421515,
                -17.389723000999936
              ],
              [
                17.895448001000034,
                -17.389563
              ],
              [
                17.27470808100003,
                -17.389973144999942
              ],
              [
                16.894444001000068,
                -17.38986100099993
              ],
              [
                16.51802800100006,
                -17.3905
              ],
              [
                16.107147001000044,
                -17.390386000999968
              ],
              [
                15.766114,
                -17.390709
              ],
              [
                15.107394001000046,
                -17.390922
              ],
              [
                14.637059001000068,
                -17.39142400099996
              ],
              [
                14.21612,
                -17.391599000999975
              ],
              [
                14.218769,
                -17.394998
              ],
              [
                14.218941001000076,
                -17.398198
              ],
              [
                14.21302,
                -17.401686
              ],
              [
                14.214973,
                -17.406976
              ],
              [
                14.212641001000065,
                -17.41004800099995
              ],
              [
                14.198429,
                -17.413712000999965
              ],
              [
                14.183735,
                -17.41223200099995
              ],
              [
                14.175297001000047,
                -17.415378
              ],
              [
                14.161639,
                -17.417006000999947
              ],
              [
                14.155644,
                -17.422077000999934
              ],
              [
                14.150647001000038,
                -17.429775
              ],
              [
                14.143726001000061,
                -17.42925700099994
              ],
              [
                14.137841,
                -17.432218000999967
              ],
              [
                14.121445,
                -17.431404
              ],
              [
                14.116189001000066,
                -17.423705
              ],
              [
                14.108565001000045,
                -17.429442
              ],
              [
                14.104938,
                -17.43651100099993
              ],
              [
                14.102125001000047,
                -17.43873200099995
              ],
              [
                14.082027,
                -17.433921
              ],
              [
                14.07425500100004,
                -17.434513
              ],
              [
                14.060191,
                -17.428887000999964
              ],
              [
                14.053677,
                -17.429738
              ],
              [
                14.05116,
                -17.428443
              ],
              [
                14.049901001000023,
                -17.423150000999954
              ],
              [
                14.044276,
                -17.41985600099997
              ],
              [
                14.042314001000022,
                -17.419708
              ],
              [
                14.039390001000072,
                -17.42278000099998
              ],
              [
                14.036725,
                -17.423335
              ],
              [
                14.028731,
                -17.418561
              ],
              [
                14.021181,
                -17.417376
              ],
              [
                14.015962,
                -17.414675
              ],
              [
                14.01226100100007,
                -17.415082
              ],
              [
                14.0036,
                -17.421559
              ],
              [
                14.001268,
                -17.427296
              ],
              [
                13.994791001000067,
                -17.433106
              ],
              [
                13.987093,
                -17.433884
              ],
              [
                13.978173001000073,
                -17.42737
              ],
              [
                13.96422,
                -17.433032
              ],
              [
                13.955744001000028,
                -17.433032
              ],
              [
                13.938312001000043,
                -17.41878300099995
              ],
              [
                13.930909,
                -17.415896000999965
              ],
              [
                13.929614001000061,
                -17.411084
              ],
              [
                13.926949,
                -17.40901200099995
              ],
              [
                13.927319,
                -17.406717
              ],
              [
                13.931168,
                -17.4042
              ],
              [
                13.929799,
                -17.39987
              ],
              [
                13.927726001000053,
                -17.396428
              ],
              [
                13.924803,
                -17.396502
              ],
              [
                13.921619001000067,
                -17.389618
              ],
              [
                13.915216,
                -17.385843000999955
              ],
              [
                13.916734,
                -17.37966200099993
              ],
              [
                13.914735001000054,
                -17.376923
              ],
              [
                13.901966,
                -17.371075
              ],
              [
                13.899745,
                -17.361674
              ],
              [
                13.894120001000033,
                -17.361674
              ],
              [
                13.889901,
                -17.359935
              ],
              [
                13.868841,
                -17.342983
              ],
              [
                13.862364,
                -17.34335300099997
              ],
              [
                13.852741001000027,
                -17.339652
              ],
              [
                13.833828,
                -17.327623
              ],
              [
                13.823613,
                -17.326143
              ],
              [
                13.812324,
                -17.320369
              ],
              [
                13.797927,
                -17.309414
              ],
              [
                13.784899,
                -17.30475
              ],
              [
                13.782641,
                -17.302715
              ],
              [
                13.780864,
                -17.297755000999928
              ],
              [
                13.776386,
                -17.29398
              ],
              [
                13.763950001000069,
                -17.289539
              ],
              [
                13.739449,
                -17.270737
              ],
              [
                13.730529,
                -17.267813
              ],
              [
                13.725865001000045,
                -17.269885
              ],
              [
                13.719795001000023,
                -17.266962000999968
              ],
              [
                13.709876,
                -17.260262
              ],
              [
                13.696441,
                -17.247049000999937
              ],
              [
                13.693443,
                -17.245791
              ],
              [
                13.690371001000074,
                -17.24779000099994
              ],
              [
                13.67993400100005,
                -17.246531
              ],
              [
                13.676122,
                -17.24231200099996
              ],
              [
                13.660984,
                -17.232726
              ],
              [
                13.655728,
                -17.22743300099995
              ],
              [
                13.650362,
                -17.225065
              ],
              [
                13.636445001000027,
                -17.208002
              ],
              [
                13.616756,
                -17.198897
              ],
              [
                13.607835001000069,
                -17.190163000999974
              ],
              [
                13.600655,
                -17.186647
              ],
              [
                13.570343,
                -17.164292
              ],
              [
                13.555168,
                -17.156778000999964
              ],
              [
                13.542473,
                -17.147192
              ],
              [
                13.513271001000021,
                -17.13657
              ],
              [
                13.509200001000067,
                -17.130796
              ],
              [
                13.507942,
                -17.12554
              ],
              [
                13.515934,
                -17.121461000999943
              ],
              [
                13.52159800100003,
                -17.111171
              ],
              [
                13.523068,
                -17.104642
              ],
              [
                13.52159800100003,
                -17.09997200099997
              ],
              [
                13.521684,
                -17.09158500099994
              ],
              [
                13.519842,
                -17.08877
              ],
              [
                13.51453,
                -17.085753000999944
              ],
              [
                13.511828001000026,
                -17.080905
              ],
              [
                13.498948,
                -17.07006
              ],
              [
                13.484365,
                -17.038008
              ],
              [
                13.481515,
                -17.037268
              ],
              [
                13.477703001000066,
                -17.03216
              ],
              [
                13.477481,
                -17.026127
              ],
              [
                13.467932001000065,
                -17.02013200099998
              ],
              [
                13.463231001000054,
                -17.011323
              ],
              [
                13.4438,
                -17.009731
              ],
              [
                13.421895,
                -16.998886
              ],
              [
                13.39648100100004,
                -16.996412
              ],
              [
                13.380270001000042,
                -16.983698
              ],
              [
                13.361283,
                -16.97934
              ],
              [
                13.35417700100004,
                -16.974399000999938
              ],
              [
                13.344156001000044,
                -16.977258
              ],
              [
                13.33036,
                -16.982671
              ]
            ]
          ],
          [
            [
              [
                12.341251373000034,
                -14.391805648999934
              ],
              [
                12.34319496300003,
                -14.391805648999934
              ],
              [
                12.340695382000035,
                -14.396805762999975
              ],
              [
                12.341251373000034,
                -14.391805648999934
              ]
            ]
          ],
          [
            [
              [
                12.520972252000035,
                -13.451250075999951
              ],
              [
                12.523194314000023,
                -13.450415610999926
              ],
              [
                12.522359849000054,
                -13.452083587999937
              ],
              [
                12.521249772000033,
                -13.45263767199998
              ],
              [
                12.520972252000035,
                -13.451250075999951
              ]
            ]
          ],
          [
            [
              [
                12.542916299000069,
                -13.41874885599998
              ],
              [
                12.541806221000058,
                -13.41930580099995
              ],
              [
                12.543472290000068,
                -13.416805266999972
              ],
              [
                12.542916299000069,
                -13.41874885599998
              ]
            ]
          ],
          [
            [
              [
                12.963194847000068,
                -12.936249732999954
              ],
              [
                12.964304924000032,
                -12.934306144999937
              ],
              [
                12.964860917000067,
                -12.936528205999934
              ],
              [
                12.963194847000068,
                -12.936249732999954
              ]
            ]
          ],
          [
            [
              [
                12.949305535000065,
                -12.89736080199998
              ],
              [
                12.95041561100004,
                -12.896806716999947
              ],
              [
                12.950694084000077,
                -12.899582862999978
              ],
              [
                12.949305535000065,
                -12.89736080199998
              ]
            ]
          ],
          [
            [
              [
                12.948472023000022,
                -12.895138740999926
              ],
              [
                12.947916031000034,
                -12.889583587999937
              ],
              [
                12.949861526000063,
                -12.895973205999951
              ],
              [
                12.948472023000022,
                -12.895138740999926
              ]
            ]
          ],
          [
            [
              [
                13.067083360000026,
                -9.02263927499996
              ],
              [
                13.066804887000046,
                -9.02069473299997
              ],
              [
                13.068751335000059,
                -9.018471717999944
              ],
              [
                13.069305420000035,
                -9.020137786999953
              ],
              [
                13.067083360000026,
                -9.02263927499996
              ]
            ]
          ],
          [
            [
              [
                13.022640229000046,
                -9.00791454299997
              ],
              [
                13.02402782400003,
                -9.007362365999938
              ],
              [
                13.025972366000076,
                -9.018471717999944
              ],
              [
                13.022361755000077,
                -9.02069473299997
              ],
              [
                13.022640229000046,
                -9.023195266999949
              ],
              [
                13.020695687000057,
                -9.02430534399997
              ],
              [
                13.016804695000076,
                -9.021806716999947
              ],
              [
                13.022640229000046,
                -9.00791454299997
              ]
            ]
          ],
          [
            [
              [
                13.057638169000029,
                -8.98347186999996
              ],
              [
                13.058471680000025,
                -8.987638473999937
              ],
              [
                13.055418015000043,
                -8.988471984999933
              ],
              [
                13.054306030000077,
                -8.984306334999928
              ],
              [
                13.056805612000062,
                -8.98541641199995
              ],
              [
                13.057638169000029,
                -8.98347186999996
              ]
            ]
          ],
          [
            [
              [
                13.095973016000073,
                -8.97652721399993
              ],
              [
                13.093750955000075,
                -8.982917785999973
              ],
              [
                13.093473435000021,
                -8.975417136999965
              ],
              [
                13.09458255900006,
                -8.97458267199994
              ],
              [
                13.095973016000073,
                -8.97652721399993
              ]
            ]
          ],
          [
            [
              [
                13.161527634000038,
                -8.87097358699998
              ],
              [
                13.157361984000033,
                -8.868748664999941
              ],
              [
                13.15208339700007,
                -8.868748664999941
              ],
              [
                13.149026871000046,
                -8.870693206999931
              ],
              [
                13.147916794000025,
                -8.87486171699993
              ],
              [
                13.141806602000031,
                -8.874305724999942
              ],
              [
                13.140972138000052,
                -8.87819385499995
              ],
              [
                13.143751144000078,
                -8.878749846999938
              ],
              [
                13.141806602000031,
                -8.883749961999968
              ],
              [
                13.14235973500007,
                -8.889026641999976
              ],
              [
                13.131527902000073,
                -8.891529082999966
              ],
              [
                13.120972633000065,
                -8.897083281999926
              ],
              [
                13.120139122000069,
                -8.89958381699995
              ],
              [
                13.113471985000047,
                -8.90625
              ],
              [
                13.112084389000074,
                -8.910971641999936
              ],
              [
                13.104862213000047,
                -8.913750647999962
              ],
              [
                13.104583740000066,
                -8.923473357999967
              ],
              [
                13.10347080200006,
                -8.92486095399994
              ],
              [
                13.094306946000074,
                -8.92597103099996
              ],
              [
                13.094306946000074,
                -8.93041801499993
              ],
              [
                13.091528894000021,
                -8.93208408399994
              ],
              [
                13.086527825000076,
                -8.940138816999934
              ],
              [
                13.082083703000023,
                -8.94208335899998
              ],
              [
                13.080694200000039,
                -8.944305419999978
              ],
              [
                13.073195457000054,
                -8.947083472999964
              ],
              [
                13.069582939000043,
                -8.951249122999968
              ],
              [
                13.064861299000029,
                -8.953749656999946
              ],
              [
                13.05597209900003,
                -8.968194961999927
              ],
              [
                13.047638893000055,
                -8.977083205999975
              ],
              [
                13.048195840000062,
                -8.980139731999941
              ],
              [
                13.050136567000038,
                -8.979026793999935
              ],
              [
                13.050971986000036,
                -8.979862212999933
              ],
              [
                13.049027444000046,
                -8.981249808999962
              ],
              [
                13.039029121000056,
                -8.981528281999942
              ],
              [
                13.03625106800007,
                -8.984862327999963
              ],
              [
                13.033193588000074,
                -8.992916106999928
              ],
              [
                13.03013801700007,
                -8.994860648999975
              ],
              [
                13.024862290000044,
                -9.003748893999955
              ],
              [
                13.031528474000027,
                -8.988471984999933
              ],
              [
                13.048195840000062,
                -8.96041583999994
              ],
              [
                13.059304238000038,
                -8.951805114999956
              ],
              [
                13.06263828300007,
                -8.945694922999962
              ],
              [
                13.079305649000048,
                -8.933750152999949
              ],
              [
                13.084859849000054,
                -8.925140380999949
              ],
              [
                13.094026566000025,
                -8.919860839999956
              ],
              [
                13.102361679000069,
                -8.90486240399997
              ],
              [
                13.115415573000064,
                -8.896804809999935
              ],
              [
                13.12652683400006,
                -8.887083053999959
              ],
              [
                13.129027367000049,
                -8.879305839999972
              ],
              [
                13.138194084000077,
                -8.872915267999929
              ],
              [
                13.14124965800005,
                -8.866526603999944
              ],
              [
                13.14875126000004,
                -8.863195418999965
              ],
              [
                13.152916909000055,
                -8.862916945999928
              ],
              [
                13.155418396000073,
                -8.86541652699998
              ],
              [
                13.154582977000075,
                -8.867917060999957
              ],
              [
                13.162362100000053,
                -8.868194579999965
              ],
              [
                13.163472176000028,
                -8.870139121999955
              ],
              [
                13.161527634000038,
                -8.87097358699998
              ]
            ]
          ],
          [
            [
              [
                12.842213317000073,
                -4.414633225999978
              ],
              [
                12.844097850000026,
                -4.415546938999967
              ],
              [
                12.84539430700005,
                -4.421308984999939
              ],
              [
                12.853092718000028,
                -4.429767399999946
              ],
              [
                12.863853770000048,
                -4.436526902999958
              ],
              [
                12.871940276000032,
                -4.445811043999925
              ],
              [
                12.87569402400004,
                -4.444910009999944
              ],
              [
                12.877277010000057,
                -4.44885278199996
              ],
              [
                12.887776963000022,
                -4.456432115999974
              ],
              [
                12.898800595000068,
                -4.46981950199995
              ],
              [
                12.906570773000055,
                -4.473623834999955
              ],
              [
                12.908299301000056,
                -4.47911497299998
              ],
              [
                12.915283260000024,
                -4.480712552999933
              ],
              [
                12.914787108000041,
                -4.484930573999975
              ],
              [
                12.91744974200003,
                -4.48631426999998
              ],
              [
                12.917838226000072,
                -4.488575327999968
              ],
              [
                12.922233755000036,
                -4.490661784999929
              ],
              [
                12.925935253000034,
                -4.49705647299993
              ],
              [
                12.930095074000064,
                -4.496205303999943
              ],
              [
                12.934752502000038,
                -4.500474248999978
              ],
              [
                12.938676615000077,
                -4.501761914999975
              ],
              [
                12.959139615000026,
                -4.527231540999935
              ],
              [
                12.970715527000038,
                -4.535236905999966
              ],
              [
                12.972238903000061,
                -4.54039193899996
              ],
              [
                12.977773690000049,
                -4.545319996999979
              ],
              [
                12.981099801000028,
                -4.55439477799996
              ],
              [
                13.000140121000072,
                -4.577358984999933
              ],
              [
                13.007402096000021,
                -4.59021755699996
              ],
              [
                13.019488161000027,
                -4.600519487999975
              ],
              [
                13.02192455900007,
                -4.605564940999955
              ],
              [
                13.031169662000025,
                -4.615129582999941
              ],
              [
                13.032603721000044,
                -4.620304426999951
              ],
              [
                13.035336716000074,
                -4.62254791099997
              ],
              [
                13.039190733000055,
                -4.622297560999925
              ],
              [
                13.057622201000072,
                -4.638661401999968
              ],
              [
                13.059735844000045,
                -4.643829954999944
              ],
              [
                13.054703587000063,
                -4.645285828999931
              ],
              [
                13.056377,
                -4.647239
              ],
              [
                13.066350572000033,
                -4.652217051999969
              ],
              [
                13.067395004000048,
                -4.655033850999928
              ],
              [
                13.075560555000038,
                -4.660445901999935
              ],
              [
                13.080086422000022,
                -4.661806826999964
              ],
              [
                13.084750436000036,
                -4.666029367999954
              ],
              [
                13.086769659000026,
                -4.670368789999941
              ],
              [
                13.092752416000053,
                -4.672643120999965
              ],
              [
                13.096250559000055,
                -4.678540769999927
              ],
              [
                13.099088124000048,
                -4.67942564699996
              ],
              [
                13.102718435000043,
                -4.683993673999964
              ],
              [
                13.097085,
                -4.691584
              ],
              [
                13.093248001000063,
                -4.690936
              ],
              [
                13.089564001000042,
                -4.685973
              ],
              [
                13.086852001000068,
                -4.687047000999939
              ],
              [
                13.081207,
                -4.686485000999937
              ],
              [
                13.079672001000063,
                -4.689691
              ],
              [
                13.072116,
                -4.686792
              ],
              [
                13.069916,
                -4.684097
              ],
              [
                13.065123,
                -4.684267
              ],
              [
                13.059853,
                -4.681845000999942
              ],
              [
                13.058113,
                -4.67887800099993
              ],
              [
                13.051325,
                -4.674784000999978
              ],
              [
                13.047777,
                -4.677735
              ],
              [
                13.04798500100003,
                -4.682748
              ],
              [
                13.045799001000034,
                -4.683432
              ],
              [
                13.046379,
                -4.686092000999963
              ],
              [
                13.040653001000067,
                -4.689325
              ],
              [
                13.041401,
                -4.692726000999926
              ],
              [
                13.039451,
                -4.692967
              ],
              [
                13.038182,
                -4.695204
              ],
              [
                13.038749,
                -4.697849
              ],
              [
                13.034571001000074,
                -4.700007
              ],
              [
                13.032068,
                -4.70521
              ],
              [
                13.033324,
                -4.707840000999965
              ],
              [
                13.032638001000066,
                -4.712836
              ],
              [
                13.029954,
                -4.71541
              ],
              [
                13.026349,
                -4.714624000999947
              ],
              [
                13.023751,
                -4.711326
              ],
              [
                13.021637001000045,
                -4.711982
              ],
              [
                13.01385,
                -4.709627
              ],
              [
                13.009188,
                -4.706129
              ],
              [
                13.007861,
                -4.701939
              ],
              [
                13.00407000100006,
                -4.706443
              ],
              [
                13.000786,
                -4.703652
              ],
              [
                12.997909,
                -4.705886000999953
              ],
              [
                12.982428,
                -4.705112
              ],
              [
                12.979955,
                -4.705870000999937
              ],
              [
                12.9741,
                -4.711716
              ],
              [
                12.970748,
                -4.718257
              ],
              [
                12.964333,
                -4.715062
              ],
              [
                12.962855,
                -4.718123
              ],
              [
                12.958534001000032,
                -4.719042
              ],
              [
                12.958972,
                -4.721916000999954
              ],
              [
                12.952847,
                -4.724948
              ],
              [
                12.943748001000074,
                -4.720879
              ],
              [
                12.94352,
                -4.723154
              ],
              [
                12.945871001000057,
                -4.724543
              ],
              [
                12.941231001000062,
                -4.725538
              ],
              [
                12.935083,
                -4.731319000999974
              ],
              [
                12.931729,
                -4.736479
              ],
              [
                12.933912,
                -4.73724
              ],
              [
                12.930236001000026,
                -4.740825
              ],
              [
                12.93019,
                -4.736388000999966
              ],
              [
                12.92878,
                -4.735885
              ],
              [
                12.92845600100003,
                -4.740587
              ],
              [
                12.925068001000056,
                -4.741882
              ],
              [
                12.922775,
                -4.747735
              ],
              [
                12.919272001000024,
                -4.747545000999935
              ],
              [
                12.919291001000033,
                -4.74566
              ],
              [
                12.917416,
                -4.74555
              ],
              [
                12.916949,
                -4.743281
              ],
              [
                12.913028,
                -4.745822
              ],
              [
                12.910467,
                -4.741768
              ],
              [
                12.911036,
                -4.738217
              ],
              [
                12.908869,
                -4.738018
              ],
              [
                12.906594,
                -4.735614
              ],
              [
                12.901214001000028,
                -4.738333
              ],
              [
                12.896151,
                -4.735058
              ],
              [
                12.890958001000058,
                -4.740046
              ],
              [
                12.88245,
                -4.741997
              ],
              [
                12.881527,
                -4.746077
              ],
              [
                12.876323,
                -4.745429
              ],
              [
                12.870614,
                -4.749566
              ],
              [
                12.870196,
                -4.751743
              ],
              [
                12.872294001000057,
                -4.752914
              ],
              [
                12.87387700100004,
                -4.75142
              ],
              [
                12.876048,
                -4.753871
              ],
              [
                12.873392,
                -4.756312
              ],
              [
                12.874651001000075,
                -4.760502
              ],
              [
                12.873893001000056,
                -4.763153
              ],
              [
                12.870594,
                -4.761533
              ],
              [
                12.868666001000065,
                -4.764222
              ],
              [
                12.866177,
                -4.763338000999966
              ],
              [
                12.864452001000075,
                -4.758754
              ],
              [
                12.860626,
                -4.758787
              ],
              [
                12.859229001000074,
                -4.752223000999948
              ],
              [
                12.853685,
                -4.750382
              ],
              [
                12.851037001000066,
                -4.752645
              ],
              [
                12.853215,
                -4.753827
              ],
              [
                12.853668001000074,
                -4.758063
              ],
              [
                12.844788,
                -4.763226
              ],
              [
                12.845266001000027,
                -4.765237
              ],
              [
                12.848888,
                -4.763286
              ],
              [
                12.851222,
                -4.765258
              ],
              [
                12.850751,
                -4.766829000999962
              ],
              [
                12.847413001000064,
                -4.766431
              ],
              [
                12.848003,
                -4.769108
              ],
              [
                12.845993,
                -4.771054
              ],
              [
                12.845421001000034,
                -4.778539
              ],
              [
                12.840575,
                -4.77363
              ],
              [
                12.836199001000068,
                -4.772814
              ],
              [
                12.833981,
                -4.778912
              ],
              [
                12.83088,
                -4.781475000999933
              ],
              [
                12.82837,
                -4.781676
              ],
              [
                12.828320001000066,
                -4.788236
              ],
              [
                12.83229,
                -4.792476000999955
              ],
              [
                12.827438001000075,
                -4.796761
              ],
              [
                12.827482001000021,
                -4.805114000999936
              ],
              [
                12.823896,
                -4.805755000999966
              ],
              [
                12.821959001000039,
                -4.811816
              ],
              [
                12.818947,
                -4.814601
              ],
              [
                12.820368,
                -4.81745
              ],
              [
                12.818398,
                -4.819844
              ],
              [
                12.815516,
                -4.822593
              ],
              [
                12.808465001000059,
                -4.825418
              ],
              [
                12.805551,
                -4.836786
              ],
              [
                12.807066,
                -4.837283
              ],
              [
                12.81127500100007,
                -4.833536
              ],
              [
                12.814883001000055,
                -4.837503000999959
              ],
              [
                12.815866,
                -4.839365
              ],
              [
                12.814235001000043,
                -4.841620000999967
              ],
              [
                12.809406,
                -4.842425
              ],
              [
                12.812516,
                -4.845209000999944
              ],
              [
                12.81275,
                -4.847155
              ],
              [
                12.806186001000071,
                -4.846089
              ],
              [
                12.80731200100007,
                -4.848252000999935
              ],
              [
                12.80524900100005,
                -4.850491000999966
              ],
              [
                12.796355001000052,
                -4.849676000999978
              ],
              [
                12.795715001000076,
                -4.8538
              ],
              [
                12.792682,
                -4.855321
              ],
              [
                12.793272001000048,
                -4.863043
              ],
              [
                12.79124500100005,
                -4.866261
              ],
              [
                12.787482001000058,
                -4.868477
              ],
              [
                12.786136001000045,
                -4.875092
              ],
              [
                12.780972001000066,
                -4.873477
              ],
              [
                12.778721,
                -4.874631
              ],
              [
                12.777063,
                -4.870807
              ],
              [
                12.771751,
                -4.874671
              ],
              [
                12.76942,
                -4.870634
              ],
              [
                12.76825,
                -4.871407
              ],
              [
                12.768408001000068,
                -4.875831
              ],
              [
                12.765914001000056,
                -4.876659
              ],
              [
                12.762662,
                -4.874086
              ],
              [
                12.762135,
                -4.869473
              ],
              [
                12.760450001000038,
                -4.869244
              ],
              [
                12.76002,
                -4.874571
              ],
              [
                12.750266,
                -4.882455000999926
              ],
              [
                12.752642,
                -4.888628
              ],
              [
                12.749418001000038,
                -4.887502
              ],
              [
                12.738725001000034,
                -4.895004
              ],
              [
                12.738626,
                -4.899462000999961
              ],
              [
                12.734893,
                -4.901603
              ],
              [
                12.732652,
                -4.906718000999945
              ],
              [
                12.728256001000034,
                -4.911115
              ],
              [
                12.728159001000051,
                -4.916772
              ],
              [
                12.731413001000021,
                -4.922035
              ],
              [
                12.728817,
                -4.928188000999967
              ],
              [
                12.728075,
                -4.93504
              ],
              [
                12.724089,
                -4.936602
              ],
              [
                12.725641001000042,
                -4.942895
              ],
              [
                12.720394001000045,
                -4.950553000999946
              ],
              [
                12.71292,
                -4.950705
              ],
              [
                12.712673001000041,
                -4.955754
              ],
              [
                12.70877,
                -4.955854
              ],
              [
                12.703160001000072,
                -4.949668
              ],
              [
                12.700281,
                -4.952175000999944
              ],
              [
                12.697758001000068,
                -4.951871
              ],
              [
                12.696241,
                -4.953237
              ],
              [
                12.693950001000076,
                -4.953608
              ],
              [
                12.691705,
                -4.951889
              ],
              [
                12.687774001000037,
                -4.952789
              ],
              [
                12.684567,
                -4.954365
              ],
              [
                12.683391,
                -4.957698
              ],
              [
                12.680736,
                -4.959766
              ],
              [
                12.674271,
                -4.956729
              ],
              [
                12.669048001000021,
                -4.96043
              ],
              [
                12.664428001000033,
                -4.954503
              ],
              [
                12.662224001000027,
                -4.954175
              ],
              [
                12.66113000100006,
                -4.948842
              ],
              [
                12.653878001000066,
                -4.947546
              ],
              [
                12.651211,
                -4.945526000999962
              ],
              [
                12.647111001000042,
                -4.944745000999944
              ],
              [
                12.646251001000053,
                -4.946362000999954
              ],
              [
                12.63891,
                -4.948291000999973
              ],
              [
                12.637995,
                -4.950908000999959
              ],
              [
                12.634547001000044,
                -4.95293400099996
              ],
              [
                12.63204,
                -4.952979
              ],
              [
                12.632034001000022,
                -4.95031
              ],
              [
                12.626954,
                -4.948907
              ],
              [
                12.623334001000046,
                -4.956267000999958
              ],
              [
                12.622727,
                -4.960640000999945
              ],
              [
                12.626808001000029,
                -4.964138
              ],
              [
                12.627803001000075,
                -4.974384000999976
              ],
              [
                12.625229001000037,
                -4.977961
              ],
              [
                12.626103001000047,
                -4.980269
              ],
              [
                12.62423300100005,
                -4.9835
              ],
              [
                12.625836001000039,
                -4.985006
              ],
              [
                12.621415,
                -4.988747
              ],
              [
                12.619626,
                -4.995251000999929
              ],
              [
                12.617319,
                -4.997464
              ],
              [
                12.617985,
                -5.00039
              ],
              [
                12.614868,
                -4.99951
              ],
              [
                12.615892,
                -5.006811
              ],
              [
                12.61356500100004,
                -5.005612
              ],
              [
                12.611019,
                -5.007158
              ],
              [
                12.610840001000042,
                -5.008985
              ],
              [
                12.607846,
                -5.009984
              ],
              [
                12.609663001000058,
                -5.013267
              ],
              [
                12.607331,
                -5.016652
              ],
              [
                12.608437001000027,
                -5.018355
              ],
              [
                12.604956,
                -5.018172
              ],
              [
                12.605607001000067,
                -5.021746
              ],
              [
                12.608473,
                -5.024107
              ],
              [
                12.6047,
                -5.026415000999975
              ],
              [
                12.602098001000059,
                -5.025170000999935
              ],
              [
                12.599310001000049,
                -5.025877
              ],
              [
                12.592939,
                -5.021433
              ],
              [
                12.588231001000054,
                -5.029201
              ],
              [
                12.585137001000021,
                -5.030331
              ],
              [
                12.584899001000053,
                -5.028933000999928
              ],
              [
                12.586922,
                -5.02816
              ],
              [
                12.587606,
                -5.022985000999938
              ],
              [
                12.585019001000035,
                -5.022806
              ],
              [
                12.584661,
                -5.027773
              ],
              [
                12.582163,
                -5.027298
              ],
              [
                12.581509001000029,
                -5.03048
              ],
              [
                12.579308,
                -5.029320000999974
              ],
              [
                12.577702001000034,
                -5.032859
              ],
              [
                12.576185001000056,
                -5.032146
              ],
              [
                12.575739,
                -5.028487
              ],
              [
                12.574727,
                -5.030599
              ],
              [
                12.57306200100004,
                -5.028695
              ],
              [
                12.572734001000072,
                -5.031283
              ],
              [
                12.569671001000074,
                -5.033127000999968
              ],
              [
                12.569879,
                -5.03515
              ],
              [
                12.566132,
                -5.035507000999928
              ],
              [
                12.565774,
                -5.036786
              ],
              [
                12.568154,
                -5.038303
              ],
              [
                12.566072,
                -5.041485
              ],
              [
                12.566641,
                -5.042897000999972
              ],
              [
                12.56509,
                -5.042883
              ],
              [
                12.564533,
                -5.047713000999977
              ],
              [
                12.561633001000075,
                -5.042972000999953
              ],
              [
                12.561219,
                -5.045205
              ],
              [
                12.560183,
                -5.044698
              ],
              [
                12.55867100100005,
                -5.037879
              ],
              [
                12.556961,
                -5.036919
              ],
              [
                12.554475001000071,
                -5.038806
              ],
              [
                12.553324001000021,
                -5.037425
              ],
              [
                12.553071001000035,
                -5.040671000999964
              ],
              [
                12.549734,
                -5.040233
              ],
              [
                12.547064001000024,
                -5.041752
              ],
              [
                12.549292001000026,
                -5.042541
              ],
              [
                12.549342,
                -5.044054
              ],
              [
                12.547547,
                -5.043985000999953
              ],
              [
                12.546488,
                -5.046309000999941
              ],
              [
                12.544118001000072,
                -5.045619
              ],
              [
                12.544302,
                -5.047552
              ],
              [
                12.546624,
                -5.047770000999947
              ],
              [
                12.544785001000037,
                -5.048956
              ],
              [
                12.54612,
                -5.049256
              ],
              [
                12.545452,
                -5.051695
              ],
              [
                12.542576,
                -5.052984
              ],
              [
                12.541839001000028,
                -5.055125000999965
              ],
              [
                12.541080001000068,
                -5.052271
              ],
              [
                12.537972,
                -5.05425
              ],
              [
                12.538272001000053,
                -5.051718
              ],
              [
                12.53214900100005,
                -5.052386
              ],
              [
                12.531597,
                -5.054135
              ],
              [
                12.533507,
                -5.055907
              ],
              [
                12.530009,
                -5.058968
              ],
              [
                12.528444001000025,
                -5.057587
              ],
              [
                12.529525,
                -5.056897000999925
              ],
              [
                12.529295,
                -5.051488
              ],
              [
                12.527937001000055,
                -5.053559
              ],
              [
                12.52506,
                -5.054273
              ],
              [
                12.524646,
                -5.051488
              ],
              [
                12.526556,
                -5.051028000999963
              ],
              [
                12.525912,
                -5.047368
              ],
              [
                12.522344,
                -5.050130000999957
              ],
              [
                12.522091,
                -5.046816000999968
              ],
              [
                12.517051001000027,
                -5.048933
              ],
              [
                12.516176001000076,
                -5.048243
              ],
              [
                12.517925,
                -5.046402
              ],
              [
                12.517534,
                -5.044629000999976
              ],
              [
                12.514887001000034,
                -5.046678000999975
              ],
              [
                12.512747001000037,
                -5.046448
              ],
              [
                12.509640001000037,
                -5.050222
              ],
              [
                12.507890001000021,
                -5.048174
              ],
              [
                12.505842001000076,
                -5.050406000999942
              ],
              [
                12.503057,
                -5.047529
              ],
              [
                12.502369001000034,
                -5.050926
              ],
              [
                12.501538,
                -5.049071
              ],
              [
                12.50064,
                -5.05
              ],
              [
                12.501561,
                -5.052501
              ],
              [
                12.500134,
                -5.055447
              ],
              [
                12.501423,
                -5.056943
              ],
              [
                12.497533001000022,
                -5.059567000999948
              ],
              [
                12.497349,
                -5.061914
              ],
              [
                12.498799001000066,
                -5.063088
              ],
              [
                12.49629,
                -5.065367
              ],
              [
                12.490490001000069,
                -5.06539
              ],
              [
                12.490674,
                -5.066794
              ],
              [
                12.493758,
                -5.068428
              ],
              [
                12.49115800100003,
                -5.068957
              ],
              [
                12.488534,
                -5.067231000999925
              ],
              [
                12.484759001000043,
                -5.067047
              ],
              [
                12.486186,
                -5.06898
              ],
              [
                12.48501200100003,
                -5.071811
              ],
              [
                12.481007,
                -5.071029
              ],
              [
                12.478775001000031,
                -5.07399800099995
              ],
              [
                12.477178,
                -5.072076
              ],
              [
                12.476049,
                -5.075796000999958
              ],
              [
                12.463884,
                -5.080427
              ],
              [
                12.465800001000048,
                -5.082496
              ],
              [
                12.470298,
                -5.083179
              ],
              [
                12.468059,
                -5.086425000999952
              ],
              [
                12.471391,
                -5.089522000999978
              ],
              [
                12.462482,
                -5.093381
              ],
              [
                12.465626001000032,
                -5.096661000999973
              ],
              [
                12.46146,
                -5.100644
              ],
              [
                12.463469,
                -5.103164
              ],
              [
                12.472867,
                -5.105286
              ],
              [
                12.476828,
                -5.108941
              ],
              [
                12.473922,
                -5.112334
              ],
              [
                12.473911,
                -5.116602
              ],
              [
                12.470131001000027,
                -5.118962
              ],
              [
                12.470483001000048,
                -5.120687000999965
              ],
              [
                12.47239,
                -5.121686
              ],
              [
                12.479371,
                -5.118658000999972
              ],
              [
                12.481936,
                -5.123277
              ],
              [
                12.485862,
                -5.12524
              ],
              [
                12.487736,
                -5.129621000999975
              ],
              [
                12.491384,
                -5.13103
              ],
              [
                12.490826001000073,
                -5.133055
              ],
              [
                12.492703,
                -5.133545
              ],
              [
                12.493085001000054,
                -5.139801000999967
              ],
              [
                12.498069,
                -5.137375
              ],
              [
                12.497405,
                -5.141619
              ],
              [
                12.499261,
                -5.138650000999974
              ],
              [
                12.501426,
                -5.142647000999943
              ],
              [
                12.505809,
                -5.137403000999939
              ],
              [
                12.50977800100003,
                -5.135576
              ],
              [
                12.51346200100005,
                -5.136984
              ],
              [
                12.513924,
                -5.133205000999965
              ],
              [
                12.518016,
                -5.130459000999963
              ],
              [
                12.521469,
                -5.136073000999943
              ],
              [
                12.525296,
                -5.137919
              ],
              [
                12.524939,
                -5.139704000999927
              ],
              [
                12.523333001000026,
                -5.139317
              ],
              [
                12.52137,
                -5.141102
              ],
              [
                12.521697001000064,
                -5.144433
              ],
              [
                12.523720001000072,
                -5.145623
              ],
              [
                12.526932,
                -5.144939
              ],
              [
                12.527319,
                -5.141251
              ],
              [
                12.529698,
                -5.141905000999941
              ],
              [
                12.530471001000024,
                -5.143645
              ],
              [
                12.53251,
                -5.142347
              ],
              [
                12.533118,
                -5.14482
              ],
              [
                12.530781001000037,
                -5.148583
              ],
              [
                12.529914,
                -5.15814
              ],
              [
                12.532353,
                -5.162716000999978
              ],
              [
                12.531082,
                -5.161867
              ],
              [
                12.531415,
                -5.164007
              ],
              [
                12.528496,
                -5.166032
              ],
              [
                12.529387,
                -5.168958
              ],
              [
                12.527423,
                -5.170913
              ],
              [
                12.530876,
                -5.172891000999925
              ],
              [
                12.527542001000029,
                -5.173424
              ],
              [
                12.528415,
                -5.742117
              ],
              [
                12.284642,
                -5.741931000999955
              ],
              [
                12.28239300100006,
                -5.742899
              ],
              [
                12.278735,
                -5.741918
              ],
              [
                12.261008,
                -5.745874
              ],
              [
                12.253542,
                -5.751763
              ],
              [
                12.251341001000071,
                -5.750543
              ],
              [
                12.244328,
                -5.750556
              ],
              [
                12.240515,
                -5.754113
              ],
              [
                12.234883001000071,
                -5.751822
              ],
              [
                12.231978001000073,
                -5.753007000999958
              ],
              [
                12.219062,
                -5.752477
              ],
              [
                12.214656,
                -5.754691
              ],
              [
                12.212677,
                -5.758498
              ],
              [
                12.211899,
                -5.765102
              ],
              [
                12.203963,
                -5.770814000999962
              ],
              [
                12.202056,
                -5.774194
              ],
              [
                12.195693971000026,
                -5.763194083999963
              ],
              [
                12.17708301500005,
                -5.740139007999971
              ],
              [
                12.172637940000072,
                -5.732637881999949
              ],
              [
                12.169584275000034,
                -5.726250171999936
              ],
              [
                12.168472291000057,
                -5.719861030999937
              ],
              [
                12.161249162000047,
                -5.707084178999935
              ],
              [
                12.161249162000047,
                -5.705138205999958
              ],
              [
                12.163472176000028,
                -5.704028129999926
              ],
              [
                12.159583092000048,
                -5.703194140999926
              ],
              [
                12.154305459000057,
                -5.691526889999977
              ],
              [
                12.152916908000066,
                -5.667638778999958
              ],
              [
                12.145693779000055,
                -5.650971888999948
              ],
              [
                12.145693779000055,
                -5.639027118999934
              ],
              [
                12.147359849000054,
                -5.633194922999962
              ],
              [
                12.156249046000028,
                -5.620416163999948
              ],
              [
                12.15708255900006,
                -5.615971087999981
              ],
              [
                12.161526680000065,
                -5.609026908999965
              ],
              [
                12.161806107000075,
                -5.592639922999979
              ],
              [
                12.168472291000057,
                -5.580973147999941
              ],
              [
                12.169028282000056,
                -5.572083949999978
              ],
              [
                12.171527863000051,
                -5.567917823999949
              ],
              [
                12.17708301500005,
                -5.563192843999957
              ],
              [
                12.182360650000021,
                -5.550137996999979
              ],
              [
                12.183472634000054,
                -5.549028872999941
              ],
              [
                12.186248780000028,
                -5.55069494199995
              ],
              [
                12.193750382000076,
                -5.549860000999956
              ],
              [
                12.201251031000027,
                -5.555417060999957
              ],
              [
                12.210970879000058,
                -5.557917117999978
              ],
              [
                12.220417977000068,
                -5.555139064999935
              ],
              [
                12.224306107000075,
                -5.552083014999937
              ],
              [
                12.229584694000039,
                -5.544583796999973
              ],
              [
                12.232916833000047,
                -5.530694961999927
              ],
              [
                12.232916833000047,
                -5.517362117999937
              ],
              [
                12.229861259000074,
                -5.494306086999927
              ],
              [
                12.222915649000072,
                -5.464305877999948
              ],
              [
                12.215970994000031,
                -5.448194980999972
              ],
              [
                12.205416680000042,
                -5.41263818699997
              ],
              [
                12.19708442800004,
                -5.396248816999957
              ],
              [
                12.188193322000075,
                -5.373192786999937
              ],
              [
                12.180417061000071,
                -5.35930585899996
              ],
              [
                12.17680454400005,
                -5.347361087999957
              ],
              [
                12.167637825000043,
                -5.33041620299997
              ],
              [
                12.168749810000065,
                -5.329306125999949
              ],
              [
                12.171250343000054,
                -5.330972194999958
              ],
              [
                12.174306870000066,
                -5.330694198999936
              ],
              [
                12.178473473000054,
                -5.326250075999951
              ],
              [
                12.178473473000054,
                -5.314860820999968
              ],
              [
                12.173749924000049,
                -5.307638167999926
              ],
              [
                12.173749924000049,
                -5.303472041999953
              ],
              [
                12.165694237000025,
                -5.288473128999954
              ],
              [
                12.149304391000044,
                -5.265971183999966
              ],
              [
                12.143194200000039,
                -5.255138873999954
              ],
              [
                12.132361412000023,
                -5.242362021999952
              ],
              [
                12.13402652700006,
                -5.236248969999963
              ],
              [
                12.133470536000061,
                -5.232916831999944
              ],
              [
                12.13624954200003,
                -5.229860782999936
              ],
              [
                12.135972023000022,
                -5.225972175999971
              ],
              [
                12.14152813000004,
                -5.220972060999941
              ],
              [
                12.141805649000048,
                -5.217361926999956
              ],
              [
                12.13458442800004,
                -5.206527232999974
              ],
              [
                12.135692597000059,
                -5.204583167999942
              ],
              [
                12.131526948000044,
                -5.201529025999946
              ],
              [
                12.132082939000043,
                -5.196527957999933
              ],
              [
                12.12569522900003,
                -5.18902778599994
              ],
              [
                12.128748894000069,
                -5.189583777999928
              ],
              [
                12.132917405000057,
                -5.194305896999936
              ],
              [
                12.139306068000053,
                -5.190417766999929
              ],
              [
                12.13986206100003,
                -5.192637919999925
              ],
              [
                12.138750077000054,
                -5.193749904999947
              ],
              [
                12.132917405000057,
                -5.195415973999957
              ],
              [
                12.133193016000064,
                -5.199028014999953
              ],
              [
                12.135692597000059,
                -5.198750018999931
              ],
              [
                12.136528016000057,
                -5.196527957999933
              ],
              [
                12.139027597000052,
                -5.196527957999933
              ],
              [
                12.138471603000028,
                -5.195137977999934
              ],
              [
                12.140972138000052,
                -5.193193912999959
              ],
              [
                12.147359849000054,
                -5.190971850999972
              ],
              [
                12.143194200000039,
                -5.187362193999945
              ],
              [
                12.142640115000063,
                -5.18458318699993
              ],
              [
                12.139027597000052,
                -5.183195113999943
              ],
              [
                12.13624954200003,
                -5.179305076999981
              ],
              [
                12.136805535000065,
                -5.177361011999949
              ],
              [
                12.139306068000053,
                -5.177361011999949
              ],
              [
                12.137084007000055,
                -5.176250934999928
              ],
              [
                12.13624954200003,
                -5.173193931999947
              ],
              [
                12.138194084000077,
                -5.173472880999952
              ],
              [
                12.13986206100003,
                -5.171249865999926
              ],
              [
                12.137361526000063,
                -5.17180585899996
              ],
              [
                12.13624954200003,
                -5.170137881999949
              ],
              [
                12.135417938000046,
                -5.173750876999975
              ],
              [
                12.133470536000061,
                -5.174304007999979
              ],
              [
                12.132638932000077,
                -5.171249865999926
              ],
              [
                12.129304887000046,
                -5.172081946999981
              ],
              [
                12.126251222000064,
                -5.16930580099995
              ],
              [
                12.127082826000048,
                -5.167915820999951
              ],
              [
                12.130970955000066,
                -5.167637824999929
              ],
              [
                12.128748894000069,
                -5.16486215599997
              ],
              [
                12.125970841000026,
                -5.165137767999965
              ],
              [
                12.125970841000026,
                -5.161250113999927
              ],
              [
                12.125139237000042,
                -5.162916182999936
              ],
              [
                12.118749619000027,
                -5.163194179999948
              ],
              [
                12.116806031000067,
                -5.164584159999947
              ],
              [
                12.11652755700004,
                -5.162640094999972
              ],
              [
                12.11847209900003,
                -5.161806106999961
              ],
              [
                12.117916108000031,
                -5.158471106999968
              ],
              [
                12.115971566000042,
                -5.159583091999934
              ],
              [
                12.11652755700004,
                -5.156805037999959
              ],
              [
                12.11291790100006,
                -5.15874910399998
              ],
              [
                12.109862328000077,
                -5.156527041999937
              ],
              [
                12.109583856000029,
                -5.162084102999927
              ],
              [
                12.107361795000031,
                -5.163194179999948
              ],
              [
                12.107361795000031,
                -5.164584159999947
              ],
              [
                12.114027977000035,
                -5.16847181299994
              ],
              [
                12.11263847400005,
                -5.17180585899996
              ],
              [
                12.117083550000075,
                -5.16930580099995
              ],
              [
                12.11958217700004,
                -5.170693873999937
              ],
              [
                12.12013816800004,
                -5.175416945999928
              ],
              [
                12.11819362600005,
                -5.177639007999971
              ],
              [
                12.118749619000027,
                -5.181805133999944
              ],
              [
                12.12375068700004,
                -5.187918185999933
              ],
              [
                12.125416757000039,
                -5.192637919999925
              ],
              [
                12.12851047600003,
                -5.195106029999977
              ],
              [
                12.129583359000037,
                -5.198472022999965
              ],
              [
                12.128473283000062,
                -5.198472022999965
              ],
              [
                12.111249925000038,
                -5.171527862999937
              ],
              [
                12.083749772000033,
                -5.135139941999967
              ],
              [
                12.064027787000043,
                -5.104304789999958
              ],
              [
                12.015970070000037,
                -5.04097053299995
              ],
              [
                12.016791793000039,
                -5.038864147999959
              ],
              [
                12.013805819000027,
                -5.032892199999935
              ],
              [
                12.08852797700007,
                -4.959547347999944
              ],
              [
                12.166209632000061,
                -4.896200681999971
              ],
              [
                12.19759336900006,
                -4.790754325999956
              ],
              [
                12.201156550000064,
                -4.791450578999957
              ],
              [
                12.199784521000026,
                -4.795023998999966
              ],
              [
                12.205932184000062,
                -4.793877312999939
              ],
              [
                12.208103607000055,
                -4.795980695999958
              ],
              [
                12.208458450000023,
                -4.803324951999969
              ],
              [
                12.217321168000069,
                -4.804750112999955
              ],
              [
                12.22513278200006,
                -4.800857364999956
              ],
              [
                12.233030019000068,
                -4.799146296999936
              ],
              [
                12.235008963000041,
                -4.795970481999973
              ],
              [
                12.23815490100003,
                -4.79813248499994
              ],
              [
                12.242893997000067,
                -4.798188833999973
              ],
              [
                12.243879932000027,
                -4.800447859999963
              ],
              [
                12.235393737000038,
                -4.803753830999938
              ],
              [
                12.23799686500007,
                -4.806252832999974
              ],
              [
                12.238309240000035,
                -4.809532771999955
              ],
              [
                12.241248365000047,
                -4.814448367999944
              ],
              [
                12.24924668500006,
                -4.810994434999941
              ],
              [
                12.25499934800007,
                -4.804285921999963
              ],
              [
                12.257877863000033,
                -4.803749982999932
              ],
              [
                12.263588887000026,
                -4.797539333999964
              ],
              [
                12.270512902000064,
                -4.797226575999957
              ],
              [
                12.273166359000072,
                -4.79524116999994
              ],
              [
                12.276447158000053,
                -4.800982996999949
              ],
              [
                12.28115383200003,
                -4.804623991999961
              ],
              [
                12.285188756000025,
                -4.802227030999973
              ],
              [
                12.28553114600004,
                -4.80005977999997
              ],
              [
                12.291720998000073,
                -4.798123614999952
              ],
              [
                12.295303081000043,
                -4.794329059999939
              ],
              [
                12.29811978400005,
                -4.793965042999957
              ],
              [
                12.306060469000045,
                -4.799301081999943
              ],
              [
                12.301978364000036,
                -4.804221506999966
              ],
              [
                12.301702935000037,
                -4.806749606999972
              ],
              [
                12.31743854900003,
                -4.800750361999974
              ],
              [
                12.322870384000055,
                -4.797071151999944
              ],
              [
                12.328137656000024,
                -4.79087022799996
              ],
              [
                12.331338325000047,
                -4.790459732999977
              ],
              [
                12.332385384000077,
                -4.784470872999975
              ],
              [
                12.337202983000054,
                -4.781773283999939
              ],
              [
                12.337329921000048,
                -4.778024935999952
              ],
              [
                12.338950221000061,
                -4.777845731999946
              ],
              [
                12.337623202000032,
                -4.768903103999946
              ],
              [
                12.339730416000066,
                -4.766407243999936
              ],
              [
                12.343161114000054,
                -4.765384426999958
              ],
              [
                12.343293198000026,
                -4.763324677999947
              ],
              [
                12.348983134000036,
                -4.760963265999976
              ],
              [
                12.351072415000033,
                -4.756656776999932
              ],
              [
                12.359102092000057,
                -4.74854892899998
              ],
              [
                12.359962544000041,
                -4.744432698999958
              ],
              [
                12.363659925000036,
                -4.739238729999954
              ],
              [
                12.370644927000058,
                -4.735849972999972
              ],
              [
                12.372804058000042,
                -4.725761304999935
              ],
              [
                12.370865250000065,
                -4.723826578999933
              ],
              [
                12.372795894000035,
                -4.720867346999967
              ],
              [
                12.370950966000066,
                -4.718336692999969
              ],
              [
                12.373632642000075,
                -4.714695817999939
              ],
              [
                12.372695552000039,
                -4.709291827999948
              ],
              [
                12.373822411000049,
                -4.704528995999965
              ],
              [
                12.376992484000027,
                -4.702376867999931
              ],
              [
                12.380943889000037,
                -4.703776693999941
              ],
              [
                12.381808449000062,
                -4.701301375999947
              ],
              [
                12.38704669200007,
                -4.696572149999952
              ],
              [
                12.382521071000042,
                -4.691324652999981
              ],
              [
                12.38556047700007,
                -4.68559103399997
              ],
              [
                12.384178792000057,
                -4.680199885999969
              ],
              [
                12.390748630000076,
                -4.675026870999943
              ],
              [
                12.39259959800006,
                -4.671417480999935
              ],
              [
                12.395450090000054,
                -4.67153779399996
              ],
              [
                12.396560673000067,
                -4.669899685999951
              ],
              [
                12.395607424000048,
                -4.668076481999947
              ],
              [
                12.398902149000037,
                -4.665966376999961
              ],
              [
                12.395005857000058,
                -4.656905882999979
              ],
              [
                12.398624503000065,
                -4.649964748999935
              ],
              [
                12.397310314000038,
                -4.647965702999954
              ],
              [
                12.398032192000073,
                -4.644430351999972
              ],
              [
                12.394432058000064,
                -4.642995849999977
              ],
              [
                12.392312698000069,
                -4.643643689999976
              ],
              [
                12.390850432000036,
                -4.641987072999939
              ],
              [
                12.391683572000034,
                -4.637988924999945
              ],
              [
                12.388412991000052,
                -4.636961800999927
              ],
              [
                12.38795348900004,
                -4.633826367999973
              ],
              [
                12.390332092000051,
                -4.631258556999967
              ],
              [
                12.387833249000039,
                -4.624370624999926
              ],
              [
                12.38875772800003,
                -4.62048428199995
              ],
              [
                12.392380199000058,
                -4.617529306999927
              ],
              [
                12.392779949000044,
                -4.613881592999974
              ],
              [
                12.391064357000062,
                -4.610916784999972
              ],
              [
                12.392913200000066,
                -4.609267818999967
              ],
              [
                12.394612134000056,
                -4.608901380999953
              ],
              [
                12.396894037000038,
                -4.610950097999932
              ],
              [
                12.403675165000038,
                -4.608130260999928
              ],
              [
                12.410452730000031,
                -4.609096877999946
              ],
              [
                12.41446115900004,
                -4.606570056999942
              ],
              [
                12.41439434800003,
                -4.603294166999945
              ],
              [
                12.417167681000024,
                -4.603608996999981
              ],
              [
                12.422004822000076,
                -4.60780430799997
              ],
              [
                12.42597591200007,
                -4.607977237999933
              ],
              [
                12.430931975000021,
                -4.604948156999967
              ],
              [
                12.43549980900002,
                -4.599228678999964
              ],
              [
                12.43990791400006,
                -4.598303211999962
              ],
              [
                12.446272222000061,
                -4.602115775999948
              ],
              [
                12.451730497000028,
                -4.602876066999954
              ],
              [
                12.44928378000003,
                -4.596785765999925
              ],
              [
                12.452225787000032,
                -4.593357770999944
              ],
              [
                12.453818354000077,
                -4.587933453999938
              ],
              [
                12.457907720000037,
                -4.586606438999979
              ],
              [
                12.462150449000035,
                -4.582190541999978
              ],
              [
                12.468040726000027,
                -4.581355505999966
              ],
              [
                12.466258740000058,
                -4.57699874399998
              ],
              [
                12.467874911000024,
                -4.575445993999949
              ],
              [
                12.473324529000024,
                -4.575557165999953
              ],
              [
                12.475598916000024,
                -4.572088234999967
              ],
              [
                12.481864319000067,
                -4.572216092999952
              ],
              [
                12.483319123000058,
                -4.567732909999961
              ],
              [
                12.487110320000056,
                -4.565075948999947
              ],
              [
                12.503345075000027,
                -4.568844225999953
              ],
              [
                12.505193968000071,
                -4.570768613999974
              ],
              [
                12.502619843000048,
                -4.575765470999954
              ],
              [
                12.50403589900003,
                -4.57692775199996
              ],
              [
                12.51455164400005,
                -4.578897967999978
              ],
              [
                12.520194944000025,
                -4.583880609999937
              ],
              [
                12.53155184800005,
                -4.584159970999963
              ],
              [
                12.537300540000047,
                -4.58884792899994
              ],
              [
                12.542979524000032,
                -4.584504208999931
              ],
              [
                12.548973980000028,
                -4.587736612999947
              ],
              [
                12.55217844300006,
                -4.584401372999935
              ],
              [
                12.558260773000029,
                -4.582469862999972
              ],
              [
                12.559999987000026,
                -4.578781164999953
              ],
              [
                12.556580406000023,
                -4.574667199999965
              ],
              [
                12.562380529000052,
                -4.569934582999963
              ],
              [
                12.563626124000052,
                -4.563371099999927
              ],
              [
                12.637763084000028,
                -4.563374546999967
              ],
              [
                12.641917768000042,
                -4.56015051299994
              ],
              [
                12.643761446000042,
                -4.562288713999976
              ],
              [
                12.640335023000034,
                -4.557458407999945
              ],
              [
                12.64371385800007,
                -4.55936197799997
              ],
              [
                12.645760194000047,
                -4.554031984999938
              ],
              [
                12.645236712000042,
                -4.55212841599996
              ],
              [
                12.650185991000058,
                -4.553341939999939
              ],
              [
                12.647854120000034,
                -4.547060162999969
              ],
              [
                12.65156607800003,
                -4.543895479999946
              ],
              [
                12.648813206000057,
                -4.540787501999944
              ],
              [
                12.655592100000035,
                -4.544624713999951
              ],
              [
                12.660423846000072,
                -4.53844748399996
              ],
              [
                12.663487179000072,
                -4.539374504999955
              ],
              [
                12.663320615000032,
                -4.537399551999954
              ],
              [
                12.661105410000062,
                -4.536681204999979
              ],
              [
                12.655968082000072,
                -4.538779638999927
              ],
              [
                12.65363620900007,
                -4.532355094999957
              ],
              [
                12.656800893000025,
                -4.533592413999941
              ],
              [
                12.657705087000068,
                -4.532212326999968
              ],
              [
                12.661393252000039,
                -4.534306251999965
              ],
              [
                12.664772088000063,
                -4.529190410999945
              ],
              [
                12.668745786000045,
                -4.531998174999956
              ],
              [
                12.673433325000076,
                -4.529142821999926
              ],
              [
                12.674147164000033,
                -4.527548582999941
              ],
              [
                12.672100827000065,
                -4.526192290999973
              ],
              [
                12.67452787700006,
                -4.525097737999943
              ],
              [
                12.673552298000061,
                -4.522432741999978
              ],
              [
                12.675027564000061,
                -4.519862923999938
              ],
              [
                12.671458373000064,
                -4.511796550999975
              ],
              [
                12.674408904000074,
                -4.506395174999966
              ],
              [
                12.674765824000076,
                -4.507299369999942
              ],
              [
                12.678073275000031,
                -4.503801561999978
              ],
              [
                12.67678836600004,
                -4.50080344099996
              ],
              [
                12.68066688600004,
                -4.500494110999966
              ],
              [
                12.682903579000026,
                -4.497305633999929
              ],
              [
                12.686686923000025,
                -4.497995677999938
              ],
              [
                12.686282414000061,
                -4.494735815999945
              ],
              [
                12.690232319000074,
                -4.494830993999926
              ],
              [
                12.692706959000077,
                -4.492713273999925
              ],
              [
                12.693825305000075,
                -4.487621226999977
              ],
              [
                12.69556231200005,
                -4.487621226999977
              ],
              [
                12.696823426000037,
                -4.484361365999973
              ],
              [
                12.696158344000025,
                -4.481590872999959
              ],
              [
                12.699107710000021,
                -4.480887353999947
              ],
              [
                12.699654986000041,
                -4.477841642999977
              ],
              [
                12.704175961000033,
                -4.480863557999953
              ],
              [
                12.709862874000066,
                -4.477627490999964
              ],
              [
                12.718428932000052,
                -4.483671321999964
              ],
              [
                12.724211023000066,
                -4.483028868999952
              ],
              [
                12.73456090700006,
                -4.492058756999938
              ],
              [
                12.737229221000064,
                -4.490224358999967
              ],
              [
                12.737455270000055,
                -4.491354601999944
              ],
              [
                12.742171032000044,
                -4.491991733999953
              ],
              [
                12.765376863000029,
                -4.50718883299993
              ],
              [
                12.76764657900003,
                -4.505537944999958
              ],
              [
                12.766150873000072,
                -4.501486323999927
              ],
              [
                12.769335117000026,
                -4.496603815999947
              ],
              [
                12.771450736000077,
                -4.494228176999968
              ],
              [
                12.781325895000066,
                -4.492016332999981
              ],
              [
                12.782239899000047,
                -4.491270696999948
              ],
              [
                12.781325895000066,
                -4.488432468999974
              ],
              [
                12.767976597000029,
                -4.474505903999955
              ],
              [
                12.765090261000068,
                -4.467915438999967
              ],
              [
                12.743298434000053,
                -4.442395429999976
              ],
              [
                12.74005556800006,
                -4.435486201999936
              ],
              [
                12.734543220000035,
                -4.429767715999958
              ],
              [
                12.734735641000043,
                -4.426640852999981
              ],
              [
                12.721364390000076,
                -4.41060764499997
              ],
              [
                12.71973384200004,
                -4.407883152999943
              ],
              [
                12.723886465000021,
                -4.404720821999945
              ],
              [
                12.724031113000024,
                -4.40293001799995
              ],
              [
                12.72108791200003,
                -4.399604996999926
              ],
              [
                12.723954095000067,
                -4.397475602999975
              ],
              [
                12.725867031000064,
                -4.398529654999948
              ],
              [
                12.73072888200005,
                -4.404918665999958
              ],
              [
                12.731687321000038,
                -4.41051491099995
              ],
              [
                12.734069810000051,
                -4.412443712999959
              ],
              [
                12.74035394200007,
                -4.41379599399994
              ],
              [
                12.746001703000047,
                -4.417121014999964
              ],
              [
                12.750154002000045,
                -4.414973273999976
              ],
              [
                12.753304022000066,
                -4.415291456999967
              ],
              [
                12.754910849000055,
                -4.417375561999961
              ],
              [
                12.758331325000029,
                -4.417343743999936
              ],
              [
                12.76366684800007,
                -4.414218767999955
              ],
              [
                12.764497148000032,
                -4.41198290799997
              ],
              [
                12.762633636000032,
                -4.404820618999963
              ],
              [
                12.758091880000052,
                -4.399145175999934
              ],
              [
                12.75726985700004,
                -4.394934259999957
              ],
              [
                12.76224800700004,
                -4.390406687999928
              ],
              [
                12.766740694000077,
                -4.388063364999937
              ],
              [
                12.769886419000045,
                -4.388275440999962
              ],
              [
                12.790190807000045,
                -4.409439569999961
              ],
              [
                12.794997807000072,
                -4.411489457999949
              ],
              [
                12.805994870000063,
                -4.429234718999965
              ],
              [
                12.81624213300006,
                -4.437732448999952
              ],
              [
                12.83333299900005,
                -4.442669289999969
              ],
              [
                12.833333001000028,
                -4.41808799699993
              ],
              [
                12.837530537000077,
                -4.417488577999961
              ],
              [
                12.842213317000073,
                -4.414633225999978
              ]
            ]
          ],
          [
            [
              [
                13.138471603000028,
                -8.941250800999967
              ],
              [
                13.13458442800004,
                -8.941250800999967
              ],
              [
                13.132083893000072,
                -8.939304351999965
              ],
              [
                13.130140305000054,
                -8.935137748999978
              ],
              [
                13.131806374000064,
                -8.931805610999959
              ],
              [
                13.13263988600005,
                -8.933750152999949
              ],
              [
                13.135972023000022,
                -8.934027671999957
              ],
              [
                13.135137558000054,
                -8.94041728999997
              ],
              [
                13.140137673000027,
                -8.938194274999944
              ],
              [
                13.138471603000028,
                -8.941250800999967
              ]
            ]
          ],
          [
            [
              [
                13.125970841000026,
                -8.929027556999927
              ],
              [
                13.121251107000035,
                -8.934306144999937
              ],
              [
                13.122361183000066,
                -8.939584731999958
              ],
              [
                13.119860650000021,
                -8.941250800999967
              ],
              [
                13.115415573000064,
                -8.94041728999997
              ],
              [
                13.117081642000073,
                -8.942639350999968
              ],
              [
                13.121526718000041,
                -8.941527366999935
              ],
              [
                13.121526718000041,
                -8.943195342999957
              ],
              [
                13.120139122000069,
                -8.944861411999966
              ],
              [
                13.115415573000064,
                -8.944028853999953
              ],
              [
                13.107915879000075,
                -8.947360991999972
              ],
              [
                13.104583740000066,
                -8.947083472999964
              ],
              [
                13.100138665000031,
                -8.940694808999979
              ],
              [
                13.102640152000049,
                -8.935137748999978
              ],
              [
                13.108750343000054,
                -8.930972098999973
              ],
              [
                13.110137940000072,
                -8.92597103099996
              ],
              [
                13.117081642000073,
                -8.921805381999945
              ],
              [
                13.120972633000065,
                -8.915972709999949
              ],
              [
                13.122638702000074,
                -8.907916068999953
              ],
              [
                13.124304772000073,
                -8.905415534999975
              ],
              [
                13.126249314000063,
                -8.905415534999975
              ],
              [
                13.129027367000049,
                -8.907360076999964
              ],
              [
                13.127638818000037,
                -8.917638778999958
              ],
              [
                13.129027367000049,
                -8.917917251999938
              ],
              [
                13.129304886000057,
                -8.919860839999956
              ],
              [
                13.127361299000029,
                -8.920970916999977
              ],
              [
                13.125970841000026,
                -8.929027556999927
              ]
            ]
          ],
          [
            [
              [
                13.149026871000046,
                -8.903750419999938
              ],
              [
                13.147639275000074,
                -8.90319442699996
              ],
              [
                13.149026871000046,
                -8.902084350999928
              ],
              [
                13.155138970000053,
                -8.905415534999975
              ],
              [
                13.150694848000057,
                -8.90625
              ],
              [
                13.147639275000074,
                -8.90847206099994
              ],
              [
                13.147360803000026,
                -8.905971526999963
              ],
              [
                13.14875126000004,
                -8.905971526999963
              ],
              [
                13.149026871000046,
                -8.903750419999938
              ]
            ]
          ],
          [
            [
              [
                13.162918091000051,
                -8.867638587999977
              ],
              [
                13.165971756000033,
                -8.867082595999932
              ],
              [
                13.165694237000025,
                -8.869027137999979
              ],
              [
                13.162918091000051,
                -8.867638587999977
              ]
            ]
          ],
          [
            [
              [
                13.204029083000023,
                -8.827083587999937
              ],
              [
                13.207915306000075,
                -8.826250075999951
              ],
              [
                13.21291637400003,
                -8.828193664999958
              ],
              [
                13.206805229000054,
                -8.82763767199998
              ],
              [
                13.204304696000065,
                -8.829028129999926
              ],
              [
                13.205695153000022,
                -8.831220626999936
              ],
              [
                13.202361108000048,
                -8.832638740999926
              ],
              [
                13.204029083000023,
                -8.827083587999937
              ]
            ]
          ],
          [
            [
              [
                13.212639809000052,
                -8.821249961999968
              ],
              [
                13.211806298000056,
                -8.819583892999958
              ],
              [
                13.21319580200003,
                -8.81764030499994
              ],
              [
                13.213749887000063,
                -8.820416450999971
              ],
              [
                13.212639809000052,
                -8.821249961999968
              ]
            ]
          ],
          [
            [
              [
                13.245971681000071,
                -8.779582976999961
              ],
              [
                13.244584084000053,
                -8.782361030999937
              ],
              [
                13.24152755800003,
                -8.78180694599996
              ],
              [
                13.236804962000065,
                -8.783748626999966
              ],
              [
                13.232916832000058,
                -8.78902721399993
              ],
              [
                13.226250648000075,
                -8.792362212999933
              ],
              [
                13.229861259000074,
                -8.785972594999976
              ],
              [
                13.241806030000077,
                -8.779028892999975
              ],
              [
                13.262918472000024,
                -8.760139464999952
              ],
              [
                13.263749124000071,
                -8.761527060999981
              ],
              [
                13.26263904700005,
                -8.762916564999955
              ],
              [
                13.249306679000028,
                -8.77652835799995
              ],
              [
                13.24958229200007,
                -8.779028892999975
              ],
              [
                13.245971681000071,
                -8.779582976999961
              ]
            ]
          ],
          [
            [
              [
                13.126805305000062,
                -7.839860915999964
              ],
              [
                13.123748779000039,
                -7.839304923999975
              ],
              [
                13.123748779000039,
                -7.837359904999971
              ],
              [
                13.127082825000059,
                -7.837359904999971
              ],
              [
                13.126805305000062,
                -7.839860915999964
              ]
            ]
          ],
          [
            [
              [
                13.137084008000045,
                -7.831528186999947
              ],
              [
                13.137638093000021,
                -7.829862117999937
              ],
              [
                13.139836312000057,
                -7.829306125999949
              ],
              [
                13.139304161000041,
                -7.830972194999958
              ],
              [
                13.137084008000045,
                -7.831528186999947
              ]
            ]
          ],
          [
            [
              [
                13.117081642000073,
                -7.827362060999974
              ],
              [
                13.114863397000022,
                -7.82513999899993
              ],
              [
                13.115973473000054,
                -7.821805
              ],
              [
                13.11791706200006,
                -7.825972079999929
              ],
              [
                13.117081642000073,
                -7.827362060999974
              ]
            ]
          ],
          [
            [
              [
                13.124029160000077,
                -7.812917232999951
              ],
              [
                13.126249314000063,
                -7.813751220999961
              ],
              [
                13.125970841000026,
                -7.815694808999979
              ],
              [
                13.122082711000076,
                -7.815972804999944
              ],
              [
                13.122361183000066,
                -7.813473224999939
              ],
              [
                13.124029160000077,
                -7.812917232999951
              ]
            ]
          ]
        ]
      }
    }
  ]
}